profile,kind_name,samples,total_ticks,fraction
Richards.Richards.v8.1,BytecodeHandler:GetNamedProperty,365,1020,0.35784313725490197
Richards.Richards.v8.1,Builtin:InterpreterEntryTrampoline,195,1020,0.19117647058823528
Richards.Richards.v8.1,Builtin:StoreIC,76,1020,0.07450980392156863
Richards.Richards.v8.1,BytecodeHandler:TestUndetectable,51,1020,0.05
Richards.Richards.v8.1,BytecodeHandler:SetNamedProperty,49,1020,0.04803921568627451
Richards.Richards.v8.1,BytecodeHandler:TestEqual,41,1020,0.04019607843137255
Richards.Richards.v8.1,Builtin:CallFunction_ReceiverIsNotNullOrUndefined,36,1020,0.03529411764705882
Richards.Richards.v8.1,BytecodeHandler:BitwiseAnd,28,1020,0.027450980392156862
Richards.Richards.v8.1,Builtin:Call_ReceiverIsNotNullOrUndefined,27,1020,0.026470588235294117
Richards.Richards.v8.1,BytecodeHandler:LdaGlobal,19,1020,0.018627450980392157
Richards.Richards.v8.1,BytecodeHandler:CallProperty0,15,1020,0.014705882352941176
Richards.Richards.v8.1,BytecodeHandler:JumpLoop,14,1020,0.013725490196078431
Richards.Richards.v8.1,BytecodeHandler:JumpIfFalse,11,1020,0.010784313725490196
Richards.Richards.v8.1,BytecodeHandler:BitwiseOr,10,1020,0.00980392156862745
Richards.Richards.v8.1,Builtin:KeyedLoadIC,10,1020,0.00980392156862745
Richards.Richards.v8.1,BytecodeHandler:CallProperty1,8,1020,0.00784313725490196
Richards.Richards.v8.1,BytecodeHandler:GetKeyedProperty,8,1020,0.00784313725490196
Richards.Richards.v8.1,BytecodeHandler:Inc,5,1020,0.004901960784313725
Richards.Richards.v8.1,BytecodeHandler:Jump,5,1020,0.004901960784313725
Richards.Richards.v8.1,BytecodeHandler:LdaNull,5,1020,0.004901960784313725
Richards.Richards.v8.1,UNKNOWN_NATIVE_OR_UNMAPPED,4,1020,0.00392156862745098
Richards.Richards.v8.1,BytecodeHandler:Return,4,1020,0.00392156862745098
Richards.Richards.v8.1,BytecodeHandler:TestLessThan,4,1020,0.00392156862745098
Richards.Richards.v8.1,BytecodeHandler:LogicalNot,3,1020,0.0029411764705882353
Richards.Richards.v8.1,BytecodeHandler:Ldar,3,1020,0.0029411764705882353
Richards.Richards.v8.2,BytecodeHandler:GetNamedProperty,359,1017,0.3529990167158309
Richards.Richards.v8.2,Builtin:InterpreterEntryTrampoline,205,1017,0.2015732546705998
Richards.Richards.v8.2,BytecodeHandler:TestEqual,52,1017,0.051130776794493606
Richards.Richards.v8.2,Builtin:StoreIC,52,1017,0.051130776794493606
Richards.Richards.v8.2,BytecodeHandler:JumpLoop,47,1017,0.046214355948869225
Richards.Richards.v8.2,BytecodeHandler:SetNamedProperty,42,1017,0.04129793510324484
Richards.Richards.v8.2,BytecodeHandler:TestUndetectable,38,1017,0.03736479842674533
Richards.Richards.v8.2,Builtin:Call_ReceiverIsNotNullOrUndefined,31,1017,0.03048180924287119
Richards.Richards.v8.2,BytecodeHandler:BitwiseAnd,29,1017,0.028515240904621434
Richards.Richards.v8.2,Builtin:CallFunction_ReceiverIsNotNullOrUndefined,21,1017,0.02064896755162242
Richards.Richards.v8.2,BytecodeHandler:CallProperty0,20,1017,0.01966568338249754
Richards.Richards.v8.2,BytecodeHandler:LdaGlobal,17,1017,0.01671583087512291
Richards.Richards.v8.2,BytecodeHandler:JumpIfFalse,17,1017,0.01671583087512291
Richards.Richards.v8.2,BytecodeHandler:GetKeyedProperty,11,1017,0.010816125860373648
Richards.Richards.v8.2,BytecodeHandler:TestGreaterThan,10,1017,0.00983284169124877
Richards.Richards.v8.2,BytecodeHandler:CallProperty1,8,1017,0.007866273352999017
Richards.Richards.v8.2,BytecodeHandler:BitwiseOr,7,1017,0.00688298918387414
Richards.Richards.v8.2,BytecodeHandler:Ldar,6,1017,0.0058997050147492625
Richards.Richards.v8.2,Builtin:KeyedLoadIC,5,1017,0.004916420845624385
Richards.Richards.v8.2,BytecodeHandler:JumpIfTrue,5,1017,0.004916420845624385
Richards.Richards.v8.2,BytecodeHandler:TestLessThan,5,1017,0.004916420845624385
Richards.Richards.v8.2,UNKNOWN_NATIVE_OR_UNMAPPED,4,1017,0.003933136676499509
Richards.Richards.v8.2,BytecodeHandler:Jump,4,1017,0.003933136676499509
Richards.Richards.v8.2,BytecodeHandler:Star0,3,1017,0.0029498525073746312
Richards.Richards.v8.2,BytecodeHandler:BitwiseAndSmi,3,1017,0.0029498525073746312
Richards.Richards.v8.3,BytecodeHandler:GetNamedProperty,369,1042,0.354126679462572
Richards.Richards.v8.3,Builtin:InterpreterEntryTrampoline,190,1042,0.18234165067178504
Richards.Richards.v8.3,BytecodeHandler:TestEqual,70,1042,0.0671785028790787
Richards.Richards.v8.3,Builtin:StoreIC,67,1042,0.06429942418426103
Richards.Richards.v8.3,BytecodeHandler:SetNamedProperty,50,1042,0.04798464491362764
Richards.Richards.v8.3,BytecodeHandler:TestUndetectable,44,1042,0.04222648752399232
Richards.Richards.v8.3,Builtin:Call_ReceiverIsNotNullOrUndefined,34,1042,0.03262955854126679
Richards.Richards.v8.3,BytecodeHandler:LdaGlobal,29,1042,0.02783109404990403
Richards.Richards.v8.3,BytecodeHandler:JumpLoop,25,1042,0.02399232245681382
Richards.Richards.v8.3,BytecodeHandler:CallProperty0,22,1042,0.02111324376199616
Richards.Richards.v8.3,BytecodeHandler:BitwiseAnd,16,1042,0.015355086372360844
Richards.Richards.v8.3,BytecodeHandler:CallProperty1,15,1042,0.014395393474088292
Richards.Richards.v8.3,Builtin:CallFunction_ReceiverIsNotNullOrUndefined,15,1042,0.014395393474088292
Richards.Richards.v8.3,BytecodeHandler:BitwiseOr,13,1042,0.012476007677543186
Richards.Richards.v8.3,Builtin:KeyedLoadIC,11,1042,0.01055662188099808
Richards.Richards.v8.3,BytecodeHandler:JumpIfFalse,10,1042,0.009596928982725527
Richards.Richards.v8.3,UNKNOWN_NATIVE_OR_UNMAPPED,6,1042,0.005758157389635317
Richards.Richards.v8.3,BytecodeHandler:Return,5,1042,0.0047984644913627635
Richards.Richards.v8.3,BytecodeHandler:LdaNull,5,1042,0.0047984644913627635
Richards.Richards.v8.3,BytecodeHandler:TestGreaterThan,5,1042,0.0047984644913627635
Richards.Richards.v8.3,BytecodeHandler:JumpIfToBooleanFalse,5,1042,0.0047984644913627635
Richards.Richards.v8.3,BytecodeHandler:Jump,4,1042,0.003838771593090211
Richards.Richards.v8.3,BytecodeHandler:GetKeyedProperty,4,1042,0.003838771593090211
Richards.Richards.v8.3,BytecodeHandler:TestLessThan,3,1042,0.0028790786948176585
Richards.Richards.v8.3,BytecodeHandler:JumpIfTrue,3,1042,0.0028790786948176585
