exit_code,stdout,stderr,command,cwd,timestamp_utc,outer_start_ns,outer_stop_ns,boot_id,outer_wall_ns,stage,case,variant,engine,N,rep,order,permutation,schedule_index,mode,cohort,flags,binary_sha256,script_sha256,adapters,design_sha256,checksum,expected_checksum,payload,elapsed_ms,elapsed_per_call_ms,errors,valid
0,"WB_RESULT:{""mode"":""MAIN_MONOTONIC_V1_DERIVED"",""variant"":""navier_array"",""N"":1,""checksum"":1718553846,""correctness"":""PASS"",""warmup_calls"":0,""start_ms"":0,""stop_ms"":4.36,""elapsed_ms"":4.36}
",,"[""/home/mzyx/jsc_build_fd3406f/JSCOnly/Release/bin/jsc"",""--useJIT=false"",""--useLLInt=true"",""--validateOptions=true"",""/mnt/c/Users/mzyx/Desktop/0921/js-interpreter-bench/experiments/three_engine_baseline/adapters/jsc.js"",""/mnt/c/Users/mzyx/Desktop/0921/js-interpreter-bench/experiments/timer_recovery/adapters/jsc.js"",""/mnt/c/Users/mzyx/Desktop/0921/js-interpreter-bench/experiments/whitebox_analysis/attempt01/microbench/generated/navier_array.N1.js""]",/mnt/c/Users/mzyx/Desktop/0921/js-interpreter-bench,2026-10-05T09:00:38.378025+00:00,277496057356,277527446122,f6560751-86c2-43ce-9404-f3eca71582fd,31388766,correctness,navier,navier_array,jsc,1,0,0,[],0,MAIN_MONOTONIC_V1_DERIVED,wsl2-ubuntu2404-x64-20261004,"[""--useJIT=false"",""--useLLInt=true"",""--validateOptions=true""]",65c824a055405bf62b05e21d54515a72a1f0187a4d91225d00a6da969d35879f,5fa702d81a3ab7047b94f7bc1a9a8bdf520d9deaf6e9ffb7b1b476870617cbc1,"[{""path"":""/mnt/c/Users/mzyx/Desktop/0921/js-interpreter-bench/experiments/three_engine_baseline/adapters/jsc.js"",""sha256"":""f9ddbb9556352e283b9c9feebc8bdd0ef1abac5bcdf1ab7a5d83945fa3c9437b""},{""path"":""/mnt/c/Users/mzyx/Desktop/0921/js-interpreter-bench/experiments/timer_recovery/adapters/jsc.js"",""sha256"":""0c485996a598b7e36f2f292b66397adc0390cbe6b69b55199e47e1c6c1e37010""}]",7354c1868ce2f8a6cc0d43c8be772c69eece3966b70d20df8f98270cddf07e2b,1718553846,1718553846,"{""mode"":""MAIN_MONOTONIC_V1_DERIVED"",""variant"":""navier_array"",""N"":1,""checksum"":1718553846,""correctness"":""PASS"",""warmup_calls"":0,""start_ms"":0,""stop_ms"":4.36,""elapsed_ms"":4.36}",4.36,4.36,[],True
0,"WB_RESULT:{""mode"":""MAIN_MONOTONIC_V1_DERIVED"",""variant"":""navier_array"",""N"":1,""checksum"":1718553846,""correctness"":""PASS"",""warmup_calls"":0,""start_ms"":277158.880486,""stop_ms"":277164.190771,""elapsed_ms"":5.310285000014119}
",,"[""/home/mzyx/three_engine_20261004/quickjs-04be246001599f5995fa2f2d8c91a0f198d3f34c/qjs"",""-I"",""/mnt/c/Users/mzyx/Desktop/0921/js-interpreter-bench/experiments/three_engine_baseline/adapters/quickjs.js"",""-I"",""/mnt/c/Users/mzyx/Desktop/0921/js-interpreter-bench/experiments/timer_recovery/adapters/quickjs.js"",""/mnt/c/Users/mzyx/Desktop/0921/js-interpreter-bench/experiments/whitebox_analysis/attempt01/microbench/generated/navier_array.N1.js""]",/mnt/c/Users/mzyx/Desktop/0921/js-interpreter-bench,2026-10-05T09:00:38.015698+00:00,277146249996,277165121618,f6560751-86c2-43ce-9404-f3eca71582fd,18871622,correctness,navier,navier_array,quickjs,1,0,0,[],0,MAIN_MONOTONIC_V1_DERIVED,wsl2-ubuntu2404-x64-20261004,[],140d5233b0337d91cb0f994ae4a051e49aa04da8802acfaedf0a01b81a620b79,5fa702d81a3ab7047b94f7bc1a9a8bdf520d9deaf6e9ffb7b1b476870617cbc1,"[{""path"":""/mnt/c/Users/mzyx/Desktop/0921/js-interpreter-bench/experiments/three_engine_baseline/adapters/quickjs.js"",""sha256"":""f20aa7b460675d08600a58945203034feb50b2a3515aba579219f648b1235c6c""},{""path"":""/mnt/c/Users/mzyx/Desktop/0921/js-interpreter-bench/experiments/timer_recovery/adapters/quickjs.js"",""sha256"":""cd393c275173f20526562a008951f65a332deffed85e7c804519788b8ebffab7""}]",7354c1868ce2f8a6cc0d43c8be772c69eece3966b70d20df8f98270cddf07e2b,1718553846,1718553846,"{""mode"":""MAIN_MONOTONIC_V1_DERIVED"",""variant"":""navier_array"",""N"":1,""checksum"":1718553846,""correctness"":""PASS"",""warmup_calls"":0,""start_ms"":277158.880486,""stop_ms"":277164.190771,""elapsed_ms"":5.310285000014119}",5.310285000014119,5.310285000014119,[],True
0,"WB_RESULT:{""mode"":""MAIN_MONOTONIC_V1_DERIVED"",""variant"":""navier_array"",""N"":1,""checksum"":1718553846,""correctness"":""PASS"",""warmup_calls"":0,""start_ms"":31.058,""stop_ms"":44.644,""elapsed_ms"":13.585999999999999}
",,"[""/home/mzyx/three_engine_20261004/v8-linux64-rel-15.6.21/d8"",""--snapshot_blob=/home/mzyx/three_engine_20261004/v8-linux64-rel-15.6.21/snapshot_blob.bin"",""--max-opt=0"",""--no-lazy"",""/mnt/c/Users/mzyx/Desktop/0921/js-interpreter-bench/experiments/three_engine_baseline/adapters/v8.js"",""/mnt/c/Users/mzyx/Desktop/0921/js-interpreter-bench/experiments/timer_recovery/adapters/v8.js"",""/mnt/c/Users/mzyx/Desktop/0921/js-interpreter-bench/experiments/whitebox_analysis/attempt01/microbench/generated/navier_array.N1.js""]",/mnt/c/Users/mzyx/Desktop/0921/js-interpreter-bench,2026-10-05T09:00:38.211711+00:00,277307342275,277361135567,f6560751-86c2-43ce-9404-f3eca71582fd,53793292,correctness,navier,navier_array,v8,1,0,0,[],0,MAIN_MONOTONIC_V1_DERIVED,wsl2-ubuntu2404-x64-20261004,"[""--max-opt=0"",""--no-lazy""]",83b744a5953d2662ea723564d4035a333782a0cc85232d1025929a925150b133,5fa702d81a3ab7047b94f7bc1a9a8bdf520d9deaf6e9ffb7b1b476870617cbc1,"[{""path"":""/mnt/c/Users/mzyx/Desktop/0921/js-interpreter-bench/experiments/three_engine_baseline/adapters/v8.js"",""sha256"":""0ab3ed677381191d7e7839cbbc3f07895104a8b8299679ab9f37b856d76d3a22""},{""path"":""/mnt/c/Users/mzyx/Desktop/0921/js-interpreter-bench/experiments/timer_recovery/adapters/v8.js"",""sha256"":""e610d3aa3d2672a5e6d5eccd9aaf05c6ae6758d1b9c4468289f017a231ab7d9f""}]",7354c1868ce2f8a6cc0d43c8be772c69eece3966b70d20df8f98270cddf07e2b,1718553846,1718553846,"{""mode"":""MAIN_MONOTONIC_V1_DERIVED"",""variant"":""navier_array"",""N"":1,""checksum"":1718553846,""correctness"":""PASS"",""warmup_calls"":0,""start_ms"":31.058,""stop_ms"":44.644,""elapsed_ms"":13.585999999999999}",13.585999999999999,13.585999999999999,[],True
0,"WB_RESULT:{""mode"":""MAIN_MONOTONIC_V1_DERIVED"",""variant"":""navier_array"",""N"":2,""checksum"":1068849983,""correctness"":""PASS"",""warmup_calls"":0,""start_ms"":0,""stop_ms"":8.62,""elapsed_ms"":8.62}
",,"[""/home/mzyx/jsc_build_fd3406f/JSCOnly/Release/bin/jsc"",""--useJIT=false"",""--useLLInt=true"",""--validateOptions=true"",""/mnt/c/Users/mzyx/Desktop/0921/js-interpreter-bench/experiments/three_engine_baseline/adapters/jsc.js"",""/mnt/c/Users/mzyx/Desktop/0921/js-interpreter-bench/experiments/timer_recovery/adapters/jsc.js"",""/mnt/c/Users/mzyx/Desktop/0921/js-interpreter-bench/experiments/whitebox_analysis/attempt01/microbench/generated/navier_array.N2.js""]",/mnt/c/Users/mzyx/Desktop/0921/js-interpreter-bench,2026-10-05T09:00:38.875733+00:00,277991605648,278025163379,f6560751-86c2-43ce-9404-f3eca71582fd,33557731,correctness,navier,navier_array,jsc,2,0,0,[],0,MAIN_MONOTONIC_V1_DERIVED,wsl2-ubuntu2404-x64-20261004,"[""--useJIT=false"",""--useLLInt=true"",""--validateOptions=true""]",65c824a055405bf62b05e21d54515a72a1f0187a4d91225d00a6da969d35879f,1d6230bfc8a71108914862577e40503c1d0e5aad4b3b3eb1b6d746cc25285315,"[{""path"":""/mnt/c/Users/mzyx/Desktop/0921/js-interpreter-bench/experiments/three_engine_baseline/adapters/jsc.js"",""sha256"":""f9ddbb9556352e283b9c9feebc8bdd0ef1abac5bcdf1ab7a5d83945fa3c9437b""},{""path"":""/mnt/c/Users/mzyx/Desktop/0921/js-interpreter-bench/experiments/timer_recovery/adapters/jsc.js"",""sha256"":""0c485996a598b7e36f2f292b66397adc0390cbe6b69b55199e47e1c6c1e37010""}]",7354c1868ce2f8a6cc0d43c8be772c69eece3966b70d20df8f98270cddf07e2b,1068849983,1068849983,"{""mode"":""MAIN_MONOTONIC_V1_DERIVED"",""variant"":""navier_array"",""N"":2,""checksum"":1068849983,""correctness"":""PASS"",""warmup_calls"":0,""start_ms"":0,""stop_ms"":8.62,""elapsed_ms"":8.62}",8.62,4.31,[],True
0,"WB_RESULT:{""mode"":""MAIN_MONOTONIC_V1_DERIVED"",""variant"":""navier_array"",""N"":2,""checksum"":1068849983,""correctness"":""PASS"",""warmup_calls"":0,""start_ms"":277678.62591,""stop_ms"":277688.300658,""elapsed_ms"":9.674747999990359}
",,"[""/home/mzyx/three_engine_20261004/quickjs-04be246001599f5995fa2f2d8c91a0f198d3f34c/qjs"",""-I"",""/mnt/c/Users/mzyx/Desktop/0921/js-interpreter-bench/experiments/three_engine_baseline/adapters/quickjs.js"",""-I"",""/mnt/c/Users/mzyx/Desktop/0921/js-interpreter-bench/experiments/timer_recovery/adapters/quickjs.js"",""/mnt/c/Users/mzyx/Desktop/0921/js-interpreter-bench/experiments/whitebox_analysis/attempt01/microbench/generated/navier_array.N2.js""]",/mnt/c/Users/mzyx/Desktop/0921/js-interpreter-bench,2026-10-05T09:00:38.539653+00:00,277667520132,277689088384,f6560751-86c2-43ce-9404-f3eca71582fd,21568252,correctness,navier,navier_array,quickjs,2,0,0,[],0,MAIN_MONOTONIC_V1_DERIVED,wsl2-ubuntu2404-x64-20261004,[],140d5233b0337d91cb0f994ae4a051e49aa04da8802acfaedf0a01b81a620b79,1d6230bfc8a71108914862577e40503c1d0e5aad4b3b3eb1b6d746cc25285315,"[{""path"":""/mnt/c/Users/mzyx/Desktop/0921/js-interpreter-bench/experiments/three_engine_baseline/adapters/quickjs.js"",""sha256"":""f20aa7b460675d08600a58945203034feb50b2a3515aba579219f648b1235c6c""},{""path"":""/mnt/c/Users/mzyx/Desktop/0921/js-interpreter-bench/experiments/timer_recovery/adapters/quickjs.js"",""sha256"":""cd393c275173f20526562a008951f65a332deffed85e7c804519788b8ebffab7""}]",7354c1868ce2f8a6cc0d43c8be772c69eece3966b70d20df8f98270cddf07e2b,1068849983,1068849983,"{""mode"":""MAIN_MONOTONIC_V1_DERIVED"",""variant"":""navier_array"",""N"":2,""checksum"":1068849983,""correctness"":""PASS"",""warmup_calls"":0,""start_ms"":277678.62591,""stop_ms"":277688.300658,""elapsed_ms"":9.674747999990359}",9.674747999990359,4.8373739999951795,[],True
0,"WB_RESULT:{""mode"":""MAIN_MONOTONIC_V1_DERIVED"",""variant"":""navier_array"",""N"":2,""checksum"":1068849983,""correctness"":""PASS"",""warmup_calls"":0,""start_ms"":25.306,""stop_ms"":39.402,""elapsed_ms"":14.096}
",,"[""/home/mzyx/three_engine_20261004/v8-linux64-rel-15.6.21/d8"",""--snapshot_blob=/home/mzyx/three_engine_20261004/v8-linux64-rel-15.6.21/snapshot_blob.bin"",""--max-opt=0"",""--no-lazy"",""/mnt/c/Users/mzyx/Desktop/0921/js-interpreter-bench/experiments/three_engine_baseline/adapters/v8.js"",""/mnt/c/Users/mzyx/Desktop/0921/js-interpreter-bench/experiments/timer_recovery/adapters/v8.js"",""/mnt/c/Users/mzyx/Desktop/0921/js-interpreter-bench/experiments/whitebox_analysis/attempt01/microbench/generated/navier_array.N2.js""]",/mnt/c/Users/mzyx/Desktop/0921/js-interpreter-bench,2026-10-05T09:00:38.716892+00:00,277818267234,277866313572,f6560751-86c2-43ce-9404-f3eca71582fd,48046338,correctness,navier,navier_array,v8,2,0,0,[],0,MAIN_MONOTONIC_V1_DERIVED,wsl2-ubuntu2404-x64-20261004,"[""--max-opt=0"",""--no-lazy""]",83b744a5953d2662ea723564d4035a333782a0cc85232d1025929a925150b133,1d6230bfc8a71108914862577e40503c1d0e5aad4b3b3eb1b6d746cc25285315,"[{""path"":""/mnt/c/Users/mzyx/Desktop/0921/js-interpreter-bench/experiments/three_engine_baseline/adapters/v8.js"",""sha256"":""0ab3ed677381191d7e7839cbbc3f07895104a8b8299679ab9f37b856d76d3a22""},{""path"":""/mnt/c/Users/mzyx/Desktop/0921/js-interpreter-bench/experiments/timer_recovery/adapters/v8.js"",""sha256"":""e610d3aa3d2672a5e6d5eccd9aaf05c6ae6758d1b9c4468289f017a231ab7d9f""}]",7354c1868ce2f8a6cc0d43c8be772c69eece3966b70d20df8f98270cddf07e2b,1068849983,1068849983,"{""mode"":""MAIN_MONOTONIC_V1_DERIVED"",""variant"":""navier_array"",""N"":2,""checksum"":1068849983,""correctness"":""PASS"",""warmup_calls"":0,""start_ms"":25.306,""stop_ms"":39.402,""elapsed_ms"":14.096}",14.096,7.048,[],True
0,"WB_RESULT:{""mode"":""MAIN_MONOTONIC_V1_DERIVED"",""variant"":""navier_f64"",""N"":1,""checksum"":1718553846,""correctness"":""PASS"",""warmup_calls"":0,""start_ms"":0,""stop_ms"":5.74,""elapsed_ms"":5.74}
",,"[""/home/mzyx/jsc_build_fd3406f/JSCOnly/Release/bin/jsc"",""--useJIT=false"",""--useLLInt=true"",""--validateOptions=true"",""/mnt/c/Users/mzyx/Desktop/0921/js-interpreter-bench/experiments/three_engine_baseline/adapters/jsc.js"",""/mnt/c/Users/mzyx/Desktop/0921/js-interpreter-bench/experiments/timer_recovery/adapters/jsc.js"",""/mnt/c/Users/mzyx/Desktop/0921/js-interpreter-bench/experiments/whitebox_analysis/attempt01/microbench/generated/navier_f64.N1.js""]",/mnt/c/Users/mzyx/Desktop/0921/js-interpreter-bench,2026-10-05T09:00:39.358872+00:00,278475984738,278508295195,f6560751-86c2-43ce-9404-f3eca71582fd,32310457,correctness,navier,navier_f64,jsc,1,0,0,[],0,MAIN_MONOTONIC_V1_DERIVED,wsl2-ubuntu2404-x64-20261004,"[""--useJIT=false"",""--useLLInt=true"",""--validateOptions=true""]",65c824a055405bf62b05e21d54515a72a1f0187a4d91225d00a6da969d35879f,a28f91a115156af9eb37c7f5b67d96df551564ff735dc6add746c9a391465b6e,"[{""path"":""/mnt/c/Users/mzyx/Desktop/0921/js-interpreter-bench/experiments/three_engine_baseline/adapters/jsc.js"",""sha256"":""f9ddbb9556352e283b9c9feebc8bdd0ef1abac5bcdf1ab7a5d83945fa3c9437b""},{""path"":""/mnt/c/Users/mzyx/Desktop/0921/js-interpreter-bench/experiments/timer_recovery/adapters/jsc.js"",""sha256"":""0c485996a598b7e36f2f292b66397adc0390cbe6b69b55199e47e1c6c1e37010""}]",7354c1868ce2f8a6cc0d43c8be772c69eece3966b70d20df8f98270cddf07e2b,1718553846,1718553846,"{""mode"":""MAIN_MONOTONIC_V1_DERIVED"",""variant"":""navier_f64"",""N"":1,""checksum"":1718553846,""correctness"":""PASS"",""warmup_calls"":0,""start_ms"":0,""stop_ms"":5.74,""elapsed_ms"":5.74}",5.74,5.74,[],True
0,"WB_RESULT:{""mode"":""MAIN_MONOTONIC_V1_DERIVED"",""variant"":""navier_f64"",""N"":1,""checksum"":1718553846,""correctness"":""PASS"",""warmup_calls"":0,""start_ms"":278170.257325,""stop_ms"":278175.824942,""elapsed_ms"":5.56761699996423}
",,"[""/home/mzyx/three_engine_20261004/quickjs-04be246001599f5995fa2f2d8c91a0f198d3f34c/qjs"",""-I"",""/mnt/c/Users/mzyx/Desktop/0921/js-interpreter-bench/experiments/three_engine_baseline/adapters/quickjs.js"",""-I"",""/mnt/c/Users/mzyx/Desktop/0921/js-interpreter-bench/experiments/timer_recovery/adapters/quickjs.js"",""/mnt/c/Users/mzyx/Desktop/0921/js-interpreter-bench/experiments/whitebox_analysis/attempt01/microbench/generated/navier_f64.N1.js""]",/mnt/c/Users/mzyx/Desktop/0921/js-interpreter-bench,2026-10-05T09:00:39.027207+00:00,278158869844,278176628859,f6560751-86c2-43ce-9404-f3eca71582fd,17759015,correctness,navier,navier_f64,quickjs,1,0,0,[],0,MAIN_MONOTONIC_V1_DERIVED,wsl2-ubuntu2404-x64-20261004,[],140d5233b0337d91cb0f994ae4a051e49aa04da8802acfaedf0a01b81a620b79,a28f91a115156af9eb37c7f5b67d96df551564ff735dc6add746c9a391465b6e,"[{""path"":""/mnt/c/Users/mzyx/Desktop/0921/js-interpreter-bench/experiments/three_engine_baseline/adapters/quickjs.js"",""sha256"":""f20aa7b460675d08600a58945203034feb50b2a3515aba579219f648b1235c6c""},{""path"":""/mnt/c/Users/mzyx/Desktop/0921/js-interpreter-bench/experiments/timer_recovery/adapters/quickjs.js"",""sha256"":""cd393c275173f20526562a008951f65a332deffed85e7c804519788b8ebffab7""}]",7354c1868ce2f8a6cc0d43c8be772c69eece3966b70d20df8f98270cddf07e2b,1718553846,1718553846,"{""mode"":""MAIN_MONOTONIC_V1_DERIVED"",""variant"":""navier_f64"",""N"":1,""checksum"":1718553846,""correctness"":""PASS"",""warmup_calls"":0,""start_ms"":278170.257325,""stop_ms"":278175.824942,""elapsed_ms"":5.56761699996423}",5.56761699996423,5.56761699996423,[],True
0,"WB_RESULT:{""mode"":""MAIN_MONOTONIC_V1_DERIVED"",""variant"":""navier_f64"",""N"":1,""checksum"":1718553846,""correctness"":""PASS"",""warmup_calls"":0,""start_ms"":25.166,""stop_ms"":33.188,""elapsed_ms"":8.022000000000002}
",,"[""/home/mzyx/three_engine_20261004/v8-linux64-rel-15.6.21/d8"",""--snapshot_blob=/home/mzyx/three_engine_20261004/v8-linux64-rel-15.6.21/snapshot_blob.bin"",""--max-opt=0"",""--no-lazy"",""/mnt/c/Users/mzyx/Desktop/0921/js-interpreter-bench/experiments/three_engine_baseline/adapters/v8.js"",""/mnt/c/Users/mzyx/Desktop/0921/js-interpreter-bench/experiments/timer_recovery/adapters/v8.js"",""/mnt/c/Users/mzyx/Desktop/0921/js-interpreter-bench/experiments/whitebox_analysis/attempt01/microbench/generated/navier_f64.N1.js""]",/mnt/c/Users/mzyx/Desktop/0921/js-interpreter-bench,2026-10-05T09:00:39.195166+00:00,278303719025,278344586954,f6560751-86c2-43ce-9404-f3eca71582fd,40867929,correctness,navier,navier_f64,v8,1,0,0,[],0,MAIN_MONOTONIC_V1_DERIVED,wsl2-ubuntu2404-x64-20261004,"[""--max-opt=0"",""--no-lazy""]",83b744a5953d2662ea723564d4035a333782a0cc85232d1025929a925150b133,a28f91a115156af9eb37c7f5b67d96df551564ff735dc6add746c9a391465b6e,"[{""path"":""/mnt/c/Users/mzyx/Desktop/0921/js-interpreter-bench/experiments/three_engine_baseline/adapters/v8.js"",""sha256"":""0ab3ed677381191d7e7839cbbc3f07895104a8b8299679ab9f37b856d76d3a22""},{""path"":""/mnt/c/Users/mzyx/Desktop/0921/js-interpreter-bench/experiments/timer_recovery/adapters/v8.js"",""sha256"":""e610d3aa3d2672a5e6d5eccd9aaf05c6ae6758d1b9c4468289f017a231ab7d9f""}]",7354c1868ce2f8a6cc0d43c8be772c69eece3966b70d20df8f98270cddf07e2b,1718553846,1718553846,"{""mode"":""MAIN_MONOTONIC_V1_DERIVED"",""variant"":""navier_f64"",""N"":1,""checksum"":1718553846,""correctness"":""PASS"",""warmup_calls"":0,""start_ms"":25.166,""stop_ms"":33.188,""elapsed_ms"":8.022000000000002}",8.022000000000002,8.022000000000002,[],True
0,"WB_RESULT:{""mode"":""MAIN_MONOTONIC_V1_DERIVED"",""variant"":""navier_f64"",""N"":2,""checksum"":1068849983,""correctness"":""PASS"",""warmup_calls"":0,""start_ms"":0,""stop_ms"":11.98,""elapsed_ms"":11.98}
",,"[""/home/mzyx/jsc_build_fd3406f/JSCOnly/Release/bin/jsc"",""--useJIT=false"",""--useLLInt=true"",""--validateOptions=true"",""/mnt/c/Users/mzyx/Desktop/0921/js-interpreter-bench/experiments/three_engine_baseline/adapters/jsc.js"",""/mnt/c/Users/mzyx/Desktop/0921/js-interpreter-bench/experiments/timer_recovery/adapters/jsc.js"",""/mnt/c/Users/mzyx/Desktop/0921/js-interpreter-bench/experiments/whitebox_analysis/attempt01/microbench/generated/navier_f64.N2.js""]",/mnt/c/Users/mzyx/Desktop/0921/js-interpreter-bench,2026-10-05T09:00:39.860077+00:00,278969087419,279009498614,f6560751-86c2-43ce-9404-f3eca71582fd,40411195,correctness,navier,navier_f64,jsc,2,0,0,[],0,MAIN_MONOTONIC_V1_DERIVED,wsl2-ubuntu2404-x64-20261004,"[""--useJIT=false"",""--useLLInt=true"",""--validateOptions=true""]",65c824a055405bf62b05e21d54515a72a1f0187a4d91225d00a6da969d35879f,40241fa8dbbc4cbe3c2b40a0e4d4c433e659a8cd252747eb9fb677cbb8614600,"[{""path"":""/mnt/c/Users/mzyx/Desktop/0921/js-interpreter-bench/experiments/three_engine_baseline/adapters/jsc.js"",""sha256"":""f9ddbb9556352e283b9c9feebc8bdd0ef1abac5bcdf1ab7a5d83945fa3c9437b""},{""path"":""/mnt/c/Users/mzyx/Desktop/0921/js-interpreter-bench/experiments/timer_recovery/adapters/jsc.js"",""sha256"":""0c485996a598b7e36f2f292b66397adc0390cbe6b69b55199e47e1c6c1e37010""}]",7354c1868ce2f8a6cc0d43c8be772c69eece3966b70d20df8f98270cddf07e2b,1068849983,1068849983,"{""mode"":""MAIN_MONOTONIC_V1_DERIVED"",""variant"":""navier_f64"",""N"":2,""checksum"":1068849983,""correctness"":""PASS"",""warmup_calls"":0,""start_ms"":0,""stop_ms"":11.98,""elapsed_ms"":11.98}",11.98,5.99,[],True
0,"WB_RESULT:{""mode"":""MAIN_MONOTONIC_V1_DERIVED"",""variant"":""navier_f64"",""N"":2,""checksum"":1068849983,""correctness"":""PASS"",""warmup_calls"":0,""start_ms"":278648.371605,""stop_ms"":278659.412327,""elapsed_ms"":11.04072200000519}
",,"[""/home/mzyx/three_engine_20261004/quickjs-04be246001599f5995fa2f2d8c91a0f198d3f34c/qjs"",""-I"",""/mnt/c/Users/mzyx/Desktop/0921/js-interpreter-bench/experiments/three_engine_baseline/adapters/quickjs.js"",""-I"",""/mnt/c/Users/mzyx/Desktop/0921/js-interpreter-bench/experiments/timer_recovery/adapters/quickjs.js"",""/mnt/c/Users/mzyx/Desktop/0921/js-interpreter-bench/experiments/whitebox_analysis/attempt01/microbench/generated/navier_f64.N2.js""]",/mnt/c/Users/mzyx/Desktop/0921/js-interpreter-bench,2026-10-05T09:00:39.510887+00:00,278637355819,278660315989,f6560751-86c2-43ce-9404-f3eca71582fd,22960170,correctness,navier,navier_f64,quickjs,2,0,0,[],0,MAIN_MONOTONIC_V1_DERIVED,wsl2-ubuntu2404-x64-20261004,[],140d5233b0337d91cb0f994ae4a051e49aa04da8802acfaedf0a01b81a620b79,40241fa8dbbc4cbe3c2b40a0e4d4c433e659a8cd252747eb9fb677cbb8614600,"[{""path"":""/mnt/c/Users/mzyx/Desktop/0921/js-interpreter-bench/experiments/three_engine_baseline/adapters/quickjs.js"",""sha256"":""f20aa7b460675d08600a58945203034feb50b2a3515aba579219f648b1235c6c""},{""path"":""/mnt/c/Users/mzyx/Desktop/0921/js-interpreter-bench/experiments/timer_recovery/adapters/quickjs.js"",""sha256"":""cd393c275173f20526562a008951f65a332deffed85e7c804519788b8ebffab7""}]",7354c1868ce2f8a6cc0d43c8be772c69eece3966b70d20df8f98270cddf07e2b,1068849983,1068849983,"{""mode"":""MAIN_MONOTONIC_V1_DERIVED"",""variant"":""navier_f64"",""N"":2,""checksum"":1068849983,""correctness"":""PASS"",""warmup_calls"":0,""start_ms"":278648.371605,""stop_ms"":278659.412327,""elapsed_ms"":11.04072200000519}",11.04072200000519,5.520361000002595,[],True
0,"WB_RESULT:{""mode"":""MAIN_MONOTONIC_V1_DERIVED"",""variant"":""navier_f64"",""N"":2,""checksum"":1068849983,""correctness"":""PASS"",""warmup_calls"":0,""start_ms"":29.152,""stop_ms"":44.453,""elapsed_ms"":15.301000000000002}
",,"[""/home/mzyx/three_engine_20261004/v8-linux64-rel-15.6.21/d8"",""--snapshot_blob=/home/mzyx/three_engine_20261004/v8-linux64-rel-15.6.21/snapshot_blob.bin"",""--max-opt=0"",""--no-lazy"",""/mnt/c/Users/mzyx/Desktop/0921/js-interpreter-bench/experiments/three_engine_baseline/adapters/v8.js"",""/mnt/c/Users/mzyx/Desktop/0921/js-interpreter-bench/experiments/timer_recovery/adapters/v8.js"",""/mnt/c/Users/mzyx/Desktop/0921/js-interpreter-bench/experiments/whitebox_analysis/attempt01/microbench/generated/navier_f64.N2.js""]",/mnt/c/Users/mzyx/Desktop/0921/js-interpreter-bench,2026-10-05T09:00:39.690160+00:00,278787287631,278839582270,f6560751-86c2-43ce-9404-f3eca71582fd,52294639,correctness,navier,navier_f64,v8,2,0,0,[],0,MAIN_MONOTONIC_V1_DERIVED,wsl2-ubuntu2404-x64-20261004,"[""--max-opt=0"",""--no-lazy""]",83b744a5953d2662ea723564d4035a333782a0cc85232d1025929a925150b133,40241fa8dbbc4cbe3c2b40a0e4d4c433e659a8cd252747eb9fb677cbb8614600,"[{""path"":""/mnt/c/Users/mzyx/Desktop/0921/js-interpreter-bench/experiments/three_engine_baseline/adapters/v8.js"",""sha256"":""0ab3ed677381191d7e7839cbbc3f07895104a8b8299679ab9f37b856d76d3a22""},{""path"":""/mnt/c/Users/mzyx/Desktop/0921/js-interpreter-bench/experiments/timer_recovery/adapters/v8.js"",""sha256"":""e610d3aa3d2672a5e6d5eccd9aaf05c6ae6758d1b9c4468289f017a231ab7d9f""}]",7354c1868ce2f8a6cc0d43c8be772c69eece3966b70d20df8f98270cddf07e2b,1068849983,1068849983,"{""mode"":""MAIN_MONOTONIC_V1_DERIVED"",""variant"":""navier_f64"",""N"":2,""checksum"":1068849983,""correctness"":""PASS"",""warmup_calls"":0,""start_ms"":29.152,""stop_ms"":44.453,""elapsed_ms"":15.301000000000002}",15.301000000000002,7.650500000000001,[],True
0,"WB_RESULT:{""mode"":""MAIN_MONOTONIC_V1_DERIVED"",""variant"":""richards_cached"",""N"":1,""checksum"":163840,""correctness"":""PASS"",""warmup_calls"":0,""start_ms"":0,""stop_ms"":5.48,""elapsed_ms"":5.48}
",,"[""/home/mzyx/jsc_build_fd3406f/JSCOnly/Release/bin/jsc"",""--useJIT=false"",""--useLLInt=true"",""--validateOptions=true"",""/mnt/c/Users/mzyx/Desktop/0921/js-interpreter-bench/experiments/three_engine_baseline/adapters/jsc.js"",""/mnt/c/Users/mzyx/Desktop/0921/js-interpreter-bench/experiments/timer_recovery/adapters/jsc.js"",""/mnt/c/Users/mzyx/Desktop/0921/js-interpreter-bench/experiments/whitebox_analysis/attempt01/microbench/generated/richards_cached.N1.js""]",/mnt/c/Users/mzyx/Desktop/0921/js-interpreter-bench,2026-10-05T09:00:36.858618+00:00,275977136301,276008044137,f6560751-86c2-43ce-9404-f3eca71582fd,30907836,correctness,richards,richards_cached,jsc,1,0,0,[],0,MAIN_MONOTONIC_V1_DERIVED,wsl2-ubuntu2404-x64-20261004,"[""--useJIT=false"",""--useLLInt=true"",""--validateOptions=true""]",65c824a055405bf62b05e21d54515a72a1f0187a4d91225d00a6da969d35879f,2e7b31b6d38c0975e1de179292d859974b94c0d30cd58cdced98e090e7bda708,"[{""path"":""/mnt/c/Users/mzyx/Desktop/0921/js-interpreter-bench/experiments/three_engine_baseline/adapters/jsc.js"",""sha256"":""f9ddbb9556352e283b9c9feebc8bdd0ef1abac5bcdf1ab7a5d83945fa3c9437b""},{""path"":""/mnt/c/Users/mzyx/Desktop/0921/js-interpreter-bench/experiments/timer_recovery/adapters/jsc.js"",""sha256"":""0c485996a598b7e36f2f292b66397adc0390cbe6b69b55199e47e1c6c1e37010""}]",7354c1868ce2f8a6cc0d43c8be772c69eece3966b70d20df8f98270cddf07e2b,163840,163840,"{""mode"":""MAIN_MONOTONIC_V1_DERIVED"",""variant"":""richards_cached"",""N"":1,""checksum"":163840,""correctness"":""PASS"",""warmup_calls"":0,""start_ms"":0,""stop_ms"":5.48,""elapsed_ms"":5.48}",5.48,5.48,[],True
0,"WB_RESULT:{""mode"":""MAIN_MONOTONIC_V1_DERIVED"",""variant"":""richards_cached"",""N"":1,""checksum"":163840,""correctness"":""PASS"",""warmup_calls"":0,""start_ms"":275645.741834,""stop_ms"":275653.498579,""elapsed_ms"":7.756745000020601}
",,"[""/home/mzyx/three_engine_20261004/quickjs-04be246001599f5995fa2f2d8c91a0f198d3f34c/qjs"",""-I"",""/mnt/c/Users/mzyx/Desktop/0921/js-interpreter-bench/experiments/three_engine_baseline/adapters/quickjs.js"",""-I"",""/mnt/c/Users/mzyx/Desktop/0921/js-interpreter-bench/experiments/timer_recovery/adapters/quickjs.js"",""/mnt/c/Users/mzyx/Desktop/0921/js-interpreter-bench/experiments/whitebox_analysis/attempt01/microbench/generated/richards_cached.N1.js""]",/mnt/c/Users/mzyx/Desktop/0921/js-interpreter-bench,2026-10-05T09:00:36.504704+00:00,275633932885,275654126486,f6560751-86c2-43ce-9404-f3eca71582fd,20193601,correctness,richards,richards_cached,quickjs,1,0,0,[],0,MAIN_MONOTONIC_V1_DERIVED,wsl2-ubuntu2404-x64-20261004,[],140d5233b0337d91cb0f994ae4a051e49aa04da8802acfaedf0a01b81a620b79,2e7b31b6d38c0975e1de179292d859974b94c0d30cd58cdced98e090e7bda708,"[{""path"":""/mnt/c/Users/mzyx/Desktop/0921/js-interpreter-bench/experiments/three_engine_baseline/adapters/quickjs.js"",""sha256"":""f20aa7b460675d08600a58945203034feb50b2a3515aba579219f648b1235c6c""},{""path"":""/mnt/c/Users/mzyx/Desktop/0921/js-interpreter-bench/experiments/timer_recovery/adapters/quickjs.js"",""sha256"":""cd393c275173f20526562a008951f65a332deffed85e7c804519788b8ebffab7""}]",7354c1868ce2f8a6cc0d43c8be772c69eece3966b70d20df8f98270cddf07e2b,163840,163840,"{""mode"":""MAIN_MONOTONIC_V1_DERIVED"",""variant"":""richards_cached"",""N"":1,""checksum"":163840,""correctness"":""PASS"",""warmup_calls"":0,""start_ms"":275645.741834,""stop_ms"":275653.498579,""elapsed_ms"":7.756745000020601}",7.756745000020601,7.756745000020601,[],True
0,"WB_RESULT:{""mode"":""MAIN_MONOTONIC_V1_DERIVED"",""variant"":""richards_cached"",""N"":1,""checksum"":163840,""correctness"":""PASS"",""warmup_calls"":0,""start_ms"":29.788,""stop_ms"":36.428,""elapsed_ms"":6.639999999999997}
",,"[""/home/mzyx/three_engine_20261004/v8-linux64-rel-15.6.21/d8"",""--snapshot_blob=/home/mzyx/three_engine_20261004/v8-linux64-rel-15.6.21/snapshot_blob.bin"",""--max-opt=0"",""--no-lazy"",""/mnt/c/Users/mzyx/Desktop/0921/js-interpreter-bench/experiments/three_engine_baseline/adapters/v8.js"",""/mnt/c/Users/mzyx/Desktop/0921/js-interpreter-bench/experiments/timer_recovery/adapters/v8.js"",""/mnt/c/Users/mzyx/Desktop/0921/js-interpreter-bench/experiments/whitebox_analysis/attempt01/microbench/generated/richards_cached.N1.js""]",/mnt/c/Users/mzyx/Desktop/0921/js-interpreter-bench,2026-10-05T09:00:36.692928+00:00,275797220870,275842353923,f6560751-86c2-43ce-9404-f3eca71582fd,45133053,correctness,richards,richards_cached,v8,1,0,0,[],0,MAIN_MONOTONIC_V1_DERIVED,wsl2-ubuntu2404-x64-20261004,"[""--max-opt=0"",""--no-lazy""]",83b744a5953d2662ea723564d4035a333782a0cc85232d1025929a925150b133,2e7b31b6d38c0975e1de179292d859974b94c0d30cd58cdced98e090e7bda708,"[{""path"":""/mnt/c/Users/mzyx/Desktop/0921/js-interpreter-bench/experiments/three_engine_baseline/adapters/v8.js"",""sha256"":""0ab3ed677381191d7e7839cbbc3f07895104a8b8299679ab9f37b856d76d3a22""},{""path"":""/mnt/c/Users/mzyx/Desktop/0921/js-interpreter-bench/experiments/timer_recovery/adapters/v8.js"",""sha256"":""e610d3aa3d2672a5e6d5eccd9aaf05c6ae6758d1b9c4468289f017a231ab7d9f""}]",7354c1868ce2f8a6cc0d43c8be772c69eece3966b70d20df8f98270cddf07e2b,163840,163840,"{""mode"":""MAIN_MONOTONIC_V1_DERIVED"",""variant"":""richards_cached"",""N"":1,""checksum"":163840,""correctness"":""PASS"",""warmup_calls"":0,""start_ms"":29.788,""stop_ms"":36.428,""elapsed_ms"":6.639999999999997}",6.639999999999997,6.639999999999997,[],True
0,"WB_RESULT:{""mode"":""MAIN_MONOTONIC_V1_DERIVED"",""variant"":""richards_cached"",""N"":2,""checksum"":327680,""correctness"":""PASS"",""warmup_calls"":0,""start_ms"":0,""stop_ms"":10.94,""elapsed_ms"":10.94}
",,"[""/home/mzyx/jsc_build_fd3406f/JSCOnly/Release/bin/jsc"",""--useJIT=false"",""--useLLInt=true"",""--validateOptions=true"",""/mnt/c/Users/mzyx/Desktop/0921/js-interpreter-bench/experiments/three_engine_baseline/adapters/jsc.js"",""/mnt/c/Users/mzyx/Desktop/0921/js-interpreter-bench/experiments/timer_recovery/adapters/jsc.js"",""/mnt/c/Users/mzyx/Desktop/0921/js-interpreter-bench/experiments/whitebox_analysis/attempt01/microbench/generated/richards_cached.N2.js""]",/mnt/c/Users/mzyx/Desktop/0921/js-interpreter-bench,2026-10-05T09:00:37.400945+00:00,276504451577,276550367606,f6560751-86c2-43ce-9404-f3eca71582fd,45916029,correctness,richards,richards_cached,jsc,2,0,0,[],0,MAIN_MONOTONIC_V1_DERIVED,wsl2-ubuntu2404-x64-20261004,"[""--useJIT=false"",""--useLLInt=true"",""--validateOptions=true""]",65c824a055405bf62b05e21d54515a72a1f0187a4d91225d00a6da969d35879f,6e2077dfd93c55a9deb62261637a7b105fd00d7aebfa62fea15f17873ef75520,"[{""path"":""/mnt/c/Users/mzyx/Desktop/0921/js-interpreter-bench/experiments/three_engine_baseline/adapters/jsc.js"",""sha256"":""f9ddbb9556352e283b9c9feebc8bdd0ef1abac5bcdf1ab7a5d83945fa3c9437b""},{""path"":""/mnt/c/Users/mzyx/Desktop/0921/js-interpreter-bench/experiments/timer_recovery/adapters/jsc.js"",""sha256"":""0c485996a598b7e36f2f292b66397adc0390cbe6b69b55199e47e1c6c1e37010""}]",7354c1868ce2f8a6cc0d43c8be772c69eece3966b70d20df8f98270cddf07e2b,327680,327680,"{""mode"":""MAIN_MONOTONIC_V1_DERIVED"",""variant"":""richards_cached"",""N"":2,""checksum"":327680,""correctness"":""PASS"",""warmup_calls"":0,""start_ms"":0,""stop_ms"":10.94,""elapsed_ms"":10.94}",10.94,5.47,[],True
0,"WB_RESULT:{""mode"":""MAIN_MONOTONIC_V1_DERIVED"",""variant"":""richards_cached"",""N"":2,""checksum"":327680,""correctness"":""PASS"",""warmup_calls"":0,""start_ms"":276149.094147,""stop_ms"":276164.353458,""elapsed_ms"":15.259311000001617}
",,"[""/home/mzyx/three_engine_20261004/quickjs-04be246001599f5995fa2f2d8c91a0f198d3f34c/qjs"",""-I"",""/mnt/c/Users/mzyx/Desktop/0921/js-interpreter-bench/experiments/three_engine_baseline/adapters/quickjs.js"",""-I"",""/mnt/c/Users/mzyx/Desktop/0921/js-interpreter-bench/experiments/timer_recovery/adapters/quickjs.js"",""/mnt/c/Users/mzyx/Desktop/0921/js-interpreter-bench/experiments/whitebox_analysis/attempt01/microbench/generated/richards_cached.N2.js""]",/mnt/c/Users/mzyx/Desktop/0921/js-interpreter-bench,2026-10-05T09:00:37.015615+00:00,276137343392,276165038533,f6560751-86c2-43ce-9404-f3eca71582fd,27695141,correctness,richards,richards_cached,quickjs,2,0,0,[],0,MAIN_MONOTONIC_V1_DERIVED,wsl2-ubuntu2404-x64-20261004,[],140d5233b0337d91cb0f994ae4a051e49aa04da8802acfaedf0a01b81a620b79,6e2077dfd93c55a9deb62261637a7b105fd00d7aebfa62fea15f17873ef75520,"[{""path"":""/mnt/c/Users/mzyx/Desktop/0921/js-interpreter-bench/experiments/three_engine_baseline/adapters/quickjs.js"",""sha256"":""f20aa7b460675d08600a58945203034feb50b2a3515aba579219f648b1235c6c""},{""path"":""/mnt/c/Users/mzyx/Desktop/0921/js-interpreter-bench/experiments/timer_recovery/adapters/quickjs.js"",""sha256"":""cd393c275173f20526562a008951f65a332deffed85e7c804519788b8ebffab7""}]",7354c1868ce2f8a6cc0d43c8be772c69eece3966b70d20df8f98270cddf07e2b,327680,327680,"{""mode"":""MAIN_MONOTONIC_V1_DERIVED"",""variant"":""richards_cached"",""N"":2,""checksum"":327680,""correctness"":""PASS"",""warmup_calls"":0,""start_ms"":276149.094147,""stop_ms"":276164.353458,""elapsed_ms"":15.259311000001617}",15.259311000001617,7.629655500000808,[],True
0,"WB_RESULT:{""mode"":""MAIN_MONOTONIC_V1_DERIVED"",""variant"":""richards_cached"",""N"":2,""checksum"":327680,""correctness"":""PASS"",""warmup_calls"":0,""start_ms"":30.39,""stop_ms"":43.675,""elapsed_ms"":13.284999999999997}
",,"[""/home/mzyx/three_engine_20261004/v8-linux64-rel-15.6.21/d8"",""--snapshot_blob=/home/mzyx/three_engine_20261004/v8-linux64-rel-15.6.21/snapshot_blob.bin"",""--max-opt=0"",""--no-lazy"",""/mnt/c/Users/mzyx/Desktop/0921/js-interpreter-bench/experiments/three_engine_baseline/adapters/v8.js"",""/mnt/c/Users/mzyx/Desktop/0921/js-interpreter-bench/experiments/timer_recovery/adapters/v8.js"",""/mnt/c/Users/mzyx/Desktop/0921/js-interpreter-bench/experiments/whitebox_analysis/attempt01/microbench/generated/richards_cached.N2.js""]",/mnt/c/Users/mzyx/Desktop/0921/js-interpreter-bench,2026-10-05T09:00:37.207832+00:00,276305333684,276357256139,f6560751-86c2-43ce-9404-f3eca71582fd,51922455,correctness,richards,richards_cached,v8,2,0,0,[],0,MAIN_MONOTONIC_V1_DERIVED,wsl2-ubuntu2404-x64-20261004,"[""--max-opt=0"",""--no-lazy""]",83b744a5953d2662ea723564d4035a333782a0cc85232d1025929a925150b133,6e2077dfd93c55a9deb62261637a7b105fd00d7aebfa62fea15f17873ef75520,"[{""path"":""/mnt/c/Users/mzyx/Desktop/0921/js-interpreter-bench/experiments/three_engine_baseline/adapters/v8.js"",""sha256"":""0ab3ed677381191d7e7839cbbc3f07895104a8b8299679ab9f37b856d76d3a22""},{""path"":""/mnt/c/Users/mzyx/Desktop/0921/js-interpreter-bench/experiments/timer_recovery/adapters/v8.js"",""sha256"":""e610d3aa3d2672a5e6d5eccd9aaf05c6ae6758d1b9c4468289f017a231ab7d9f""}]",7354c1868ce2f8a6cc0d43c8be772c69eece3966b70d20df8f98270cddf07e2b,327680,327680,"{""mode"":""MAIN_MONOTONIC_V1_DERIVED"",""variant"":""richards_cached"",""N"":2,""checksum"":327680,""correctness"":""PASS"",""warmup_calls"":0,""start_ms"":30.39,""stop_ms"":43.675,""elapsed_ms"":13.284999999999997}",13.284999999999997,6.642499999999998,[],True
0,"WB_RESULT:{""mode"":""MAIN_MONOTONIC_V1_DERIVED"",""variant"":""richards_fields"",""N"":1,""checksum"":163840,""correctness"":""PASS"",""warmup_calls"":0,""start_ms"":0,""stop_ms"":5.84,""elapsed_ms"":5.84}
",,"[""/home/mzyx/jsc_build_fd3406f/JSCOnly/Release/bin/jsc"",""--useJIT=false"",""--useLLInt=true"",""--validateOptions=true"",""/mnt/c/Users/mzyx/Desktop/0921/js-interpreter-bench/experiments/three_engine_baseline/adapters/jsc.js"",""/mnt/c/Users/mzyx/Desktop/0921/js-interpreter-bench/experiments/timer_recovery/adapters/jsc.js"",""/mnt/c/Users/mzyx/Desktop/0921/js-interpreter-bench/experiments/whitebox_analysis/attempt01/microbench/generated/richards_fields.N1.js""]",/mnt/c/Users/mzyx/Desktop/0921/js-interpreter-bench,2026-10-05T09:00:35.858089+00:00,274958790275,275007512442,f6560751-86c2-43ce-9404-f3eca71582fd,48722167,correctness,richards,richards_fields,jsc,1,0,0,[],0,MAIN_MONOTONIC_V1_DERIVED,wsl2-ubuntu2404-x64-20261004,"[""--useJIT=false"",""--useLLInt=true"",""--validateOptions=true""]",65c824a055405bf62b05e21d54515a72a1f0187a4d91225d00a6da969d35879f,2b419013f9cd9489fc78e58d030a7121533b298e712edc77d6a8dbf93965b13e,"[{""path"":""/mnt/c/Users/mzyx/Desktop/0921/js-interpreter-bench/experiments/three_engine_baseline/adapters/jsc.js"",""sha256"":""f9ddbb9556352e283b9c9feebc8bdd0ef1abac5bcdf1ab7a5d83945fa3c9437b""},{""path"":""/mnt/c/Users/mzyx/Desktop/0921/js-interpreter-bench/experiments/timer_recovery/adapters/jsc.js"",""sha256"":""0c485996a598b7e36f2f292b66397adc0390cbe6b69b55199e47e1c6c1e37010""}]",7354c1868ce2f8a6cc0d43c8be772c69eece3966b70d20df8f98270cddf07e2b,163840,163840,"{""mode"":""MAIN_MONOTONIC_V1_DERIVED"",""variant"":""richards_fields"",""N"":1,""checksum"":163840,""correctness"":""PASS"",""warmup_calls"":0,""start_ms"":0,""stop_ms"":5.84,""elapsed_ms"":5.84}",5.84,5.84,[],True
0,"WB_RESULT:{""mode"":""MAIN_MONOTONIC_V1_DERIVED"",""variant"":""richards_fields"",""N"":1,""checksum"":163840,""correctness"":""PASS"",""warmup_calls"":0,""start_ms"":274622.083396,""stop_ms"":274629.938978,""elapsed_ms"":7.855582000047434}
",,"[""/home/mzyx/three_engine_20261004/quickjs-04be246001599f5995fa2f2d8c91a0f198d3f34c/qjs"",""-I"",""/mnt/c/Users/mzyx/Desktop/0921/js-interpreter-bench/experiments/three_engine_baseline/adapters/quickjs.js"",""-I"",""/mnt/c/Users/mzyx/Desktop/0921/js-interpreter-bench/experiments/timer_recovery/adapters/quickjs.js"",""/mnt/c/Users/mzyx/Desktop/0921/js-interpreter-bench/experiments/whitebox_analysis/attempt01/microbench/generated/richards_fields.N1.js""]",/mnt/c/Users/mzyx/Desktop/0921/js-interpreter-bench,2026-10-05T09:00:35.481500+00:00,274608760592,274630925163,f6560751-86c2-43ce-9404-f3eca71582fd,22164571,correctness,richards,richards_fields,quickjs,1,0,0,[],0,MAIN_MONOTONIC_V1_DERIVED,wsl2-ubuntu2404-x64-20261004,[],140d5233b0337d91cb0f994ae4a051e49aa04da8802acfaedf0a01b81a620b79,2b419013f9cd9489fc78e58d030a7121533b298e712edc77d6a8dbf93965b13e,"[{""path"":""/mnt/c/Users/mzyx/Desktop/0921/js-interpreter-bench/experiments/three_engine_baseline/adapters/quickjs.js"",""sha256"":""f20aa7b460675d08600a58945203034feb50b2a3515aba579219f648b1235c6c""},{""path"":""/mnt/c/Users/mzyx/Desktop/0921/js-interpreter-bench/experiments/timer_recovery/adapters/quickjs.js"",""sha256"":""cd393c275173f20526562a008951f65a332deffed85e7c804519788b8ebffab7""}]",7354c1868ce2f8a6cc0d43c8be772c69eece3966b70d20df8f98270cddf07e2b,163840,163840,"{""mode"":""MAIN_MONOTONIC_V1_DERIVED"",""variant"":""richards_fields"",""N"":1,""checksum"":163840,""correctness"":""PASS"",""warmup_calls"":0,""start_ms"":274622.083396,""stop_ms"":274629.938978,""elapsed_ms"":7.855582000047434}",7.855582000047434,7.855582000047434,[],True
0,"WB_RESULT:{""mode"":""MAIN_MONOTONIC_V1_DERIVED"",""variant"":""richards_fields"",""N"":1,""checksum"":163840,""correctness"":""PASS"",""warmup_calls"":0,""start_ms"":55.182,""stop_ms"":61.994,""elapsed_ms"":6.811999999999998}
",,"[""/home/mzyx/three_engine_20261004/v8-linux64-rel-15.6.21/d8"",""--snapshot_blob=/home/mzyx/three_engine_20261004/v8-linux64-rel-15.6.21/snapshot_blob.bin"",""--max-opt=0"",""--no-lazy"",""/mnt/c/Users/mzyx/Desktop/0921/js-interpreter-bench/experiments/three_engine_baseline/adapters/v8.js"",""/mnt/c/Users/mzyx/Desktop/0921/js-interpreter-bench/experiments/timer_recovery/adapters/v8.js"",""/mnt/c/Users/mzyx/Desktop/0921/js-interpreter-bench/experiments/whitebox_analysis/attempt01/microbench/generated/richards_fields.N1.js""]",/mnt/c/Users/mzyx/Desktop/0921/js-interpreter-bench,2026-10-05T09:00:35.686543+00:00,274762649458,274835967682,f6560751-86c2-43ce-9404-f3eca71582fd,73318224,correctness,richards,richards_fields,v8,1,0,0,[],0,MAIN_MONOTONIC_V1_DERIVED,wsl2-ubuntu2404-x64-20261004,"[""--max-opt=0"",""--no-lazy""]",83b744a5953d2662ea723564d4035a333782a0cc85232d1025929a925150b133,2b419013f9cd9489fc78e58d030a7121533b298e712edc77d6a8dbf93965b13e,"[{""path"":""/mnt/c/Users/mzyx/Desktop/0921/js-interpreter-bench/experiments/three_engine_baseline/adapters/v8.js"",""sha256"":""0ab3ed677381191d7e7839cbbc3f07895104a8b8299679ab9f37b856d76d3a22""},{""path"":""/mnt/c/Users/mzyx/Desktop/0921/js-interpreter-bench/experiments/timer_recovery/adapters/v8.js"",""sha256"":""e610d3aa3d2672a5e6d5eccd9aaf05c6ae6758d1b9c4468289f017a231ab7d9f""}]",7354c1868ce2f8a6cc0d43c8be772c69eece3966b70d20df8f98270cddf07e2b,163840,163840,"{""mode"":""MAIN_MONOTONIC_V1_DERIVED"",""variant"":""richards_fields"",""N"":1,""checksum"":163840,""correctness"":""PASS"",""warmup_calls"":0,""start_ms"":55.182,""stop_ms"":61.994,""elapsed_ms"":6.811999999999998}",6.811999999999998,6.811999999999998,[],True
0,"WB_RESULT:{""mode"":""MAIN_MONOTONIC_V1_DERIVED"",""variant"":""richards_fields"",""N"":2,""checksum"":327680,""correctness"":""PASS"",""warmup_calls"":0,""start_ms"":0,""stop_ms"":11.82,""elapsed_ms"":11.82}
",,"[""/home/mzyx/jsc_build_fd3406f/JSCOnly/Release/bin/jsc"",""--useJIT=false"",""--useLLInt=true"",""--validateOptions=true"",""/mnt/c/Users/mzyx/Desktop/0921/js-interpreter-bench/experiments/three_engine_baseline/adapters/jsc.js"",""/mnt/c/Users/mzyx/Desktop/0921/js-interpreter-bench/experiments/timer_recovery/adapters/jsc.js"",""/mnt/c/Users/mzyx/Desktop/0921/js-interpreter-bench/experiments/whitebox_analysis/attempt01/microbench/generated/richards_fields.N2.js""]",/mnt/c/Users/mzyx/Desktop/0921/js-interpreter-bench,2026-10-05T09:00:36.355853+00:00,275468099932,275505276923,f6560751-86c2-43ce-9404-f3eca71582fd,37176991,correctness,richards,richards_fields,jsc,2,0,0,[],0,MAIN_MONOTONIC_V1_DERIVED,wsl2-ubuntu2404-x64-20261004,"[""--useJIT=false"",""--useLLInt=true"",""--validateOptions=true""]",65c824a055405bf62b05e21d54515a72a1f0187a4d91225d00a6da969d35879f,453a4aa61def117ad16b8c7426722e74294a648e52639b46cc2470a59410ecc3,"[{""path"":""/mnt/c/Users/mzyx/Desktop/0921/js-interpreter-bench/experiments/three_engine_baseline/adapters/jsc.js"",""sha256"":""f9ddbb9556352e283b9c9feebc8bdd0ef1abac5bcdf1ab7a5d83945fa3c9437b""},{""path"":""/mnt/c/Users/mzyx/Desktop/0921/js-interpreter-bench/experiments/timer_recovery/adapters/jsc.js"",""sha256"":""0c485996a598b7e36f2f292b66397adc0390cbe6b69b55199e47e1c6c1e37010""}]",7354c1868ce2f8a6cc0d43c8be772c69eece3966b70d20df8f98270cddf07e2b,327680,327680,"{""mode"":""MAIN_MONOTONIC_V1_DERIVED"",""variant"":""richards_fields"",""N"":2,""checksum"":327680,""correctness"":""PASS"",""warmup_calls"":0,""start_ms"":0,""stop_ms"":11.82,""elapsed_ms"":11.82}",11.82,5.91,[],True
0,"WB_RESULT:{""mode"":""MAIN_MONOTONIC_V1_DERIVED"",""variant"":""richards_fields"",""N"":2,""checksum"":327680,""correctness"":""PASS"",""warmup_calls"":0,""start_ms"":275152.182533,""stop_ms"":275167.918877,""elapsed_ms"":15.736343999975361}
",,"[""/home/mzyx/three_engine_20261004/quickjs-04be246001599f5995fa2f2d8c91a0f198d3f34c/qjs"",""-I"",""/mnt/c/Users/mzyx/Desktop/0921/js-interpreter-bench/experiments/three_engine_baseline/adapters/quickjs.js"",""-I"",""/mnt/c/Users/mzyx/Desktop/0921/js-interpreter-bench/experiments/timer_recovery/adapters/quickjs.js"",""/mnt/c/Users/mzyx/Desktop/0921/js-interpreter-bench/experiments/whitebox_analysis/attempt01/microbench/generated/richards_fields.N2.js""]",/mnt/c/Users/mzyx/Desktop/0921/js-interpreter-bench,2026-10-05T09:00:36.019257+00:00,275139940174,275168679321,f6560751-86c2-43ce-9404-f3eca71582fd,28739147,correctness,richards,richards_fields,quickjs,2,0,0,[],0,MAIN_MONOTONIC_V1_DERIVED,wsl2-ubuntu2404-x64-20261004,[],140d5233b0337d91cb0f994ae4a051e49aa04da8802acfaedf0a01b81a620b79,453a4aa61def117ad16b8c7426722e74294a648e52639b46cc2470a59410ecc3,"[{""path"":""/mnt/c/Users/mzyx/Desktop/0921/js-interpreter-bench/experiments/three_engine_baseline/adapters/quickjs.js"",""sha256"":""f20aa7b460675d08600a58945203034feb50b2a3515aba579219f648b1235c6c""},{""path"":""/mnt/c/Users/mzyx/Desktop/0921/js-interpreter-bench/experiments/timer_recovery/adapters/quickjs.js"",""sha256"":""cd393c275173f20526562a008951f65a332deffed85e7c804519788b8ebffab7""}]",7354c1868ce2f8a6cc0d43c8be772c69eece3966b70d20df8f98270cddf07e2b,327680,327680,"{""mode"":""MAIN_MONOTONIC_V1_DERIVED"",""variant"":""richards_fields"",""N"":2,""checksum"":327680,""correctness"":""PASS"",""warmup_calls"":0,""start_ms"":275152.182533,""stop_ms"":275167.918877,""elapsed_ms"":15.736343999975361}",15.736343999975361,7.8681719999876805,[],True
0,"WB_RESULT:{""mode"":""MAIN_MONOTONIC_V1_DERIVED"",""variant"":""richards_fields"",""N"":2,""checksum"":327680,""correctness"":""PASS"",""warmup_calls"":0,""start_ms"":26.316,""stop_ms"":40.115,""elapsed_ms"":13.799000000000003}
",,"[""/home/mzyx/three_engine_20261004/v8-linux64-rel-15.6.21/d8"",""--snapshot_blob=/home/mzyx/three_engine_20261004/v8-linux64-rel-15.6.21/snapshot_blob.bin"",""--max-opt=0"",""--no-lazy"",""/mnt/c/Users/mzyx/Desktop/0921/js-interpreter-bench/experiments/three_engine_baseline/adapters/v8.js"",""/mnt/c/Users/mzyx/Desktop/0921/js-interpreter-bench/experiments/timer_recovery/adapters/v8.js"",""/mnt/c/Users/mzyx/Desktop/0921/js-interpreter-bench/experiments/whitebox_analysis/attempt01/microbench/generated/richards_fields.N2.js""]",/mnt/c/Users/mzyx/Desktop/0921/js-interpreter-bench,2026-10-05T09:00:36.190651+00:00,275291450178,275340073672,f6560751-86c2-43ce-9404-f3eca71582fd,48623494,correctness,richards,richards_fields,v8,2,0,0,[],0,MAIN_MONOTONIC_V1_DERIVED,wsl2-ubuntu2404-x64-20261004,"[""--max-opt=0"",""--no-lazy""]",83b744a5953d2662ea723564d4035a333782a0cc85232d1025929a925150b133,453a4aa61def117ad16b8c7426722e74294a648e52639b46cc2470a59410ecc3,"[{""path"":""/mnt/c/Users/mzyx/Desktop/0921/js-interpreter-bench/experiments/three_engine_baseline/adapters/v8.js"",""sha256"":""0ab3ed677381191d7e7839cbbc3f07895104a8b8299679ab9f37b856d76d3a22""},{""path"":""/mnt/c/Users/mzyx/Desktop/0921/js-interpreter-bench/experiments/timer_recovery/adapters/v8.js"",""sha256"":""e610d3aa3d2672a5e6d5eccd9aaf05c6ae6758d1b9c4468289f017a231ab7d9f""}]",7354c1868ce2f8a6cc0d43c8be772c69eece3966b70d20df8f98270cddf07e2b,327680,327680,"{""mode"":""MAIN_MONOTONIC_V1_DERIVED"",""variant"":""richards_fields"",""N"":2,""checksum"":327680,""correctness"":""PASS"",""warmup_calls"":0,""start_ms"":26.316,""stop_ms"":40.115,""elapsed_ms"":13.799000000000003}",13.799000000000003,6.8995000000000015,[],True
0,"WB_RESULT:{""mode"":""MAIN_MONOTONIC_V1_DERIVED"",""variant"":""navier_array"",""N"":256,""checksum"":925519576,""correctness"":""PASS"",""warmup_calls"":0,""start_ms"":0,""stop_ms"":1179.64,""elapsed_ms"":1179.64}
",,"[""/home/mzyx/jsc_build_fd3406f/JSCOnly/Release/bin/jsc"",""--useJIT=false"",""--useLLInt=true"",""--validateOptions=true"",""/mnt/c/Users/mzyx/Desktop/0921/js-interpreter-bench/experiments/three_engine_baseline/adapters/jsc.js"",""/mnt/c/Users/mzyx/Desktop/0921/js-interpreter-bench/experiments/timer_recovery/adapters/jsc.js"",""/mnt/c/Users/mzyx/Desktop/0921/js-interpreter-bench/experiments/whitebox_analysis/attempt01/microbench/generated/navier_array.N256.js""]",/mnt/c/Users/mzyx/Desktop/0921/js-interpreter-bench,2026-10-05T09:01:48.224521+00:00,350161901183,351368110538,f6560751-86c2-43ce-9404-f3eca71582fd,1206209355,selected_correctness,navier,navier_array,jsc,256,0,0,[],0,MAIN_MONOTONIC_V1_DERIVED,wsl2-ubuntu2404-x64-20261004,"[""--useJIT=false"",""--useLLInt=true"",""--validateOptions=true""]",65c824a055405bf62b05e21d54515a72a1f0187a4d91225d00a6da969d35879f,220c29be96768ad6b45909316a0b62927e388b12cdcd01a996e5a1a141b324a3,"[{""path"":""/mnt/c/Users/mzyx/Desktop/0921/js-interpreter-bench/experiments/three_engine_baseline/adapters/jsc.js"",""sha256"":""f9ddbb9556352e283b9c9feebc8bdd0ef1abac5bcdf1ab7a5d83945fa3c9437b""},{""path"":""/mnt/c/Users/mzyx/Desktop/0921/js-interpreter-bench/experiments/timer_recovery/adapters/jsc.js"",""sha256"":""0c485996a598b7e36f2f292b66397adc0390cbe6b69b55199e47e1c6c1e37010""}]",7354c1868ce2f8a6cc0d43c8be772c69eece3966b70d20df8f98270cddf07e2b,925519576,925519576,"{""mode"":""MAIN_MONOTONIC_V1_DERIVED"",""variant"":""navier_array"",""N"":256,""checksum"":925519576,""correctness"":""PASS"",""warmup_calls"":0,""start_ms"":0,""stop_ms"":1179.64,""elapsed_ms"":1179.64}",1179.64,4.60796875,[],True
0,"WB_RESULT:{""mode"":""MAIN_MONOTONIC_V1_DERIVED"",""variant"":""navier_array"",""N"":256,""checksum"":925519576,""correctness"":""PASS"",""warmup_calls"":0,""start_ms"":346999.867633,""stop_ms"":348246.800654,""elapsed_ms"":1246.9330210000044}
",,"[""/home/mzyx/three_engine_20261004/quickjs-04be246001599f5995fa2f2d8c91a0f198d3f34c/qjs"",""-I"",""/mnt/c/Users/mzyx/Desktop/0921/js-interpreter-bench/experiments/three_engine_baseline/adapters/quickjs.js"",""-I"",""/mnt/c/Users/mzyx/Desktop/0921/js-interpreter-bench/experiments/timer_recovery/adapters/quickjs.js"",""/mnt/c/Users/mzyx/Desktop/0921/js-interpreter-bench/experiments/whitebox_analysis/attempt01/microbench/generated/navier_array.N256.js""]",/mnt/c/Users/mzyx/Desktop/0921/js-interpreter-bench,2026-10-05T09:01:45.104185+00:00,346988141163,348247773362,f6560751-86c2-43ce-9404-f3eca71582fd,1259632199,selected_correctness,navier,navier_array,quickjs,256,0,0,[],0,MAIN_MONOTONIC_V1_DERIVED,wsl2-ubuntu2404-x64-20261004,[],140d5233b0337d91cb0f994ae4a051e49aa04da8802acfaedf0a01b81a620b79,220c29be96768ad6b45909316a0b62927e388b12cdcd01a996e5a1a141b324a3,"[{""path"":""/mnt/c/Users/mzyx/Desktop/0921/js-interpreter-bench/experiments/three_engine_baseline/adapters/quickjs.js"",""sha256"":""f20aa7b460675d08600a58945203034feb50b2a3515aba579219f648b1235c6c""},{""path"":""/mnt/c/Users/mzyx/Desktop/0921/js-interpreter-bench/experiments/timer_recovery/adapters/quickjs.js"",""sha256"":""cd393c275173f20526562a008951f65a332deffed85e7c804519788b8ebffab7""}]",7354c1868ce2f8a6cc0d43c8be772c69eece3966b70d20df8f98270cddf07e2b,925519576,925519576,"{""mode"":""MAIN_MONOTONIC_V1_DERIVED"",""variant"":""navier_array"",""N"":256,""checksum"":925519576,""correctness"":""PASS"",""warmup_calls"":0,""start_ms"":346999.867633,""stop_ms"":348246.800654,""elapsed_ms"":1246.9330210000044}",1246.9330210000044,4.870832113281267,[],True
0,"WB_RESULT:{""mode"":""MAIN_MONOTONIC_V1_DERIVED"",""variant"":""navier_array"",""N"":256,""checksum"":925519576,""correctness"":""PASS"",""warmup_calls"":0,""start_ms"":25.111,""stop_ms"":1696.114,""elapsed_ms"":1671.003}
",,"[""/home/mzyx/three_engine_20261004/v8-linux64-rel-15.6.21/d8"",""--snapshot_blob=/home/mzyx/three_engine_20261004/v8-linux64-rel-15.6.21/snapshot_blob.bin"",""--max-opt=0"",""--no-lazy"",""/mnt/c/Users/mzyx/Desktop/0921/js-interpreter-bench/experiments/three_engine_baseline/adapters/v8.js"",""/mnt/c/Users/mzyx/Desktop/0921/js-interpreter-bench/experiments/timer_recovery/adapters/v8.js"",""/mnt/c/Users/mzyx/Desktop/0921/js-interpreter-bench/experiments/whitebox_analysis/attempt01/microbench/generated/navier_array.N256.js""]",/mnt/c/Users/mzyx/Desktop/0921/js-interpreter-bench,2026-10-05T09:01:46.907291+00:00,348345088405,350050882282,f6560751-86c2-43ce-9404-f3eca71582fd,1705793877,selected_correctness,navier,navier_array,v8,256,0,0,[],0,MAIN_MONOTONIC_V1_DERIVED,wsl2-ubuntu2404-x64-20261004,"[""--max-opt=0"",""--no-lazy""]",83b744a5953d2662ea723564d4035a333782a0cc85232d1025929a925150b133,220c29be96768ad6b45909316a0b62927e388b12cdcd01a996e5a1a141b324a3,"[{""path"":""/mnt/c/Users/mzyx/Desktop/0921/js-interpreter-bench/experiments/three_engine_baseline/adapters/v8.js"",""sha256"":""0ab3ed677381191d7e7839cbbc3f07895104a8b8299679ab9f37b856d76d3a22""},{""path"":""/mnt/c/Users/mzyx/Desktop/0921/js-interpreter-bench/experiments/timer_recovery/adapters/v8.js"",""sha256"":""e610d3aa3d2672a5e6d5eccd9aaf05c6ae6758d1b9c4468289f017a231ab7d9f""}]",7354c1868ce2f8a6cc0d43c8be772c69eece3966b70d20df8f98270cddf07e2b,925519576,925519576,"{""mode"":""MAIN_MONOTONIC_V1_DERIVED"",""variant"":""navier_array"",""N"":256,""checksum"":925519576,""correctness"":""PASS"",""warmup_calls"":0,""start_ms"":25.111,""stop_ms"":1696.114,""elapsed_ms"":1671.003}",1671.003,6.52735546875,[],True
0,"WB_RESULT:{""mode"":""MAIN_MONOTONIC_V1_DERIVED"",""variant"":""navier_f64"",""N"":256,""checksum"":925519576,""correctness"":""PASS"",""warmup_calls"":0,""start_ms"":0,""stop_ms"":1610.1,""elapsed_ms"":1610.1}
",,"[""/home/mzyx/jsc_build_fd3406f/JSCOnly/Release/bin/jsc"",""--useJIT=false"",""--useLLInt=true"",""--validateOptions=true"",""/mnt/c/Users/mzyx/Desktop/0921/js-interpreter-bench/experiments/three_engine_baseline/adapters/jsc.js"",""/mnt/c/Users/mzyx/Desktop/0921/js-interpreter-bench/experiments/timer_recovery/adapters/jsc.js"",""/mnt/c/Users/mzyx/Desktop/0921/js-interpreter-bench/experiments/whitebox_analysis/attempt01/microbench/generated/navier_f64.N256.js""]",/mnt/c/Users/mzyx/Desktop/0921/js-interpreter-bench,2026-10-05T09:01:51.925524+00:00,355319252071,356956402374,f6560751-86c2-43ce-9404-f3eca71582fd,1637150303,selected_correctness,navier,navier_f64,jsc,256,0,0,[],0,MAIN_MONOTONIC_V1_DERIVED,wsl2-ubuntu2404-x64-20261004,"[""--useJIT=false"",""--useLLInt=true"",""--validateOptions=true""]",65c824a055405bf62b05e21d54515a72a1f0187a4d91225d00a6da969d35879f,938ce8e351a82dbf96016843d08030b8ae02cea5bf23fc6555a234cb49531eaf,"[{""path"":""/mnt/c/Users/mzyx/Desktop/0921/js-interpreter-bench/experiments/three_engine_baseline/adapters/jsc.js"",""sha256"":""f9ddbb9556352e283b9c9feebc8bdd0ef1abac5bcdf1ab7a5d83945fa3c9437b""},{""path"":""/mnt/c/Users/mzyx/Desktop/0921/js-interpreter-bench/experiments/timer_recovery/adapters/jsc.js"",""sha256"":""0c485996a598b7e36f2f292b66397adc0390cbe6b69b55199e47e1c6c1e37010""}]",7354c1868ce2f8a6cc0d43c8be772c69eece3966b70d20df8f98270cddf07e2b,925519576,925519576,"{""mode"":""MAIN_MONOTONIC_V1_DERIVED"",""variant"":""navier_f64"",""N"":256,""checksum"":925519576,""correctness"":""PASS"",""warmup_calls"":0,""start_ms"":0,""stop_ms"":1610.1,""elapsed_ms"":1610.1}",1610.1,6.289453125,[],True
0,"WB_RESULT:{""mode"":""MAIN_MONOTONIC_V1_DERIVED"",""variant"":""navier_f64"",""N"":256,""checksum"":925519576,""correctness"":""PASS"",""warmup_calls"":0,""start_ms"":351524.903257,""stop_ms"":353115.513588,""elapsed_ms"":1590.6103309999453}
",,"[""/home/mzyx/three_engine_20261004/quickjs-04be246001599f5995fa2f2d8c91a0f198d3f34c/qjs"",""-I"",""/mnt/c/Users/mzyx/Desktop/0921/js-interpreter-bench/experiments/three_engine_baseline/adapters/quickjs.js"",""-I"",""/mnt/c/Users/mzyx/Desktop/0921/js-interpreter-bench/experiments/timer_recovery/adapters/quickjs.js"",""/mnt/c/Users/mzyx/Desktop/0921/js-interpreter-bench/experiments/whitebox_analysis/attempt01/microbench/generated/navier_f64.N256.js""]",/mnt/c/Users/mzyx/Desktop/0921/js-interpreter-bench,2026-10-05T09:01:49.973277+00:00,351513161528,353116866647,f6560751-86c2-43ce-9404-f3eca71582fd,1603705119,selected_correctness,navier,navier_f64,quickjs,256,0,0,[],0,MAIN_MONOTONIC_V1_DERIVED,wsl2-ubuntu2404-x64-20261004,[],140d5233b0337d91cb0f994ae4a051e49aa04da8802acfaedf0a01b81a620b79,938ce8e351a82dbf96016843d08030b8ae02cea5bf23fc6555a234cb49531eaf,"[{""path"":""/mnt/c/Users/mzyx/Desktop/0921/js-interpreter-bench/experiments/three_engine_baseline/adapters/quickjs.js"",""sha256"":""f20aa7b460675d08600a58945203034feb50b2a3515aba579219f648b1235c6c""},{""path"":""/mnt/c/Users/mzyx/Desktop/0921/js-interpreter-bench/experiments/timer_recovery/adapters/quickjs.js"",""sha256"":""cd393c275173f20526562a008951f65a332deffed85e7c804519788b8ebffab7""}]",7354c1868ce2f8a6cc0d43c8be772c69eece3966b70d20df8f98270cddf07e2b,925519576,925519576,"{""mode"":""MAIN_MONOTONIC_V1_DERIVED"",""variant"":""navier_f64"",""N"":256,""checksum"":925519576,""correctness"":""PASS"",""warmup_calls"":0,""start_ms"":351524.903257,""stop_ms"":353115.513588,""elapsed_ms"":1590.6103309999453}",1590.6103309999453,6.213321605468536,[],True
0,"WB_RESULT:{""mode"":""MAIN_MONOTONIC_V1_DERIVED"",""variant"":""navier_f64"",""N"":256,""checksum"":925519576,""correctness"":""PASS"",""warmup_calls"":0,""start_ms"":29.317,""stop_ms"":1908.729,""elapsed_ms"":1879.412}
",,"[""/home/mzyx/three_engine_20261004/v8-linux64-rel-15.6.21/d8"",""--snapshot_blob=/home/mzyx/three_engine_20261004/v8-linux64-rel-15.6.21/snapshot_blob.bin"",""--max-opt=0"",""--no-lazy"",""/mnt/c/Users/mzyx/Desktop/0921/js-interpreter-bench/experiments/three_engine_baseline/adapters/v8.js"",""/mnt/c/Users/mzyx/Desktop/0921/js-interpreter-bench/experiments/timer_recovery/adapters/v8.js"",""/mnt/c/Users/mzyx/Desktop/0921/js-interpreter-bench/experiments/whitebox_analysis/attempt01/microbench/generated/navier_f64.N256.js""]",/mnt/c/Users/mzyx/Desktop/0921/js-interpreter-bench,2026-10-05T09:01:50.150719+00:00,353263721890,355181594742,f6560751-86c2-43ce-9404-f3eca71582fd,1917872852,selected_correctness,navier,navier_f64,v8,256,0,0,[],0,MAIN_MONOTONIC_V1_DERIVED,wsl2-ubuntu2404-x64-20261004,"[""--max-opt=0"",""--no-lazy""]",83b744a5953d2662ea723564d4035a333782a0cc85232d1025929a925150b133,938ce8e351a82dbf96016843d08030b8ae02cea5bf23fc6555a234cb49531eaf,"[{""path"":""/mnt/c/Users/mzyx/Desktop/0921/js-interpreter-bench/experiments/three_engine_baseline/adapters/v8.js"",""sha256"":""0ab3ed677381191d7e7839cbbc3f07895104a8b8299679ab9f37b856d76d3a22""},{""path"":""/mnt/c/Users/mzyx/Desktop/0921/js-interpreter-bench/experiments/timer_recovery/adapters/v8.js"",""sha256"":""e610d3aa3d2672a5e6d5eccd9aaf05c6ae6758d1b9c4468289f017a231ab7d9f""}]",7354c1868ce2f8a6cc0d43c8be772c69eece3966b70d20df8f98270cddf07e2b,925519576,925519576,"{""mode"":""MAIN_MONOTONIC_V1_DERIVED"",""variant"":""navier_f64"",""N"":256,""checksum"":925519576,""correctness"":""PASS"",""warmup_calls"":0,""start_ms"":29.317,""stop_ms"":1908.729,""elapsed_ms"":1879.412}",1879.412,7.341453125,[],True
0,"WB_RESULT:{""mode"":""MAIN_MONOTONIC_V1_DERIVED"",""variant"":""richards_cached"",""N"":256,""checksum"":41943040,""correctness"":""PASS"",""warmup_calls"":0,""start_ms"":0,""stop_ms"":1411.42,""elapsed_ms"":1411.42}
",,"[""/home/mzyx/jsc_build_fd3406f/JSCOnly/Release/bin/jsc"",""--useJIT=false"",""--useLLInt=true"",""--validateOptions=true"",""/mnt/c/Users/mzyx/Desktop/0921/js-interpreter-bench/experiments/three_engine_baseline/adapters/jsc.js"",""/mnt/c/Users/mzyx/Desktop/0921/js-interpreter-bench/experiments/timer_recovery/adapters/jsc.js"",""/mnt/c/Users/mzyx/Desktop/0921/js-interpreter-bench/experiments/whitebox_analysis/attempt01/microbench/generated/richards_cached.N256.js""]",/mnt/c/Users/mzyx/Desktop/0921/js-interpreter-bench,2026-10-05T09:01:43.741537+00:00,345446786870,346885127561,f6560751-86c2-43ce-9404-f3eca71582fd,1438340691,selected_correctness,richards,richards_cached,jsc,256,0,0,[],0,MAIN_MONOTONIC_V1_DERIVED,wsl2-ubuntu2404-x64-20261004,"[""--useJIT=false"",""--useLLInt=true"",""--validateOptions=true""]",65c824a055405bf62b05e21d54515a72a1f0187a4d91225d00a6da969d35879f,cd82f87df8726d3925d311bc35b59c55c82f34d580c53045efc86fb1db040c6e,"[{""path"":""/mnt/c/Users/mzyx/Desktop/0921/js-interpreter-bench/experiments/three_engine_baseline/adapters/jsc.js"",""sha256"":""f9ddbb9556352e283b9c9feebc8bdd0ef1abac5bcdf1ab7a5d83945fa3c9437b""},{""path"":""/mnt/c/Users/mzyx/Desktop/0921/js-interpreter-bench/experiments/timer_recovery/adapters/jsc.js"",""sha256"":""0c485996a598b7e36f2f292b66397adc0390cbe6b69b55199e47e1c6c1e37010""}]",7354c1868ce2f8a6cc0d43c8be772c69eece3966b70d20df8f98270cddf07e2b,41943040,41943040,"{""mode"":""MAIN_MONOTONIC_V1_DERIVED"",""variant"":""richards_cached"",""N"":256,""checksum"":41943040,""correctness"":""PASS"",""warmup_calls"":0,""start_ms"":0,""stop_ms"":1411.42,""elapsed_ms"":1411.42}",1411.42,5.513359375,[],True
0,"WB_RESULT:{""mode"":""MAIN_MONOTONIC_V1_DERIVED"",""variant"":""richards_cached"",""N"":256,""checksum"":41943040,""correctness"":""PASS"",""warmup_calls"":0,""start_ms"":340931.416019,""stop_ms"":342916.946162,""elapsed_ms"":1985.5301430000109}
",,"[""/home/mzyx/three_engine_20261004/quickjs-04be246001599f5995fa2f2d8c91a0f198d3f34c/qjs"",""-I"",""/mnt/c/Users/mzyx/Desktop/0921/js-interpreter-bench/experiments/three_engine_baseline/adapters/quickjs.js"",""-I"",""/mnt/c/Users/mzyx/Desktop/0921/js-interpreter-bench/experiments/timer_recovery/adapters/quickjs.js"",""/mnt/c/Users/mzyx/Desktop/0921/js-interpreter-bench/experiments/whitebox_analysis/attempt01/microbench/generated/richards_cached.N256.js""]",/mnt/c/Users/mzyx/Desktop/0921/js-interpreter-bench,2026-10-05T09:01:39.774231+00:00,340920297895,342917822185,f6560751-86c2-43ce-9404-f3eca71582fd,1997524290,selected_correctness,richards,richards_cached,quickjs,256,0,0,[],0,MAIN_MONOTONIC_V1_DERIVED,wsl2-ubuntu2404-x64-20261004,[],140d5233b0337d91cb0f994ae4a051e49aa04da8802acfaedf0a01b81a620b79,cd82f87df8726d3925d311bc35b59c55c82f34d580c53045efc86fb1db040c6e,"[{""path"":""/mnt/c/Users/mzyx/Desktop/0921/js-interpreter-bench/experiments/three_engine_baseline/adapters/quickjs.js"",""sha256"":""f20aa7b460675d08600a58945203034feb50b2a3515aba579219f648b1235c6c""},{""path"":""/mnt/c/Users/mzyx/Desktop/0921/js-interpreter-bench/experiments/timer_recovery/adapters/quickjs.js"",""sha256"":""cd393c275173f20526562a008951f65a332deffed85e7c804519788b8ebffab7""}]",7354c1868ce2f8a6cc0d43c8be772c69eece3966b70d20df8f98270cddf07e2b,41943040,41943040,"{""mode"":""MAIN_MONOTONIC_V1_DERIVED"",""variant"":""richards_cached"",""N"":256,""checksum"":41943040,""correctness"":""PASS"",""warmup_calls"":0,""start_ms"":340931.416019,""stop_ms"":342916.946162,""elapsed_ms"":1985.5301430000109}",1985.5301430000109,7.7559771210937924,[],True
0,"WB_RESULT:{""mode"":""MAIN_MONOTONIC_V1_DERIVED"",""variant"":""richards_cached"",""N"":256,""checksum"":41943040,""correctness"":""PASS"",""warmup_calls"":0,""start_ms"":28.569,""stop_ms"":2324.311,""elapsed_ms"":2295.742}
",,"[""/home/mzyx/three_engine_20261004/v8-linux64-rel-15.6.21/d8"",""--snapshot_blob=/home/mzyx/three_engine_20261004/v8-linux64-rel-15.6.21/snapshot_blob.bin"",""--max-opt=0"",""--no-lazy"",""/mnt/c/Users/mzyx/Desktop/0921/js-interpreter-bench/experiments/three_engine_baseline/adapters/v8.js"",""/mnt/c/Users/mzyx/Desktop/0921/js-interpreter-bench/experiments/timer_recovery/adapters/v8.js"",""/mnt/c/Users/mzyx/Desktop/0921/js-interpreter-bench/experiments/whitebox_analysis/attempt01/microbench/generated/richards_cached.N256.js""]",/mnt/c/Users/mzyx/Desktop/0921/js-interpreter-bench,2026-10-05T09:01:42.208272+00:00,343018506269,345351876427,f6560751-86c2-43ce-9404-f3eca71582fd,2333370158,selected_correctness,richards,richards_cached,v8,256,0,0,[],0,MAIN_MONOTONIC_V1_DERIVED,wsl2-ubuntu2404-x64-20261004,"[""--max-opt=0"",""--no-lazy""]",83b744a5953d2662ea723564d4035a333782a0cc85232d1025929a925150b133,cd82f87df8726d3925d311bc35b59c55c82f34d580c53045efc86fb1db040c6e,"[{""path"":""/mnt/c/Users/mzyx/Desktop/0921/js-interpreter-bench/experiments/three_engine_baseline/adapters/v8.js"",""sha256"":""0ab3ed677381191d7e7839cbbc3f07895104a8b8299679ab9f37b856d76d3a22""},{""path"":""/mnt/c/Users/mzyx/Desktop/0921/js-interpreter-bench/experiments/timer_recovery/adapters/v8.js"",""sha256"":""e610d3aa3d2672a5e6d5eccd9aaf05c6ae6758d1b9c4468289f017a231ab7d9f""}]",7354c1868ce2f8a6cc0d43c8be772c69eece3966b70d20df8f98270cddf07e2b,41943040,41943040,"{""mode"":""MAIN_MONOTONIC_V1_DERIVED"",""variant"":""richards_cached"",""N"":256,""checksum"":41943040,""correctness"":""PASS"",""warmup_calls"":0,""start_ms"":28.569,""stop_ms"":2324.311,""elapsed_ms"":2295.742}",2295.742,8.9677421875,[],True
0,"WB_RESULT:{""mode"":""MAIN_MONOTONIC_V1_DERIVED"",""variant"":""richards_fields"",""N"":256,""checksum"":41943040,""correctness"":""PASS"",""warmup_calls"":0,""start_ms"":0,""stop_ms"":1448.66,""elapsed_ms"":1448.66}
",,"[""/home/mzyx/jsc_build_fd3406f/JSCOnly/Release/bin/jsc"",""--useJIT=false"",""--useLLInt=true"",""--validateOptions=true"",""/mnt/c/Users/mzyx/Desktop/0921/js-interpreter-bench/experiments/three_engine_baseline/adapters/jsc.js"",""/mnt/c/Users/mzyx/Desktop/0921/js-interpreter-bench/experiments/timer_recovery/adapters/jsc.js"",""/mnt/c/Users/mzyx/Desktop/0921/js-interpreter-bench/experiments/whitebox_analysis/attempt01/microbench/generated/richards_fields.N256.js""]",/mnt/c/Users/mzyx/Desktop/0921/js-interpreter-bench,2026-10-05T09:01:37.685105+00:00,339354137137,340828693305,f6560751-86c2-43ce-9404-f3eca71582fd,1474556168,selected_correctness,richards,richards_fields,jsc,256,0,0,[],0,MAIN_MONOTONIC_V1_DERIVED,wsl2-ubuntu2404-x64-20261004,"[""--useJIT=false"",""--useLLInt=true"",""--validateOptions=true""]",65c824a055405bf62b05e21d54515a72a1f0187a4d91225d00a6da969d35879f,2d69cd0f378ac81268393d02ed0e875934a3b51acde0b9a357e02651d265c871,"[{""path"":""/mnt/c/Users/mzyx/Desktop/0921/js-interpreter-bench/experiments/three_engine_baseline/adapters/jsc.js"",""sha256"":""f9ddbb9556352e283b9c9feebc8bdd0ef1abac5bcdf1ab7a5d83945fa3c9437b""},{""path"":""/mnt/c/Users/mzyx/Desktop/0921/js-interpreter-bench/experiments/timer_recovery/adapters/jsc.js"",""sha256"":""0c485996a598b7e36f2f292b66397adc0390cbe6b69b55199e47e1c6c1e37010""}]",7354c1868ce2f8a6cc0d43c8be772c69eece3966b70d20df8f98270cddf07e2b,41943040,41943040,"{""mode"":""MAIN_MONOTONIC_V1_DERIVED"",""variant"":""richards_fields"",""N"":256,""checksum"":41943040,""correctness"":""PASS"",""warmup_calls"":0,""start_ms"":0,""stop_ms"":1448.66,""elapsed_ms"":1448.66}",1448.66,5.658828125,[],True
0,"WB_RESULT:{""mode"":""MAIN_MONOTONIC_V1_DERIVED"",""variant"":""richards_fields"",""N"":256,""checksum"":41943040,""correctness"":""PASS"",""warmup_calls"":0,""start_ms"":335167.143394,""stop_ms"":337339.001154,""elapsed_ms"":2171.8577599999844}
",,"[""/home/mzyx/three_engine_20261004/quickjs-04be246001599f5995fa2f2d8c91a0f198d3f34c/qjs"",""-I"",""/mnt/c/Users/mzyx/Desktop/0921/js-interpreter-bench/experiments/three_engine_baseline/adapters/quickjs.js"",""-I"",""/mnt/c/Users/mzyx/Desktop/0921/js-interpreter-bench/experiments/timer_recovery/adapters/quickjs.js"",""/mnt/c/Users/mzyx/Desktop/0921/js-interpreter-bench/experiments/whitebox_analysis/attempt01/microbench/generated/richards_fields.N256.js""]",/mnt/c/Users/mzyx/Desktop/0921/js-interpreter-bench,2026-10-05T09:01:34.196876+00:00,335155523457,337340479012,f6560751-86c2-43ce-9404-f3eca71582fd,2184955555,selected_correctness,richards,richards_fields,quickjs,256,0,0,[],0,MAIN_MONOTONIC_V1_DERIVED,wsl2-ubuntu2404-x64-20261004,[],140d5233b0337d91cb0f994ae4a051e49aa04da8802acfaedf0a01b81a620b79,2d69cd0f378ac81268393d02ed0e875934a3b51acde0b9a357e02651d265c871,"[{""path"":""/mnt/c/Users/mzyx/Desktop/0921/js-interpreter-bench/experiments/three_engine_baseline/adapters/quickjs.js"",""sha256"":""f20aa7b460675d08600a58945203034feb50b2a3515aba579219f648b1235c6c""},{""path"":""/mnt/c/Users/mzyx/Desktop/0921/js-interpreter-bench/experiments/timer_recovery/adapters/quickjs.js"",""sha256"":""cd393c275173f20526562a008951f65a332deffed85e7c804519788b8ebffab7""}]",7354c1868ce2f8a6cc0d43c8be772c69eece3966b70d20df8f98270cddf07e2b,41943040,41943040,"{""mode"":""MAIN_MONOTONIC_V1_DERIVED"",""variant"":""richards_fields"",""N"":256,""checksum"":41943040,""correctness"":""PASS"",""warmup_calls"":0,""start_ms"":335167.143394,""stop_ms"":337339.001154,""elapsed_ms"":2171.8577599999844}",2171.8577599999844,8.483819374999939,[],True
0,"WB_RESULT:{""mode"":""MAIN_MONOTONIC_V1_DERIVED"",""variant"":""richards_fields"",""N"":256,""checksum"":41943040,""correctness"":""PASS"",""warmup_calls"":0,""start_ms"":29.773,""stop_ms"":1809.5,""elapsed_ms"":1779.727}
",,"[""/home/mzyx/three_engine_20261004/v8-linux64-rel-15.6.21/d8"",""--snapshot_blob=/home/mzyx/three_engine_20261004/v8-linux64-rel-15.6.21/snapshot_blob.bin"",""--max-opt=0"",""--no-lazy"",""/mnt/c/Users/mzyx/Desktop/0921/js-interpreter-bench/experiments/three_engine_baseline/adapters/v8.js"",""/mnt/c/Users/mzyx/Desktop/0921/js-interpreter-bench/experiments/timer_recovery/adapters/v8.js"",""/mnt/c/Users/mzyx/Desktop/0921/js-interpreter-bench/experiments/whitebox_analysis/attempt01/microbench/generated/richards_fields.N256.js""]",/mnt/c/Users/mzyx/Desktop/0921/js-interpreter-bench,2026-10-05T09:01:36.108904+00:00,337432894755,339252493972,f6560751-86c2-43ce-9404-f3eca71582fd,1819599217,selected_correctness,richards,richards_fields,v8,256,0,0,[],0,MAIN_MONOTONIC_V1_DERIVED,wsl2-ubuntu2404-x64-20261004,"[""--max-opt=0"",""--no-lazy""]",83b744a5953d2662ea723564d4035a333782a0cc85232d1025929a925150b133,2d69cd0f378ac81268393d02ed0e875934a3b51acde0b9a357e02651d265c871,"[{""path"":""/mnt/c/Users/mzyx/Desktop/0921/js-interpreter-bench/experiments/three_engine_baseline/adapters/v8.js"",""sha256"":""0ab3ed677381191d7e7839cbbc3f07895104a8b8299679ab9f37b856d76d3a22""},{""path"":""/mnt/c/Users/mzyx/Desktop/0921/js-interpreter-bench/experiments/timer_recovery/adapters/v8.js"",""sha256"":""e610d3aa3d2672a5e6d5eccd9aaf05c6ae6758d1b9c4468289f017a231ab7d9f""}]",7354c1868ce2f8a6cc0d43c8be772c69eece3966b70d20df8f98270cddf07e2b,41943040,41943040,"{""mode"":""MAIN_MONOTONIC_V1_DERIVED"",""variant"":""richards_fields"",""N"":256,""checksum"":41943040,""correctness"":""PASS"",""warmup_calls"":0,""start_ms"":29.773,""stop_ms"":1809.5,""elapsed_ms"":1779.727}",1779.727,6.95205859375,[],True
