engine,test,n,wall_time_ns,per_call_ns,stdout,stderr,exit_code,valid,script_sha256
quickjs,3d-cube,1,43344400,43344400.0,CHECKSUM=320,,0,True,482356effb1e142ec7f15afe43a8f09d02e95afb563d0b8ee8e990fb26232d73
v8_ignition,3d-cube,1,57533600,57533600.0,CHECKSUM=320,,0,True,482356effb1e142ec7f15afe43a8f09d02e95afb563d0b8ee8e990fb26232d73
quickjs,3d-cube,2,72550500,36275250.0,CHECKSUM=320,,0,True,bc68b54d5ea6c3066332760e11403d56b9f68e8f804287ea1944efbe534ed149
v8_ignition,3d-cube,2,78166600,39083300.0,CHECKSUM=320,,0,True,bc68b54d5ea6c3066332760e11403d56b9f68e8f804287ea1944efbe534ed149
quickjs,3d-cube,4,153393900,38348475.0,CHECKSUM=320,,0,True,073514b05231f52136dd324cb6b545665928a4a5e606a1824913333406869f61
v8_ignition,3d-cube,4,113602600,28400650.0,CHECKSUM=320,,0,True,073514b05231f52136dd324cb6b545665928a4a5e606a1824913333406869f61
quickjs,3d-cube,8,279212300,34901537.5,CHECKSUM=320,,0,True,306899b47456c6d5c6c9a08b6ba35c3865d632402cc775ea8a6a2176a983ac23
v8_ignition,3d-cube,8,191047000,23880875.0,CHECKSUM=320,,0,True,306899b47456c6d5c6c9a08b6ba35c3865d632402cc775ea8a6a2176a983ac23
quickjs,3d-cube,16,526604600,32912787.5,CHECKSUM=320,,0,True,bc30b827463144ad584749054c0706de2b0ee47cb6ce07af1ba883cc9615d1aa
v8_ignition,3d-cube,16,348728800,21795550.0,CHECKSUM=320,,0,True,bc30b827463144ad584749054c0706de2b0ee47cb6ce07af1ba883cc9615d1aa
quickjs,3d-morph,1,33763500,33763500.0,CHECKSUM=0,,0,True,410d94cc7264e0cf2b5e6424467cd9fd16926f46b992fcb46610f2388160bf50
v8_ignition,3d-morph,1,56925000,56925000.0,CHECKSUM=0,,0,True,410d94cc7264e0cf2b5e6424467cd9fd16926f46b992fcb46610f2388160bf50
quickjs,3d-morph,2,56093200,28046600.0,CHECKSUM=0,,0,True,dda40318f52327f7a43adb526db5cb584f9062e41b0776f7cebb3ac9c1a4cf8e
v8_ignition,3d-morph,2,77261500,38630750.0,CHECKSUM=0,,0,True,dda40318f52327f7a43adb526db5cb584f9062e41b0776f7cebb3ac9c1a4cf8e
quickjs,3d-morph,4,117915500,29478875.0,CHECKSUM=0,,0,True,a945188c8d475f01944ff4d55a8318484c33ad68ebc234e50faf3c6427dfdd0c
v8_ignition,3d-morph,4,128457800,32114450.0,CHECKSUM=0,,0,True,a945188c8d475f01944ff4d55a8318484c33ad68ebc234e50faf3c6427dfdd0c
quickjs,3d-morph,8,206067500,25758437.5,CHECKSUM=0,,0,True,fd5bd998032f9904bd40a69a9fa6fc4caebdb9582e0e919ead1720ec9afe11aa
v8_ignition,3d-morph,8,200629800,25078725.0,CHECKSUM=0,,0,True,fd5bd998032f9904bd40a69a9fa6fc4caebdb9582e0e919ead1720ec9afe11aa
quickjs,3d-raytrace,1,26607600,26607600.0,CHECKSUM=20969,,0,True,e03e3e0915bbd01f7dbd2df183a3c1133d029803c443ce85102cba3b1c7e7e85
v8_ignition,3d-raytrace,1,54370700,54370700.0,CHECKSUM=20970,,0,True,e03e3e0915bbd01f7dbd2df183a3c1133d029803c443ce85102cba3b1c7e7e85
quickjs,3d-raytrace,2,42031000,21015500.0,CHECKSUM=20969,,0,True,92d532c101d5e78b6d0936907c49ad9f68f47491daa2833dba47d3d0947aca0c
v8_ignition,3d-raytrace,2,71278700,35639350.0,CHECKSUM=20970,,0,True,92d532c101d5e78b6d0936907c49ad9f68f47491daa2833dba47d3d0947aca0c
quickjs,3d-raytrace,4,146528400,36632100.0,CHECKSUM=20969,,0,True,33b57aeace8c304692d18c3a15064d5b56b7288529313a63decbbf82df6bdf2b
v8_ignition,3d-raytrace,4,99820200,24955050.0,CHECKSUM=20970,,0,True,33b57aeace8c304692d18c3a15064d5b56b7288529313a63decbbf82df6bdf2b
quickjs,3d-raytrace,8,222363400,27795425.0,CHECKSUM=20969,,0,True,c688287c13c99b16eb900e79a6ed11253dca38a92ca7827e9ad9742d9c761a5e
v8_ignition,3d-raytrace,8,158368500,19796062.5,CHECKSUM=20970,,0,True,c688287c13c99b16eb900e79a6ed11253dca38a92ca7827e9ad9742d9c761a5e
quickjs,3d-raytrace,16,333894400,20868400.0,CHECKSUM=20969,,0,True,a006bac48a32d59b55bfb179110c29cf99c5193bb7fad9ed45c1a770d10a359a
v8_ignition,3d-raytrace,16,278286700,17392918.75,CHECKSUM=20970,,0,True,a006bac48a32d59b55bfb179110c29cf99c5193bb7fad9ed45c1a770d10a359a
quickjs,access-binary-trees,1,22781800,22781800.0,CHECKSUM=-4,,0,True,214d150194967dc8deab31375341ec05b469d81e07cb32d7f4f925a2bdaed33f
v8_ignition,access-binary-trees,1,42711300,42711300.0,CHECKSUM=-4,,0,True,214d150194967dc8deab31375341ec05b469d81e07cb32d7f4f925a2bdaed33f
quickjs,access-binary-trees,2,35007000,17503500.0,CHECKSUM=-4,,0,True,d2dbd233ffe5396305a94e80f03c6bc4e5c5117671eebfaa2d398e06a4999d83
v8_ignition,access-binary-trees,2,48346600,24173300.0,CHECKSUM=-4,,0,True,d2dbd233ffe5396305a94e80f03c6bc4e5c5117671eebfaa2d398e06a4999d83
quickjs,access-binary-trees,4,75388600,18847150.0,CHECKSUM=-4,,0,True,eeb7d4a0a0759a741a71bc1e6d619c8ff2757e89f53ed36d549f49f8079d9497
v8_ignition,access-binary-trees,4,59710400,14927600.0,CHECKSUM=-4,,0,True,eeb7d4a0a0759a741a71bc1e6d619c8ff2757e89f53ed36d549f49f8079d9497
quickjs,access-binary-trees,8,121124200,15140525.0,CHECKSUM=-4,,0,True,22884abfebc131a1ffa718899d9b7239cec1f08554005c56c1e5e4154b30c986
v8_ignition,access-binary-trees,8,80882900,10110362.5,CHECKSUM=-4,,0,True,22884abfebc131a1ffa718899d9b7239cec1f08554005c56c1e5e4154b30c986
quickjs,access-binary-trees,16,222737100,13921068.75,CHECKSUM=-4,,0,True,e9760b2fbad0898fb96f7fed2d5d39962cb7aa96f03c773b731e3d5c74ce9d85
v8_ignition,access-binary-trees,16,127123200,7945200.0,CHECKSUM=-4,,0,True,e9760b2fbad0898fb96f7fed2d5d39962cb7aa96f03c773b731e3d5c74ce9d85
quickjs,access-binary-trees,32,414330100,12947815.625,CHECKSUM=-4,,0,True,d2f0effcffabb4f66feea7d208d33ec1de01e131b98394b5c3f674d9c794e0d6
v8_ignition,access-binary-trees,32,220079000,6877468.75,CHECKSUM=-4,,0,True,d2f0effcffabb4f66feea7d208d33ec1de01e131b98394b5c3f674d9c794e0d6
quickjs,access-fannkuch,1,47107900,47107900.0,CHECKSUM=22,,0,True,08eb023212740c0bbecdf88720a9a27e5a5aac1ee855980c49106b7c6387339f
v8_ignition,access-fannkuch,1,73279200,73279200.0,CHECKSUM=22,,0,True,08eb023212740c0bbecdf88720a9a27e5a5aac1ee855980c49106b7c6387339f
quickjs,access-fannkuch,2,82446100,41223050.0,CHECKSUM=22,,0,True,e47f0080332e8037dab93474d86dfa141af4d59428776e9e71cfd6447776f6a2
v8_ignition,access-fannkuch,2,115567700,57783850.0,CHECKSUM=22,,0,True,e47f0080332e8037dab93474d86dfa141af4d59428776e9e71cfd6447776f6a2
quickjs,access-fannkuch,4,170788100,42697025.0,CHECKSUM=22,,0,True,09712e4f2895af2e839b7bd1a477d872b34c1f6c4061cb5a681df832ec0605fe
v8_ignition,access-fannkuch,4,177427400,44356850.0,CHECKSUM=22,,0,True,09712e4f2895af2e839b7bd1a477d872b34c1f6c4061cb5a681df832ec0605fe
quickjs,access-fannkuch,8,320358500,40044812.5,CHECKSUM=22,,0,True,14ca39c4940cb77dde1c975cf6047a8ca4ff495a4dce7a9c5489b40f7623e23b
v8_ignition,access-fannkuch,8,312507600,39063450.0,CHECKSUM=22,,0,True,14ca39c4940cb77dde1c975cf6047a8ca4ff495a4dce7a9c5489b40f7623e23b
quickjs,access-nbody,1,25846100,25846100.0,CHECKSUM=-1.3524862408537381,,0,True,e9c16c1670be0a25f85ee4e543598cf020943f40913872f1c409383282dd1371
v8_ignition,access-nbody,1,55728200,55728200.0,CHECKSUM=-1.3524862408537381,,0,True,e9c16c1670be0a25f85ee4e543598cf020943f40913872f1c409383282dd1371
quickjs,access-nbody,2,42718600,21359300.0,CHECKSUM=-1.3524862408537381,,0,True,dab7ff317ab0f5056b5a7b050c9edab20f26e329fbe6703fbbe122f0115cbe7d
v8_ignition,access-nbody,2,72206800,36103400.0,CHECKSUM=-1.3524862408537381,,0,True,dab7ff317ab0f5056b5a7b050c9edab20f26e329fbe6703fbbe122f0115cbe7d
quickjs,access-nbody,4,91385200,22846300.0,CHECKSUM=-1.3524862408537381,,0,True,370b7d1b96c01b3d95dc861ea075a7f2507fbebc9997dfa5eeb310dbeba68979
v8_ignition,access-nbody,4,107470700,26867675.0,CHECKSUM=-1.3524862408537381,,0,True,370b7d1b96c01b3d95dc861ea075a7f2507fbebc9997dfa5eeb310dbeba68979
quickjs,access-nbody,8,151847000,18980875.0,CHECKSUM=-1.3524862408537381,,0,True,6a6ee5d015f76b1b5532e4c5b79a90687611103107a712e6ea9a328263d076b8
v8_ignition,access-nbody,8,179291000,22411375.0,CHECKSUM=-1.3524862408537381,,0,True,6a6ee5d015f76b1b5532e4c5b79a90687611103107a712e6ea9a328263d076b8
quickjs,access-nbody,16,275293200,17205825.0,CHECKSUM=-1.3524862408537381,,0,True,0b9a906130c46bbde7af68aced35070d61f38ad3ddcdecfd9556672f7368dfa2
v8_ignition,access-nbody,16,334442600,20902662.5,CHECKSUM=-1.3524862408537381,,0,True,0b9a906130c46bbde7af68aced35070d61f38ad3ddcdecfd9556672f7368dfa2
quickjs,access-nsieve,1,36483400,36483400.0,CHECKSUM=14302,,0,True,97beeae25f000861dc8bea33cc77b72a0a8e699e00f227f6f904d290be088b8a
v8_ignition,access-nsieve,1,45447700,45447700.0,CHECKSUM=14302,,0,True,97beeae25f000861dc8bea33cc77b72a0a8e699e00f227f6f904d290be088b8a
quickjs,access-nsieve,2,59268700,29634350.0,CHECKSUM=14302,,0,True,3ba6521726259690c60ec0f1072deff3fe794c9fd67bf90e0b143f6c4b0e6bcf
v8_ignition,access-nsieve,2,57192800,28596400.0,CHECKSUM=14302,,0,True,3ba6521726259690c60ec0f1072deff3fe794c9fd67bf90e0b143f6c4b0e6bcf
quickjs,access-nsieve,4,120717900,30179475.0,CHECKSUM=14302,,0,True,fa890060ec5a14df17dfd2093f255cca1dd07fb58031877dc9f1f098545ecfec
v8_ignition,access-nsieve,4,78228100,19557025.0,CHECKSUM=14302,,0,True,fa890060ec5a14df17dfd2093f255cca1dd07fb58031877dc9f1f098545ecfec
quickjs,access-nsieve,8,215447100,26930887.5,CHECKSUM=14302,,0,True,411dd5c753ebb327d2554e17478d7dd20335255f27a06cd3323b8853b5499c0c
v8_ignition,access-nsieve,8,116328500,14541062.5,CHECKSUM=14302,,0,True,411dd5c753ebb327d2554e17478d7dd20335255f27a06cd3323b8853b5499c0c
quickjs,access-nsieve,16,409316700,25582293.75,CHECKSUM=14302,,0,True,873688bafdc3d4027bbdc57baede0c0cd0f145e97a9752020bd0d117e771b990
v8_ignition,access-nsieve,16,204208800,12763050.0,CHECKSUM=14302,,0,True,873688bafdc3d4027bbdc57baede0c0cd0f145e97a9752020bd0d117e771b990
quickjs,bitops-3bit-bits-in-byte,1,20427600,20427600.0,CHECKSUM=512000,,0,True,144f9d2e008e0b150c62e05d8cca6b3445ac57a94015f8dc3f55a33f6b20842b
v8_ignition,bitops-3bit-bits-in-byte,1,43720000,43720000.0,CHECKSUM=512000,,0,True,144f9d2e008e0b150c62e05d8cca6b3445ac57a94015f8dc3f55a33f6b20842b
quickjs,bitops-3bit-bits-in-byte,2,29330000,14665000.0,CHECKSUM=512000,,0,True,3a8523a7f4615edd3660a31698dcc2b08431983f4555c4b6d79eb9488f2b2a02
v8_ignition,bitops-3bit-bits-in-byte,2,48527700,24263850.0,CHECKSUM=512000,,0,True,3a8523a7f4615edd3660a31698dcc2b08431983f4555c4b6d79eb9488f2b2a02
quickjs,bitops-3bit-bits-in-byte,4,60333300,15083325.0,CHECKSUM=512000,,0,True,8c19a3ed67a86d402d37becf76aa56d1dec2e5bcd3df2f287e7167fd854beb89
v8_ignition,bitops-3bit-bits-in-byte,4,64858300,16214575.0,CHECKSUM=512000,,0,True,8c19a3ed67a86d402d37becf76aa56d1dec2e5bcd3df2f287e7167fd854beb89
quickjs,bitops-3bit-bits-in-byte,8,102007200,12750900.0,CHECKSUM=512000,,0,True,4835644c409c8c997d1e0d872a349f51783145dd47310a1a8dedf6fbfc6bc8a5
v8_ignition,bitops-3bit-bits-in-byte,8,92710600,11588825.0,CHECKSUM=512000,,0,True,4835644c409c8c997d1e0d872a349f51783145dd47310a1a8dedf6fbfc6bc8a5
quickjs,bitops-3bit-bits-in-byte,16,177011600,11063225.0,CHECKSUM=512000,,0,True,d87076aceb1b67379247b91cdc35ce437c33c0ab02942c4a1b3536f5cc955b8e
v8_ignition,bitops-3bit-bits-in-byte,16,147451400,9215712.5,CHECKSUM=512000,,0,True,d87076aceb1b67379247b91cdc35ce437c33c0ab02942c4a1b3536f5cc955b8e
quickjs,bitops-3bit-bits-in-byte,32,333513700,10422303.125,CHECKSUM=512000,,0,True,595fcbd71ba4c9520f6ce3314b5f1637e4c15b2dcba679ab1e7523a264dae220
v8_ignition,bitops-3bit-bits-in-byte,32,274118900,8566215.625,CHECKSUM=512000,,0,True,595fcbd71ba4c9520f6ce3314b5f1637e4c15b2dcba679ab1e7523a264dae220
quickjs,bitops-bits-in-byte,1,30700400,30700400.0,CHECKSUM=358400,,0,True,97bccc62a3c6d6827e35180623b20a9f47a06e311fd0e33e41108c6b01e77f74
v8_ignition,bitops-bits-in-byte,1,54220300,54220300.0,CHECKSUM=358400,,0,True,97bccc62a3c6d6827e35180623b20a9f47a06e311fd0e33e41108c6b01e77f74
quickjs,bitops-bits-in-byte,2,49187900,24593950.0,CHECKSUM=358400,,0,True,11a434bc8c584f23f27dcbdbad9fae4b8c26059bcb313e51a0c86d0b2569166a
v8_ignition,bitops-bits-in-byte,2,74093900,37046950.0,CHECKSUM=358400,,0,True,11a434bc8c584f23f27dcbdbad9fae4b8c26059bcb313e51a0c86d0b2569166a
quickjs,bitops-bits-in-byte,4,103591100,25897775.0,CHECKSUM=358400,,0,True,61a2aa04dba4bf9ddff94491ee94a51a00f9ddd68e409c1a7dc17dde413fd085
v8_ignition,bitops-bits-in-byte,4,114958800,28739700.0,CHECKSUM=358400,,0,True,61a2aa04dba4bf9ddff94491ee94a51a00f9ddd68e409c1a7dc17dde413fd085
quickjs,bitops-bits-in-byte,8,187498300,23437287.5,CHECKSUM=358400,,0,True,1a7e0d6f4b05c7fe95f40a5eb5fa9dec85e3eb1155b98512fb66540e051b95f1
v8_ignition,bitops-bits-in-byte,8,186106400,23263300.0,CHECKSUM=358400,,0,True,1a7e0d6f4b05c7fe95f40a5eb5fa9dec85e3eb1155b98512fb66540e051b95f1
quickjs,bitops-bits-in-byte,16,340559700,21284981.25,CHECKSUM=358400,,0,True,f5c49904410f845a94f7e2e5534562933d30dbb449a39035ff46077059b2d91e
v8_ignition,bitops-bits-in-byte,16,373555500,23347218.75,CHECKSUM=358400,,0,True,f5c49904410f845a94f7e2e5534562933d30dbb449a39035ff46077059b2d91e
quickjs,bitops-bitwise-and,1,18195900,18195900.0,CHECKSUM=0,,0,True,1cbfb22327a195d53284c9b68676b43e34b78f14a13a44d129296aede11390cf
v8_ignition,bitops-bitwise-and,1,42947800,42947800.0,CHECKSUM=0,,0,True,1cbfb22327a195d53284c9b68676b43e34b78f14a13a44d129296aede11390cf
quickjs,bitops-bitwise-and,2,25875900,12937950.0,CHECKSUM=0,,0,True,c7c0011bb331b2b1a4eb7ed6acddf493a0855db92fd890d6eb1063407e6cb4a1
v8_ignition,bitops-bitwise-and,2,53936500,26968250.0,CHECKSUM=0,,0,True,c7c0011bb331b2b1a4eb7ed6acddf493a0855db92fd890d6eb1063407e6cb4a1
quickjs,bitops-bitwise-and,4,55113800,13778450.0,CHECKSUM=0,,0,True,228b93b50e701e6a7ffeac260cb4905e0873c8b4fbea137939355eb379a754ad
v8_ignition,bitops-bitwise-and,4,75745900,18936475.0,CHECKSUM=0,,0,True,228b93b50e701e6a7ffeac260cb4905e0873c8b4fbea137939355eb379a754ad
quickjs,bitops-bitwise-and,8,83471600,10433950.0,CHECKSUM=0,,0,True,e9de8956b4a1058dbe2c06ed0e267cb3d9d3fa0116f6b764af475b8a46b9dd0c
v8_ignition,bitops-bitwise-and,8,113894300,14236787.5,CHECKSUM=0,,0,True,e9de8956b4a1058dbe2c06ed0e267cb3d9d3fa0116f6b764af475b8a46b9dd0c
quickjs,bitops-bitwise-and,16,150965600,9435350.0,CHECKSUM=0,,0,True,bfb9e7a740e9ccfa34cc34c96594e77da4213577bcf06c47ab785911013a73b1
v8_ignition,bitops-bitwise-and,16,191216300,11951018.75,CHECKSUM=0,,0,True,bfb9e7a740e9ccfa34cc34c96594e77da4213577bcf06c47ab785911013a73b1
quickjs,bitops-bitwise-and,32,279267200,8727100.0,CHECKSUM=0,,0,True,55abb3c2e2f9d778dc2b1d00c814581824294ee6b23b3f900bc95c299fe9e553
v8_ignition,bitops-bitwise-and,32,357106000,11159562.5,CHECKSUM=0,,0,True,55abb3c2e2f9d778dc2b1d00c814581824294ee6b23b3f900bc95c299fe9e553
quickjs,bitops-nsieve-bits,1,27784900,27784900.0,CHECKSUM=-1286749544853,,0,True,0cf96c3f7fafb462e82ae4a79fb6943a8ebf8b9f938200af646ee960d106da93
v8_ignition,bitops-nsieve-bits,1,59666600,59666600.0,CHECKSUM=-1286749544853,,0,True,0cf96c3f7fafb462e82ae4a79fb6943a8ebf8b9f938200af646ee960d106da93
quickjs,bitops-nsieve-bits,2,38516500,19258250.0,CHECKSUM=-1286749544853,,0,True,117578681af8f98326fc600c3f7f2826ad84365200ad8ac07969ddac501ba120
v8_ignition,bitops-nsieve-bits,2,83322300,41661150.0,CHECKSUM=-1286749544853,,0,True,117578681af8f98326fc600c3f7f2826ad84365200ad8ac07969ddac501ba120
quickjs,bitops-nsieve-bits,4,87099500,21774875.0,CHECKSUM=-1286749544853,,0,True,813932a890921ce0595d54593e49ad06f4775800a49b2d9c8e339bc049b9d112
v8_ignition,bitops-nsieve-bits,4,132519000,33129750.0,CHECKSUM=-1286749544853,,0,True,813932a890921ce0595d54593e49ad06f4775800a49b2d9c8e339bc049b9d112
quickjs,bitops-nsieve-bits,8,140028600,17503575.0,CHECKSUM=-1286749544853,,0,True,a0541c7fd68b6b7bce9a8ddc88c581bd3db7891ac5b9ff3fa834f45b658cd9fc
v8_ignition,bitops-nsieve-bits,8,229304700,28663087.5,CHECKSUM=-1286749544853,,0,True,a0541c7fd68b6b7bce9a8ddc88c581bd3db7891ac5b9ff3fa834f45b658cd9fc
quickjs,bitops-nsieve-bits,16,252781200,15798825.0,CHECKSUM=-1286749544853,,0,True,ef254234e894deef49062adf64960bb8c89398a7222917b870c1a20bb070f274
v8_ignition,bitops-nsieve-bits,16,420376000,26273500.0,CHECKSUM=-1286749544853,,0,True,ef254234e894deef49062adf64960bb8c89398a7222917b870c1a20bb070f274
quickjs,controlflow-recursive,1,19529200,19529200.0,CHECKSUM=57775,,0,True,91faf2d89e3d0a20986fa88d26cdb1f26ac80defde879935b00a40114b08a5dd
v8_ignition,controlflow-recursive,1,42552100,42552100.0,CHECKSUM=57775,,0,True,91faf2d89e3d0a20986fa88d26cdb1f26ac80defde879935b00a40114b08a5dd
quickjs,controlflow-recursive,2,27103800,13551900.0,CHECKSUM=57775,,0,True,48604bd3ce0250a0e51379c16c09c2f5fdf5086dc553f3254f9c6328deba14ac
v8_ignition,controlflow-recursive,2,49425200,24712600.0,CHECKSUM=57775,,0,True,48604bd3ce0250a0e51379c16c09c2f5fdf5086dc553f3254f9c6328deba14ac
quickjs,controlflow-recursive,4,59076200,14769050.0,CHECKSUM=57775,,0,True,29765030639aebd72494017c8ab98373819c16f46c66c0a4e88b365f6ecb2eac
v8_ignition,controlflow-recursive,4,63096300,15774075.0,CHECKSUM=57775,,0,True,29765030639aebd72494017c8ab98373819c16f46c66c0a4e88b365f6ecb2eac
quickjs,controlflow-recursive,8,94303000,11787875.0,CHECKSUM=57775,,0,True,3011014f8a43294d4721fcb24ddbacf1ff7bef6d5c0059dda1080b30ef7d763a
v8_ignition,controlflow-recursive,8,93686100,11710762.5,CHECKSUM=57775,,0,True,3011014f8a43294d4721fcb24ddbacf1ff7bef6d5c0059dda1080b30ef7d763a
quickjs,controlflow-recursive,16,158203200,9887700.0,CHECKSUM=57775,,0,True,84c4aa3d1ec5f0ad44168b8746d969edc989c099021cc218e8d933a567480608
v8_ignition,controlflow-recursive,16,150139100,9383693.75,CHECKSUM=57775,,0,True,84c4aa3d1ec5f0ad44168b8746d969edc989c099021cc218e8d933a567480608
quickjs,controlflow-recursive,32,291848400,9120262.5,CHECKSUM=57775,,0,True,2654c7838986abd352cd642a15f55413c6df26469fa39de4ffe77b47bb2cc66c
v8_ignition,controlflow-recursive,32,257637700,8051178.125,CHECKSUM=57775,,0,True,2654c7838986abd352cd642a15f55413c6df26469fa39de4ffe77b47bb2cc66c
quickjs,crypto-aes,1,26726400,26726400.0,CHECKSUM=1343,,0,True,d71dac9b610831b62b5e492715f60ca8d90002726d2f64feaa226796c5817fca
v8_ignition,crypto-aes,1,52925100,52925100.0,CHECKSUM=1343,,0,True,d71dac9b610831b62b5e492715f60ca8d90002726d2f64feaa226796c5817fca
quickjs,crypto-aes,2,41304000,20652000.0,CHECKSUM=1343,,0,True,f36d840e1a8b439cb2d33b8e72878c8d5d780d1e5f5190ebebdd7ab261f9c5be
v8_ignition,crypto-aes,2,68554400,34277200.0,CHECKSUM=1343,,0,True,f36d840e1a8b439cb2d33b8e72878c8d5d780d1e5f5190ebebdd7ab261f9c5be
quickjs,crypto-aes,4,92444500,23111125.0,CHECKSUM=1343,,0,True,b67a5b30d03ace2e98b790593c91dd468a48322c703fb1bad3599f7215361788
v8_ignition,crypto-aes,4,94357300,23589325.0,CHECKSUM=1343,,0,True,b67a5b30d03ace2e98b790593c91dd468a48322c703fb1bad3599f7215361788
quickjs,crypto-aes,8,153120600,19140075.0,CHECKSUM=1343,,0,True,4165e785a3cd7b726634229e6498c6ca26427d1fc5f2291ba69fb381089c2bee
v8_ignition,crypto-aes,8,152068700,19008587.5,CHECKSUM=1343,,0,True,4165e785a3cd7b726634229e6498c6ca26427d1fc5f2291ba69fb381089c2bee
quickjs,crypto-aes,16,273590400,17099400.0,CHECKSUM=1343,,0,True,6de1e96fa9a5b787048aba3f79a67a682f659807b1050cc1ea07efa9fabfc27e
v8_ignition,crypto-aes,16,262321800,16395112.5,CHECKSUM=1343,,0,True,6de1e96fa9a5b787048aba3f79a67a682f659807b1050cc1ea07efa9fabfc27e
quickjs,crypto-md5,1,18433800,18433800.0,CHECKSUM=a831e91e0f70eddcb70dc61c6f82f6cd,,0,True,ac5362e324b5fac77d2a517d2e67c6a2e7b2fdc19977dfd72dcd93a61eb66eab
v8_ignition,crypto-md5,1,46658200,46658200.0,CHECKSUM=a831e91e0f70eddcb70dc61c6f82f6cd,,0,True,ac5362e324b5fac77d2a517d2e67c6a2e7b2fdc19977dfd72dcd93a61eb66eab
quickjs,crypto-md5,2,25843900,12921950.0,CHECKSUM=a831e91e0f70eddcb70dc61c6f82f6cd,,0,True,e617ee07839d9d8f7188f746ae71b2c77e04e79072fdd28d91440ee7ee1c8c52
v8_ignition,crypto-md5,2,53273100,26636550.0,CHECKSUM=a831e91e0f70eddcb70dc61c6f82f6cd,,0,True,e617ee07839d9d8f7188f746ae71b2c77e04e79072fdd28d91440ee7ee1c8c52
quickjs,crypto-md5,4,59872500,14968125.0,CHECKSUM=a831e91e0f70eddcb70dc61c6f82f6cd,,0,True,c7b98ec204fb306810566f7003a172626d5b5d8b474a7cfffe534979e09627da
v8_ignition,crypto-md5,4,69292100,17323025.0,CHECKSUM=a831e91e0f70eddcb70dc61c6f82f6cd,,0,True,c7b98ec204fb306810566f7003a172626d5b5d8b474a7cfffe534979e09627da
quickjs,crypto-md5,8,88394900,11049362.5,CHECKSUM=a831e91e0f70eddcb70dc61c6f82f6cd,,0,True,b9d607e7dad6952e1c899e6193d7032c2b3d6d5b0f65744f7d1ffaf1c1ae1f3e
v8_ignition,crypto-md5,8,100096900,12512112.5,CHECKSUM=a831e91e0f70eddcb70dc61c6f82f6cd,,0,True,b9d607e7dad6952e1c899e6193d7032c2b3d6d5b0f65744f7d1ffaf1c1ae1f3e
quickjs,crypto-md5,16,147411100,9213193.75,CHECKSUM=a831e91e0f70eddcb70dc61c6f82f6cd,,0,True,cd5ad0307457eafa25f85b3e2dc650ac767bb61da6771952c201ac10e3eff327
v8_ignition,crypto-md5,16,161372900,10085806.25,CHECKSUM=a831e91e0f70eddcb70dc61c6f82f6cd,,0,True,cd5ad0307457eafa25f85b3e2dc650ac767bb61da6771952c201ac10e3eff327
quickjs,crypto-md5,32,267114600,8347331.25,CHECKSUM=a831e91e0f70eddcb70dc61c6f82f6cd,,0,True,f56a443c4d90f4f07279686f8c05d146d3a80c1d01bbb27b0661db0bc429d4ab
v8_ignition,crypto-md5,32,289184700,9037021.875,CHECKSUM=a831e91e0f70eddcb70dc61c6f82f6cd,,0,True,f56a443c4d90f4f07279686f8c05d146d3a80c1d01bbb27b0661db0bc429d4ab
quickjs,crypto-sha1,1,18641900,18641900.0,CHECKSUM=2524d264def74cce2498bf112bedf00e6c0b796d,,0,True,6658dd0c90ffb7e284f57cd61f2d737b5e8fd2d25bd68390edfec73d2c5d6cfe
v8_ignition,crypto-sha1,1,49413000,49413000.0,CHECKSUM=2524d264def74cce2498bf112bedf00e6c0b796d,,0,True,6658dd0c90ffb7e284f57cd61f2d737b5e8fd2d25bd68390edfec73d2c5d6cfe
quickjs,crypto-sha1,2,27747600,13873800.0,CHECKSUM=2524d264def74cce2498bf112bedf00e6c0b796d,,0,True,34dbf8a9b35dbc11b766b5ed8e6244f3bf8664533cd47cb88009ba11e54bc107
v8_ignition,crypto-sha1,2,57623300,28811650.0,CHECKSUM=2524d264def74cce2498bf112bedf00e6c0b796d,,0,True,34dbf8a9b35dbc11b766b5ed8e6244f3bf8664533cd47cb88009ba11e54bc107
quickjs,crypto-sha1,4,62148300,15537075.0,CHECKSUM=2524d264def74cce2498bf112bedf00e6c0b796d,,0,True,0d43a3732c24be20bc1e7307b791ee07256df3a545666e2c2db45b629f50bc0d
v8_ignition,crypto-sha1,4,72784800,18196200.0,CHECKSUM=2524d264def74cce2498bf112bedf00e6c0b796d,,0,True,0d43a3732c24be20bc1e7307b791ee07256df3a545666e2c2db45b629f50bc0d
quickjs,crypto-sha1,8,86998300,10874787.5,CHECKSUM=2524d264def74cce2498bf112bedf00e6c0b796d,,0,True,1f2796c657a69405a484ae7ac758787cb26eb1b2be1312d76c918e78f1294003
v8_ignition,crypto-sha1,8,106398600,13299825.0,CHECKSUM=2524d264def74cce2498bf112bedf00e6c0b796d,,0,True,1f2796c657a69405a484ae7ac758787cb26eb1b2be1312d76c918e78f1294003
quickjs,crypto-sha1,16,141766700,8860418.75,CHECKSUM=2524d264def74cce2498bf112bedf00e6c0b796d,,0,True,e0a939b843950acbe503d9dae3370038484f7b9211693720ec4a511cd39b1f59
v8_ignition,crypto-sha1,16,172608100,10788006.25,CHECKSUM=2524d264def74cce2498bf112bedf00e6c0b796d,,0,True,e0a939b843950acbe503d9dae3370038484f7b9211693720ec4a511cd39b1f59
quickjs,crypto-sha1,32,268099800,8378118.75,CHECKSUM=2524d264def74cce2498bf112bedf00e6c0b796d,,0,True,2319a338491746d7c3ee54a212a5e10775313086edde16f7eac411f7781cef49
v8_ignition,crypto-sha1,32,313493000,9796656.25,CHECKSUM=2524d264def74cce2498bf112bedf00e6c0b796d,,0,True,2319a338491746d7c3ee54a212a5e10775313086edde16f7eac411f7781cef49
quickjs,date-format-tofte,1,43848900,43848900.0,"CHECKSUM=2008-05-01|Thursday, May 01, 2008 5:31:22 PM|1209718549000",,0,True,daf9ace6c7441fbb4070a07334f94cfbf9e5719900dc12fe5ee4062bc3694a0a
v8_ignition,date-format-tofte,1,47188600,47188600.0,"CHECKSUM=2008-05-01|Thursday, May 01, 2008 5:31:22 PM|1209718549000",,0,True,daf9ace6c7441fbb4070a07334f94cfbf9e5719900dc12fe5ee4062bc3694a0a
quickjs,date-format-tofte,2,72750600,36375300.0,"CHECKSUM=2008-05-01|Thursday, May 01, 2008 5:31:22 PM|1209718549000",,0,True,06ca53a3dd13e82c281d18579439950a3b10d2b71f4dbf235062f529aaae415a
v8_ignition,date-format-tofte,2,56217700,28108850.0,"CHECKSUM=2008-05-01|Thursday, May 01, 2008 5:31:22 PM|1209718549000",,0,True,06ca53a3dd13e82c281d18579439950a3b10d2b71f4dbf235062f529aaae415a
quickjs,date-format-tofte,4,154390500,38597625.0,"CHECKSUM=2008-05-01|Thursday, May 01, 2008 5:31:22 PM|1209718549000",,0,True,ab1b96bb1050b8151e4ec6f1fd662e58678c489d9e5d651a399fb266fc609e05
v8_ignition,date-format-tofte,4,73753900,18438475.0,"CHECKSUM=2008-05-01|Thursday, May 01, 2008 5:31:22 PM|1209718549000",,0,True,ab1b96bb1050b8151e4ec6f1fd662e58678c489d9e5d651a399fb266fc609e05
quickjs,date-format-tofte,8,274366400,34295800.0,"CHECKSUM=2008-05-01|Thursday, May 01, 2008 5:31:22 PM|1209718549000",,0,True,ea3b5272317952e741e718e3c41af115669b1ab604f1b510b219fe54de521daf
v8_ignition,date-format-tofte,8,106840100,13355012.5,"CHECKSUM=2008-05-01|Thursday, May 01, 2008 5:31:22 PM|1209718549000",,0,True,ea3b5272317952e741e718e3c41af115669b1ab604f1b510b219fe54de521daf
quickjs,date-format-tofte,16,515553600,32222100.0,"CHECKSUM=2008-05-01|Thursday, May 01, 2008 5:31:22 PM|1209718549000",,0,True,91a6b75cddc785b6dd5e38a6a7fe2740e78e51c8ad04309bd49a241f2992c46f
v8_ignition,date-format-tofte,16,178888100,11180506.25,"CHECKSUM=2008-05-01|Thursday, May 01, 2008 5:31:22 PM|1209718549000",,0,True,91a6b75cddc785b6dd5e38a6a7fe2740e78e51c8ad04309bd49a241f2992c46f
quickjs,date-format-tofte,32,995809900,31119059.375,"CHECKSUM=2008-05-01|Thursday, May 01, 2008 5:31:22 PM|1209718549000",,0,True,1372e86a53b36d9b13b6d42615638930ff367abbaee784a4217016668771d440
v8_ignition,date-format-tofte,32,316275200,9883600.0,"CHECKSUM=2008-05-01|Thursday, May 01, 2008 5:31:22 PM|1209718549000",,0,True,1372e86a53b36d9b13b6d42615638930ff367abbaee784a4217016668771d440
quickjs,date-format-xparb,1,31562400,31562400.0,"CHECKSUM=2017-09-05|Tuesday, September 05, 2017 7:43:48 AM|1504652895000",,0,True,ea5c1e2186ba44743d75d49b09dee763fe33c73e6e2f3466813485d86a6d8d7b
v8_ignition,date-format-xparb,1,45384300,45384300.0,"CHECKSUM=2017-09-05|Tuesday, September 05, 2017 7:43:48 AM|1504652895000",,0,True,ea5c1e2186ba44743d75d49b09dee763fe33c73e6e2f3466813485d86a6d8d7b
quickjs,date-format-xparb,2,51992300,25996150.0,"CHECKSUM=2017-09-05|Tuesday, September 05, 2017 7:43:48 AM|1504652895000",,0,True,430f32c25b0489c351f6fbf20d1011c88d00b0bd69fd546a0dec623f0e2251fb
v8_ignition,date-format-xparb,2,48011600,24005800.0,"CHECKSUM=2017-09-05|Tuesday, September 05, 2017 7:43:48 AM|1504652895000",,0,True,430f32c25b0489c351f6fbf20d1011c88d00b0bd69fd546a0dec623f0e2251fb
quickjs,date-format-xparb,4,112926600,28231650.0,"CHECKSUM=2017-09-05|Tuesday, September 05, 2017 7:43:48 AM|1504652895000",,0,True,0c15be395518db3319ddf5fc02ca62e523b02f6908f7347fac922c8c7180c2a7
v8_ignition,date-format-xparb,4,55091900,13772975.0,"CHECKSUM=2017-09-05|Tuesday, September 05, 2017 7:43:48 AM|1504652895000",,0,True,0c15be395518db3319ddf5fc02ca62e523b02f6908f7347fac922c8c7180c2a7
quickjs,date-format-xparb,8,193304000,24163000.0,"CHECKSUM=2017-09-05|Tuesday, September 05, 2017 7:43:48 AM|1504652895000",,0,True,f493fa6c82c1ed2842c03cebb4d9027a3889ab6f8fad3b61b9fd8cf8471c1774
v8_ignition,date-format-xparb,8,72826600,9103325.0,"CHECKSUM=2017-09-05|Tuesday, September 05, 2017 7:43:48 AM|1504652895000",,0,True,f493fa6c82c1ed2842c03cebb4d9027a3889ab6f8fad3b61b9fd8cf8471c1774
quickjs,date-format-xparb,16,367039900,22939993.75,"CHECKSUM=2017-09-05|Tuesday, September 05, 2017 7:43:48 AM|1504652895000",,0,True,831a81176d8ac65bbfe9eebb91deca30cef5091bbbd112d0ced0c30b84c823de
v8_ignition,date-format-xparb,16,108877800,6804862.5,"CHECKSUM=2017-09-05|Tuesday, September 05, 2017 7:43:48 AM|1504652895000",,0,True,831a81176d8ac65bbfe9eebb91deca30cef5091bbbd112d0ced0c30b84c823de
quickjs,date-format-xparb,32,670769000,20961531.25,"CHECKSUM=2017-09-05|Tuesday, September 05, 2017 7:43:48 AM|1504652895000",,0,True,c90eefb919a45bd8733b8f51cf2f1ce2fca0883bca8bea52d4283eb92f416cf3
v8_ignition,date-format-xparb,32,174265400,5445793.75,"CHECKSUM=2017-09-05|Tuesday, September 05, 2017 7:43:48 AM|1504652895000",,0,True,c90eefb919a45bd8733b8f51cf2f1ce2fca0883bca8bea52d4283eb92f416cf3
quickjs,date-format-xparb,64,1330382400,20787225.0,"CHECKSUM=2017-09-05|Tuesday, September 05, 2017 7:43:48 AM|1504652895000",,0,True,4ba90758c83e80e4573d63242bb2849776a30fac9f21bc1195aa3b48477acc4f
v8_ignition,date-format-xparb,64,306235200,4784925.0,"CHECKSUM=2017-09-05|Tuesday, September 05, 2017 7:43:48 AM|1504652895000",,0,True,4ba90758c83e80e4573d63242bb2849776a30fac9f21bc1195aa3b48477acc4f
quickjs,math-cordic,1,32947600,32947600.0,CHECKSUM=10362.570468755888,,0,True,b1e3635616ba731cd23fdbce58c1a07699fe9cc9d3221b4544a15b83dddda66d
v8_ignition,math-cordic,1,55258300,55258300.0,CHECKSUM=10362.570468755888,,0,True,b1e3635616ba731cd23fdbce58c1a07699fe9cc9d3221b4544a15b83dddda66d
quickjs,math-cordic,2,54755200,27377600.0,CHECKSUM=10362.570468755888,,0,True,467316203412eaf2415bf1f100a281bdbefd0c2e1516f4643ea63178b842a5f5
v8_ignition,math-cordic,2,73943800,36971900.0,CHECKSUM=10362.570468755888,,0,True,467316203412eaf2415bf1f100a281bdbefd0c2e1516f4643ea63178b842a5f5
quickjs,math-cordic,4,116237500,29059375.0,CHECKSUM=10362.570468755888,,0,True,711c1dfb07daa29b1371ceafa0ff2a43a026af35ac43e480eaf0e3d7dd32dd6c
v8_ignition,math-cordic,4,113852100,28463025.0,CHECKSUM=10362.570468755888,,0,True,711c1dfb07daa29b1371ceafa0ff2a43a026af35ac43e480eaf0e3d7dd32dd6c
quickjs,math-cordic,8,205139400,25642425.0,CHECKSUM=10362.570468755888,,0,True,40a89927a3d4de05531e0c0169b7e75a79315815e701cbb81d29fca0454cbf5d
v8_ignition,math-cordic,8,177614900,22201862.5,CHECKSUM=10362.570468755888,,0,True,40a89927a3d4de05531e0c0169b7e75a79315815e701cbb81d29fca0454cbf5d
quickjs,math-cordic,16,380701900,23793868.75,CHECKSUM=10362.570468755888,,0,True,5ef0f07deb7ae62267cb78d88ce5cb0a9f6f9eedf8f32c89e8e027a0d55694ca
v8_ignition,math-cordic,16,320733300,20045831.25,CHECKSUM=10362.570468755888,,0,True,5ef0f07deb7ae62267cb78d88ce5cb0a9f6f9eedf8f32c89e8e027a0d55694ca
quickjs,math-partial-sums,1,29085000,29085000.0,CHECKSUM=60.08994194659945,,0,True,e62b49f948574a4023e7faed74c3a3eb98afd12564b07f4ad9da8a3a45124ede
v8_ignition,math-partial-sums,1,48069200,48069200.0,CHECKSUM=60.08994194659945,,0,True,e62b49f948574a4023e7faed74c3a3eb98afd12564b07f4ad9da8a3a45124ede
quickjs,math-partial-sums,2,45389500,22694750.0,CHECKSUM=60.08994194659945,,0,True,c4bfeba3d97245db20311bcb253daded5feafacf1cd11b6116ec79d7a516d7e6
v8_ignition,math-partial-sums,2,63193700,31596850.0,CHECKSUM=60.08994194659945,,0,True,c4bfeba3d97245db20311bcb253daded5feafacf1cd11b6116ec79d7a516d7e6
quickjs,math-partial-sums,4,96349100,24087275.0,CHECKSUM=60.08994194659945,,0,True,8b9157eb41964ea5fba1e85028a8a281dcb663cc458a51d4e9af9398041b81c9
v8_ignition,math-partial-sums,4,85247900,21311975.0,CHECKSUM=60.08994194659945,,0,True,8b9157eb41964ea5fba1e85028a8a281dcb663cc458a51d4e9af9398041b81c9
quickjs,math-partial-sums,8,165218000,20652250.0,CHECKSUM=60.08994194659945,,0,True,87d47b1cb19c0a4a2a121cc56ba1fc4c1245f21cd5e9fece8202ccebdf520fbc
v8_ignition,math-partial-sums,8,129589000,16198625.0,CHECKSUM=60.08994194659945,,0,True,87d47b1cb19c0a4a2a121cc56ba1fc4c1245f21cd5e9fece8202ccebdf520fbc
quickjs,math-partial-sums,16,312329000,19520562.5,CHECKSUM=60.08994194659945,,0,True,00d31496f5edb04d1db4c57cf94dcee22bf029002789061ff65b1f47ca19931e
v8_ignition,math-partial-sums,16,223369800,13960612.5,CHECKSUM=60.08994194659945,,0,True,00d31496f5edb04d1db4c57cf94dcee22bf029002789061ff65b1f47ca19931e
quickjs,math-spectral-norm,1,20523100,20523100.0,CHECKSUM=5.086694231303284,,0,True,2f0e90e3fd291e224ef3513ccdebb32a96dd94fa21fc75d142a857208641d8c6
v8_ignition,math-spectral-norm,1,44325600,44325600.0,CHECKSUM=5.086694231303284,,0,True,2f0e90e3fd291e224ef3513ccdebb32a96dd94fa21fc75d142a857208641d8c6
quickjs,math-spectral-norm,2,31188100,15594050.0,CHECKSUM=5.086694231303284,,0,True,8025f986686fd21980cd417a707f1711fbd04982afbf22b45a583214bc5c7175
v8_ignition,math-spectral-norm,2,52717000,26358500.0,CHECKSUM=5.086694231303284,,0,True,8025f986686fd21980cd417a707f1711fbd04982afbf22b45a583214bc5c7175
quickjs,math-spectral-norm,4,65725200,16431300.0,CHECKSUM=5.086694231303284,,0,True,f187f937b5062cec99c0842f27195c5f7ea6d0ddf425de09ec621048e716a0c5
v8_ignition,math-spectral-norm,4,68571200,17142800.0,CHECKSUM=5.086694231303284,,0,True,f187f937b5062cec99c0842f27195c5f7ea6d0ddf425de09ec621048e716a0c5
quickjs,math-spectral-norm,8,103282600,12910325.0,CHECKSUM=5.086694231303284,,0,True,11832e274a8e36f1004b7e2b6371a020f141d9f9de12db710238cb8f87bcf870
v8_ignition,math-spectral-norm,8,97272100,12159012.5,CHECKSUM=5.086694231303284,,0,True,11832e274a8e36f1004b7e2b6371a020f141d9f9de12db710238cb8f87bcf870
quickjs,math-spectral-norm,16,176412800,11025800.0,CHECKSUM=5.086694231303284,,0,True,d0c70acca615ae22117de374f49c8bbc4ff73de14d1615849daf2109c51d4760
v8_ignition,math-spectral-norm,16,164523900,10282743.75,CHECKSUM=5.086694231303284,,0,True,d0c70acca615ae22117de374f49c8bbc4ff73de14d1615849daf2109c51d4760
quickjs,math-spectral-norm,32,323331600,10104112.5,CHECKSUM=5.086694231303284,,0,True,67383cc3484c0d356590f1e3d3e8f32da407ac5f058211b5d02f7fb87a2906ac
v8_ignition,math-spectral-norm,32,280434400,8763575.0,CHECKSUM=5.086694231303284,,0,True,67383cc3484c0d356590f1e3d3e8f32da407ac5f058211b5d02f7fb87a2906ac
quickjs,regexp-dna,1,95741100,95741100.0,CHECKSUM=249:300056,,0,True,b5c7609f15d1bdadfb7ccebb86a138de2604980446964559cccccda2dbfbe053
v8_ignition,regexp-dna,1,42025000,42025000.0,CHECKSUM=249:300056,,0,True,b5c7609f15d1bdadfb7ccebb86a138de2604980446964559cccccda2dbfbe053
quickjs,regexp-dna,2,173907200,86953600.0,CHECKSUM=249:300056,,0,True,77a0d754da2069deea29da0479cf496bfe9fb4db97037cb5ae786b22f97bb6ab
v8_ignition,regexp-dna,2,43705900,21852950.0,CHECKSUM=249:300056,,0,True,77a0d754da2069deea29da0479cf496bfe9fb4db97037cb5ae786b22f97bb6ab
quickjs,regexp-dna,4,405057400,101264350.0,CHECKSUM=249:300056,,0,True,bd36b2ccf113ff8252cb804eab802251883efefb05a600080be753800047ae55
v8_ignition,regexp-dna,4,47804000,11951000.0,CHECKSUM=249:300056,,0,True,bd36b2ccf113ff8252cb804eab802251883efefb05a600080be753800047ae55
quickjs,regexp-dna,8,724251500,90531437.5,CHECKSUM=249:300056,,0,True,8b08fe33f2fe4c7ee541d51f8931f3055a79d80cb167258dfee65286db4d5302
v8_ignition,regexp-dna,8,57250800,7156350.0,CHECKSUM=249:300056,,0,True,8b08fe33f2fe4c7ee541d51f8931f3055a79d80cb167258dfee65286db4d5302
quickjs,regexp-dna,16,1377455200,86090950.0,CHECKSUM=249:300056,,0,True,d7e67cfc9b0b51a83ad3d0630f4fc7c8dcaf862fea1b3bb3224586ebaf6bde9e
v8_ignition,regexp-dna,16,73512800,4594550.0,CHECKSUM=249:300056,,0,True,d7e67cfc9b0b51a83ad3d0630f4fc7c8dcaf862fea1b3bb3224586ebaf6bde9e
quickjs,regexp-dna,32,2625363300,82042603.125,CHECKSUM=249:300056,,0,True,21170a133f0774f7bc02d8fba9a38ccecdf5919ba1b3ad034234f9885550a103
v8_ignition,regexp-dna,32,100509600,3140925.0,CHECKSUM=249:300056,,0,True,21170a133f0774f7bc02d8fba9a38ccecdf5919ba1b3ad034234f9885550a103
quickjs,regexp-dna,64,5287565300,82618207.8125,CHECKSUM=249:300056,,0,True,fb5fe12470c4640562d2619805af9e2bd1423ec20ef1c6091889ea38c4b9e02c
v8_ignition,regexp-dna,64,172132500,2689570.3125,CHECKSUM=249:300056,,0,True,fb5fe12470c4640562d2619805af9e2bd1423ec20ef1c6091889ea38c4b9e02c
quickjs,regexp-dna,128,10390818100,81178266.40625,CHECKSUM=249:300056,,0,True,a53c6059e0ee97b1bd02370ba00f2310a0b6d2fa86ac87d3a00592bab8072e3a
v8_ignition,regexp-dna,128,285340500,2229222.65625,CHECKSUM=249:300056,,0,True,a53c6059e0ee97b1bd02370ba00f2310a0b6d2fa86ac87d3a00592bab8072e3a
quickjs,string-base64,1,34100900,34100900.0,CHECKSUM=32768,,0,True,ccd906f060f67dd6ef06144222ded2fd08c556d51705e849a67fe07850d0b338
v8_ignition,string-base64,1,44746600,44746600.0,CHECKSUM=32768,,0,True,ccd906f060f67dd6ef06144222ded2fd08c556d51705e849a67fe07850d0b338
quickjs,string-base64,2,56349100,28174550.0,CHECKSUM=32768,,0,True,eb94b7f0e75225338ab16806d5d32145a137797cbd62fbfaf2cd57cf4524672a
v8_ignition,string-base64,2,51114000,25557000.0,CHECKSUM=32768,,0,True,eb94b7f0e75225338ab16806d5d32145a137797cbd62fbfaf2cd57cf4524672a
quickjs,string-base64,4,120459600,30114900.0,CHECKSUM=32768,,0,True,2645cefab48ffa9febdfed4176a9e783837723a06de21ae5550f5d7386c7a2ec
v8_ignition,string-base64,4,63427200,15856800.0,CHECKSUM=32768,,0,True,2645cefab48ffa9febdfed4176a9e783837723a06de21ae5550f5d7386c7a2ec
quickjs,string-base64,8,209491200,26186400.0,CHECKSUM=32768,,0,True,92326448ff6709effd1015c48a5de6ee2d4b1b46709486e24d354547bf25c655
v8_ignition,string-base64,8,87228100,10903512.5,CHECKSUM=32768,,0,True,92326448ff6709effd1015c48a5de6ee2d4b1b46709486e24d354547bf25c655
quickjs,string-base64,16,392273000,24517062.5,CHECKSUM=32768,,0,True,7da36e562b1e2394c01b89f12c6bf803961988cdde708d04dec21068aa00d40c
v8_ignition,string-base64,16,144373900,9023368.75,CHECKSUM=32768,,0,True,7da36e562b1e2394c01b89f12c6bf803961988cdde708d04dec21068aa00d40c
quickjs,string-base64,32,740062900,23126965.625,CHECKSUM=32768,,0,True,e43d3d50e40a2e2fe0ebf5da8d8ad9d0865bade106ae6ef848f13c3324d25a35
v8_ignition,string-base64,32,241942700,7560709.375,CHECKSUM=32768,,0,True,e43d3d50e40a2e2fe0ebf5da8d8ad9d0865bade106ae6ef848f13c3324d25a35
quickjs,string-fasta,1,39567600,39567600.0,CHECKSUM=1456000,,0,True,2964af65925747170a57b89b5098f715f862e85d460c52664eec569ce0eb9bd5
v8_ignition,string-fasta,1,46700200,46700200.0,CHECKSUM=1456000,,0,True,2964af65925747170a57b89b5098f715f862e85d460c52664eec569ce0eb9bd5
quickjs,string-fasta,2,65910900,32955450.0,CHECKSUM=1456000,,0,True,94fe570202909ecfac2611c4985d0eff32138e8d9614e1454ea28e5cf214b892
v8_ignition,string-fasta,2,60064900,30032450.0,CHECKSUM=1456000,,0,True,94fe570202909ecfac2611c4985d0eff32138e8d9614e1454ea28e5cf214b892
quickjs,string-fasta,4,144886000,36221500.0,CHECKSUM=1456000,,0,True,95b296eddb18bd2dc1e454d171177f7e3b0ceef35e4727420aa2fa368614581c
v8_ignition,string-fasta,4,77722500,19430625.0,CHECKSUM=1456000,,0,True,95b296eddb18bd2dc1e454d171177f7e3b0ceef35e4727420aa2fa368614581c
quickjs,string-fasta,8,244777400,30597175.0,CHECKSUM=1456000,,0,True,9b60f2e81782e27156dc6856c29d947ca321cf5bd2616f86d75414626c22b7ba
v8_ignition,string-fasta,8,115507900,14438487.5,CHECKSUM=1456000,,0,True,9b60f2e81782e27156dc6856c29d947ca321cf5bd2616f86d75414626c22b7ba
quickjs,string-fasta,16,460963300,28810206.25,CHECKSUM=1456000,,0,True,668f21a9808e0399a800728b324fcb6b53d7cea72c85ff9efb69050ddcc473d0
v8_ignition,string-fasta,16,199765000,12485312.5,CHECKSUM=1456000,,0,True,668f21a9808e0399a800728b324fcb6b53d7cea72c85ff9efb69050ddcc473d0
quickjs,string-fasta,32,917317600,28666175.0,CHECKSUM=1456000,,0,True,25a4430bd173cf3f8348bb9a343d31af578bbc5592d3801ad1143e663eb17726
v8_ignition,string-fasta,32,347269600,10852175.0,CHECKSUM=1456000,,0,True,25a4430bd173cf3f8348bb9a343d31af578bbc5592d3801ad1143e663eb17726
quickjs,string-tagcloud,1,40134500,40134500.0,CHECKSUM=315241,,0,True,2a98c22748514eeac27a00a220a10cde2135f9c9e16cc44b9e453d1b17e1e1cf
v8_ignition,string-tagcloud,1,47757000,47757000.0,CHECKSUM=315241,,0,True,2a98c22748514eeac27a00a220a10cde2135f9c9e16cc44b9e453d1b17e1e1cf
quickjs,string-tagcloud,2,67629200,33814600.0,CHECKSUM=315241,,0,True,cfcbc47c73cc7cc93ffe89457d6738a1b0eec69df4e72b7e9fecf5814c7c8edc
v8_ignition,string-tagcloud,2,55586600,27793300.0,CHECKSUM=315241,,0,True,cfcbc47c73cc7cc93ffe89457d6738a1b0eec69df4e72b7e9fecf5814c7c8edc
quickjs,string-tagcloud,4,147882400,36970600.0,CHECKSUM=315241,,0,True,f1d71d65ecd37e04537544dcd0c3588d1ae41ae30b30ffa88cbdbab0fbc37e41
v8_ignition,string-tagcloud,4,68849300,17212325.0,CHECKSUM=315241,,0,True,f1d71d65ecd37e04537544dcd0c3588d1ae41ae30b30ffa88cbdbab0fbc37e41
quickjs,string-tagcloud,8,258986900,32373362.5,CHECKSUM=315241,,0,True,d8297afc7b62d87e6e23bfbc30546eb623b024b4d0ce1257c87553cb10336276
v8_ignition,string-tagcloud,8,97919000,12239875.0,CHECKSUM=315241,,0,True,d8297afc7b62d87e6e23bfbc30546eb623b024b4d0ce1257c87553cb10336276
quickjs,string-tagcloud,16,476578200,29786137.5,CHECKSUM=315241,,0,True,7f78463c69eaac4b961680df73cc9a595b16488784bb5f5eb0e0477f8eba19b6
v8_ignition,string-tagcloud,16,145619500,9101218.75,CHECKSUM=315241,,0,True,7f78463c69eaac4b961680df73cc9a595b16488784bb5f5eb0e0477f8eba19b6
quickjs,string-tagcloud,32,945611900,29550371.875,CHECKSUM=315241,,0,True,c7ef7be75b2cf852b77752b22013ad0e51ed13b107fd3349383cd16b29513bbd
v8_ignition,string-tagcloud,32,247564800,7736400.0,CHECKSUM=315241,,0,True,c7ef7be75b2cf852b77752b22013ad0e51ed13b107fd3349383cd16b29513bbd
quickjs,string-unpack-code,1,76568400,76568400.0,CHECKSUM=511508,,0,True,bbd5eeae028b78305486482b81e5024645977cdbb0ed03185b92404217019e0c
v8_ignition,string-unpack-code,1,54767500,54767500.0,CHECKSUM=511508,,0,True,bbd5eeae028b78305486482b81e5024645977cdbb0ed03185b92404217019e0c
quickjs,string-unpack-code,2,132671800,66335900.0,CHECKSUM=511508,,0,True,a1a21fdd74b06646caa498785c862ea8d439ac92c2e98e79c4c2398e37c0259a
v8_ignition,string-unpack-code,2,57769400,28884700.0,CHECKSUM=511508,,0,True,a1a21fdd74b06646caa498785c862ea8d439ac92c2e98e79c4c2398e37c0259a
quickjs,string-unpack-code,4,385482700,96370675.0,CHECKSUM=511508,,0,True,bc91e741bc69818147e38bff325f2b59a912069a29b1e5e8268e5d5c7cf733c7
v8_ignition,string-unpack-code,4,68661800,17165450.0,CHECKSUM=511508,,0,True,bc91e741bc69818147e38bff325f2b59a912069a29b1e5e8268e5d5c7cf733c7
quickjs,string-unpack-code,8,612633500,76579187.5,CHECKSUM=511508,,0,True,b1ba5d5cb00c3fc5d7e12e99b5596e79231e1d9d403af8b55460744013e5ec37
v8_ignition,string-unpack-code,8,101542100,12692762.5,CHECKSUM=511508,,0,True,b1ba5d5cb00c3fc5d7e12e99b5596e79231e1d9d403af8b55460744013e5ec37
quickjs,string-unpack-code,16,1133479800,70842487.5,CHECKSUM=511508,,0,True,e8437413a089afc40c789a4782cd42912193d6e2bf18d71b3bf35640e5bc8911
v8_ignition,string-unpack-code,16,157403200,9837700.0,CHECKSUM=511508,,0,True,e8437413a089afc40c789a4782cd42912193d6e2bf18d71b3bf35640e5bc8911
quickjs,string-unpack-code,32,2110707400,65959606.25,CHECKSUM=511508,,0,True,68a8a79cf599b9d4426388c36ec1db21c49799c4a27ab4f2c0e77c0fdcd2d061
v8_ignition,string-unpack-code,32,258669600,8083425.0,CHECKSUM=511508,,0,True,68a8a79cf599b9d4426388c36ec1db21c49799c4a27ab4f2c0e77c0fdcd2d061
quickjs,string-validate-input,1,25716000,25716000.0,CHECKSUM=462000,,0,True,a91e85f87af92025f8dcb0f7045f42bca283920b9b7b535a1d213785aaba253c
v8_ignition,string-validate-input,1,45287800,45287800.0,CHECKSUM=462000,,0,True,a91e85f87af92025f8dcb0f7045f42bca283920b9b7b535a1d213785aaba253c
quickjs,string-validate-input,2,40819500,20409750.0,CHECKSUM=462000,,0,True,7a664e9db1e750a06c5aa039e0d56b78bb26313fb554720f2d6dc5ee44907686
v8_ignition,string-validate-input,2,52635600,26317800.0,CHECKSUM=462000,,0,True,7a664e9db1e750a06c5aa039e0d56b78bb26313fb554720f2d6dc5ee44907686
quickjs,string-validate-input,4,84751800,21187950.0,CHECKSUM=462000,,0,True,30efa941cd7b8b6b08a3f88144ec0232674157c47ff01278c6331a0355f86da7
v8_ignition,string-validate-input,4,65120600,16280150.0,CHECKSUM=462000,,0,True,30efa941cd7b8b6b08a3f88144ec0232674157c47ff01278c6331a0355f86da7
quickjs,string-validate-input,8,138468000,17308500.0,CHECKSUM=462000,,0,True,0949304650e213bcbafdd7fa65391640a717abe7751cb0dcca4c938f17320efc
v8_ignition,string-validate-input,8,92519400,11564925.0,CHECKSUM=462000,,0,True,0949304650e213bcbafdd7fa65391640a717abe7751cb0dcca4c938f17320efc
quickjs,string-validate-input,16,247685300,15480331.25,CHECKSUM=462000,,0,True,3b0439293bea0cd436ed9a170aa0ddbebfdb0ec114400c38e0a080b82f670a69
v8_ignition,string-validate-input,16,135020300,8438768.75,CHECKSUM=462000,,0,True,3b0439293bea0cd436ed9a170aa0ddbebfdb0ec114400c38e0a080b82f670a69
quickjs,string-validate-input,32,479818600,14994331.25,CHECKSUM=462000,,0,True,c342b03c06ac1759c76d594213f9725dd133b082bed78ad362bcbdf61ff41ac9
v8_ignition,string-validate-input,32,223231700,6975990.625,CHECKSUM=462000,,0,True,c342b03c06ac1759c76d594213f9725dd133b082bed78ad362bcbdf61ff41ac9
