mode,case,repetitions,quickjs_median_ns,quickjs_mean_ns,quickjs_stddev_ns,quickjs_iqr_ns,quickjs_min_ns,quickjs_max_ns,v8_median_ns,v8_mean_ns,v8_stddev_ns,v8_iqr_ns,v8_min_ns,v8_max_ns,ratio_v8_over_quickjs
fixed_source_to_finish,Richards,10,972864350.0,973045130.0,8704247.23990791,6801700.0,955757500.0,988313300.0,559931250.0,562004670.0,7863711.077552521,9938800.0,553407400.0,577544500.0,0.5755491503003476
fixed_source_to_finish,DeltaBlue,10,985835450.0,999716220.0,29376639.516640883,26471300.0,973373600.0,1053495700.0,503864250.0,503781260.0,5236393.075220979,8873900.0,495233300.0,512064300.0,0.5111038054068759
fixed_source_to_finish,Crypto,10,3464004400.0,3467271410.0,55706794.89378991,108426900.0,3388576700.0,3535404300.0,3013727150.0,3007980570.0,36440735.52285653,69574000.0,2960535100.0,3056282800.0,0.8700125063351536
fixed_source_to_finish,RayTrace,10,1261219100.0,1260919460.0,6563779.681657005,7133000.0,1249861900.0,1270459900.0,577725150.0,578437240.0,12634572.010532582,16237900.0,559871500.0,601708700.0,0.45806882404492605
fixed_source_to_finish,EarleyBoyer,10,3991431800.0,3973909770.0,30510478.82828492,46309200.0,3915923900.0,4007509200.0,1423727950.0,1423620100.0,5353498.246110772,5239200.0,1415772000.0,1433465000.0,0.3566960482701972
fixed_source_to_finish,RegExp,10,7338922200.0,7351387260.0,167137499.26755384,114941000.0,7173204400.0,7752700100.0,700617700.0,700307840.0,6811975.963159784,7491400.0,689458200.0,711429400.0,0.0954660208824669
fixed_source_to_finish,Splay,10,1588163050.0,1589180500.0,16151305.44321418,24873900.0,1553810000.0,1606719700.0,590809100.0,590160900.0,5318017.761869131,5171000.0,579103300.0,598007900.0,0.3720078363490449
fixed_source_to_finish,NavierStokes,10,1017105900.0,1011115150.0,17415068.162705153,26037200.0,986737800.0,1035036000.0,1214198500.0,1216469730.0,21856928.780343316,41899300.0,1186302400.0,1245357700.0,1.1937778553835938
fixed_source_to_finish,PdfJS,10,994181500.0,1001848060.0,21106628.36384185,12013300.0,984136800.0,1057582400.0,523055950.0,523084480.0,2267460.1923738373,3094200.0,519364700.0,526480400.0,0.5261171627112353
fixed_source_to_finish,Mandreel,10,8797253200.0,8797450220.0,136216859.3415726,222723400.0,8586816100.0,9037898500.0,7301978250.0,7290025200.0,72856718.62114023,120330100.0,7159406000.0,7372122300.0,0.8300293380210996
fixed_source_to_finish,Gameboy,10,1481772300.0,1481868560.0,7929681.031023744,12451200.0,1469857900.0,1491891200.0,1255639750.0,1256201890.0,8027644.996088344,9870200.0,1243869100.0,1270172600.0,0.8473904863790476
fixed_source_to_finish,CodeLoad,10,1465093400.0,1470930600.0,24346630.46588218,7376200.0,1448453900.0,1537814900.0,629964750.0,633863990.0,12780186.01676917,12133400.0,616415700.0,662501900.0,0.42998265503073047
fixed_source_to_finish,Typescript,10,2280658300.0,2277498880.0,16023539.300167114,24480400.0,2256957800.0,2305063100.0,1290444450.0,1289958690.0,13033772.973697558,29191000.0,1273156000.0,1306025200.0,0.5658210394779437
native_frontend_amortized,Richards,10,3781171.679197995,3830646.5012402474,182371.2963167494,24749.373433581553,3728624.5353159825,4346320.346320345,2038696.5376782073,2042416.2417875356,28430.14746365037,41995.80881828023,1988071.5705765416,2079002.0790020782,0.5391705827307541
native_frontend_amortized,DeltaBlue,10,7664122.137404579,7715699.22790603,207659.42492524526,109207.45920745563,7583333.333333332,8289256.198347106,3648704.608197068,3630154.2264367407,62102.50339217474,108718.48739495873,3533568.904593637,3701107.011070111,0.4760759996751155
native_frontend_amortized,Crypto,10,23367161.737303652,23413419.20227124,351371.31377902615,475914.4382253736,22887018.255950093,24006859.056693684,20705336.11138589,20852703.25263711,487555.54171511333,413414.000522241,20416007.84882486,22095832.94047396,0.8860869088063704
native_frontend_amortized,RayTrace,10,39048076.92307693,39281440.42232277,630610.353875643,538461.5384615958,38749999.99999999,40900000.0,16306451.612903226,16322859.87090059,175501.9577386879,167636.1713379249,16063492.063492052,16716666.666666657,0.4175993518202254
native_frontend_amortized,EarleyBoyer,10,29204128.177858837,29343985.556468207,636957.6780521177,390144.7793223858,28666130.255224925,30849658.755775344,9333428.519629564,9310374.449613038,41895.9347271063,63623.04755433835,9243744.290634522,9350441.48366936,0.31959278026678845
native_frontend_amortized,RegExp,10,221550000.0,223085000.0,5717373.6200383445,10849999.99999991,214600000.00000012,231399999.99999997,19394230.769230776,19399100.71430604,165862.10521546932,269230.7692307718,19075471.69811321,19607843.137254883,0.0875388434630141
native_frontend_amortized,Splay,10,2275315.8003727477,2300195.565901976,67785.04809122825,44204.5948479455,2237136.465324385,2475247.5247524753,909388.2577112047,907160.7954046925,17849.096938586674,18993.070006804308,875656.7425569177,932835.8208955227,0.39967562197837614
native_frontend_amortized,NavierStokes,10,60147058.82352942,59806535.947712414,1433862.2345689326,2781045.751633957,57555555.55555559,61352941.17647058,71490763.54679799,71633727.42200325,570529.0423622109,517241.3793103695,70766666.66666663,72892857.14285718,1.1885994917316045
native_frontend_amortized,PdfJS,10,209299999.99999997,210000000.0,2496219.3635798753,4400000.00000006,205800000.0000001,213400000.00000015,105299999.99999994,105319999.99999999,651152.8238440028,500000.0000001341,104400000.0,106500000.0,0.5031055900621116
native_frontend_amortized,Mandreel,10,1835250000.0000005,1830600000.0000002,26029683.909806836,30000000.0,1773499999.9999986,1864499999.999999,1469625000.0000007,1471625000.0,15479937.733150363,18749999.99999857,1454499999.9999998,1504499999.999999,0.8007764609726197
native_frontend_amortized,Gameboy,10,349416666.6666666,349588095.2380953,3301550.098996815,3499999.9999999404,344857142.8571428,356500000.00000024,300749999.9999999,301849999.99999994,3304458.267922943,5749999.99999994,298000000.00000024,308249999.9999998,0.8607202480324347
native_frontend_amortized,CodeLoad,10,2581882.1399597432,2579018.3315329077,18672.66743002104,18315.04448284302,2545668.795998362,2616402.8884099144,1109067.4329040353,1108976.6143751906,5701.02687472438,8076.194301526062,1101264.1508620554,1119522.543946937,0.4295577306721398
native_frontend_amortized,Typescript,10,2107400000.0,2115759999.9999995,31380078.606232535,14600000.000000477,2078199999.9999993,2188199999.999998,1173800000.0000005,1177960000.0000002,11535375.541736351,13600000.0,1168000000.0,1205600000.0,0.5569896554996681
