exit_code,stdout,stderr,command,cwd,timestamp_utc,outer_start_ns,outer_stop_ns,outer_wall_ns,boot_id,load_average,LD_PRELOAD,stage,variant,engine,N,rep,order,schedule_index,permutation,block_variant_order,cohort,mode,flags,binary_sha256,dependency_hashes,adapter_hashes,script_path,script_sha256,design_sha256,payload,elapsed_ms,elapsed_per_call_ms,checksum,valid,errors
0,"ML_RESULT:{""variant"":""A"",""N"":1,""mode"":""FIRST_CALL_INCLUSIVE_INTERPRETER_MODE_DERIVED_METHOD_LOOKUP_V1"",""start_ms"":0,""stop_ms"":2.74,""elapsed_ms"":2.74,""elapsed_per_call_ms"":2.74,""checksum"":""1:2322:928"",""correctness"":""PASS"",""warmup_calls"":0,""original_assertions_per_run"":1}
",,"[""/home/mzyx/jsc_build_fd3406f/JSCOnly/Release/bin/jsc"",""--useJIT=false"",""--useLLInt=true"",""--validateOptions=true"",""/mnt/c/Users/mzyx/Desktop/0921/js-interpreter-bench/experiments/three_engine_baseline/adapters/jsc.js"",""/mnt/c/Users/mzyx/Desktop/0921/js-interpreter-bench/experiments/timer_recovery/adapters/jsc.js"",""/mnt/c/Users/mzyx/Desktop/0921/js-interpreter-bench/experiments/richards_method_lookup/attempt01/microbench/generated/A.N1.js""]",/mnt/c/Users/mzyx/Desktop/0921/js-interpreter-bench,2026-10-08T14:19:52.158154+00:00,93190987574,93223424279,32436705,4ef67569-6a6b-4f4d-8c1a-16b8ac8c99ed,"[0.90185546875,0.31787109375,0.11572265625]",,correctness,A,jsc,1,0,0,-1,[],[],wsl2-ubuntu2404-x64-20261004,FIRST_CALL_INCLUSIVE_INTERPRETER_MODE_DERIVED_METHOD_LOOKUP_V1,"[""--useJIT=false"",""--useLLInt=true"",""--validateOptions=true""]",65c824a055405bf62b05e21d54515a72a1f0187a4d91225d00a6da969d35879f,"{""/home/mzyx/jsc_build_fd3406f/JSCOnly/Release/lib/libJavaScriptCore.so.1.0.0"":""2ba4fe56f79c97cafafe065454bd5b5c6c168e536ab00d33d5cc48f65b375f79"",""/usr/lib/x86_64-linux-gnu/libstdc++.so.6.0.33"":""1fd75fe70354a416d75aef22bcae68c47bd25d20e2d0568c30b1a9838cf62f11"",""/usr/lib/x86_64-linux-gnu/libm.so.6"":""fce00b6f25f459cf4ae0b7fae4257909a1a8a86f9149e7c029a5d617baf1ccd0"",""/usr/lib/x86_64-linux-gnu/libc.so.6"":""3a15d66867d83762c7f2f1e37359cb8f6c5743edb369c65285cb0b1c4f7498bf"",""/usr/lib/x86_64-linux-gnu/libatomic.so.1.2.0"":""9d8a34468e614a71a6427dbabb0ac24eb8cb1e324dc6aa3bf95eb6f59201f000"",""/usr/lib/x86_64-linux-gnu/libicui18n.so.74.2"":""3550b194eb2cf2e6f798f033eb9ca279d498c21296b4a18790ce158d2023e47b"",""/usr/lib/x86_64-linux-gnu/libicuuc.so.74.2"":""7560aadde38e5f4237a47a1ddd5891f9b36768a77a60faae30beee003ac01901"",""/usr/lib/x86_64-linux-gnu/libgcc_s.so.1"":""d93224d2b0dab4247598be683adca02f5cf00586f99c187579cd7e92058fb7cb"",""/usr/lib/x86_64-linux-gnu/ld-linux-x86-64.so.2"":""c20a2dc8917c755f02b94049356320fe1f62ac7d9f8994731f807d9df39302da"",""/usr/lib/x86_64-linux-gnu/libicudata.so.74.2"":""ddbb3718b8bd9cbd780e5ab08b4503c30a6c4fa0706ebe5d074ed6b596c1714e""}","{""/mnt/c/Users/mzyx/Desktop/0921/js-interpreter-bench/experiments/three_engine_baseline/adapters/jsc.js"":""f9ddbb9556352e283b9c9feebc8bdd0ef1abac5bcdf1ab7a5d83945fa3c9437b"",""/mnt/c/Users/mzyx/Desktop/0921/js-interpreter-bench/experiments/timer_recovery/adapters/jsc.js"":""0c485996a598b7e36f2f292b66397adc0390cbe6b69b55199e47e1c6c1e37010""}",/mnt/c/Users/mzyx/Desktop/0921/js-interpreter-bench/experiments/richards_method_lookup/attempt01/microbench/generated/A.N1.js,03ae0fe2060f4871f997df4134cb9ae33711728a13759bfe984e1e1626d1bc5f,b7c78fecb179c090ff9c614b71471956942482d0c52136c333866b7fed734562,"{""variant"":""A"",""N"":1,""mode"":""FIRST_CALL_INCLUSIVE_INTERPRETER_MODE_DERIVED_METHOD_LOOKUP_V1"",""start_ms"":0,""stop_ms"":2.74,""elapsed_ms"":2.74,""elapsed_per_call_ms"":2.74,""checksum"":""1:2322:928"",""correctness"":""PASS"",""warmup_calls"":0,""original_assertions_per_run"":1}",2.74,2.74,1:2322:928,True,[]
0,"ML_RESULT:{""variant"":""A"",""N"":2,""mode"":""FIRST_CALL_INCLUSIVE_INTERPRETER_MODE_DERIVED_METHOD_LOOKUP_V1"",""start_ms"":0,""stop_ms"":4.68,""elapsed_ms"":4.68,""elapsed_per_call_ms"":2.34,""checksum"":""2:2322:928"",""correctness"":""PASS"",""warmup_calls"":0,""original_assertions_per_run"":1}
",,"[""/home/mzyx/jsc_build_fd3406f/JSCOnly/Release/bin/jsc"",""--useJIT=false"",""--useLLInt=true"",""--validateOptions=true"",""/mnt/c/Users/mzyx/Desktop/0921/js-interpreter-bench/experiments/three_engine_baseline/adapters/jsc.js"",""/mnt/c/Users/mzyx/Desktop/0921/js-interpreter-bench/experiments/timer_recovery/adapters/jsc.js"",""/mnt/c/Users/mzyx/Desktop/0921/js-interpreter-bench/experiments/richards_method_lookup/attempt01/microbench/generated/A.N2.js""]",/mnt/c/Users/mzyx/Desktop/0921/js-interpreter-bench,2026-10-08T14:19:52.595672+00:00,93628505464,93658834666,30329202,4ef67569-6a6b-4f4d-8c1a-16b8ac8c99ed,"[0.90185546875,0.31787109375,0.11572265625]",,correctness,A,jsc,2,0,0,-1,[],[],wsl2-ubuntu2404-x64-20261004,FIRST_CALL_INCLUSIVE_INTERPRETER_MODE_DERIVED_METHOD_LOOKUP_V1,"[""--useJIT=false"",""--useLLInt=true"",""--validateOptions=true""]",65c824a055405bf62b05e21d54515a72a1f0187a4d91225d00a6da969d35879f,"{""/home/mzyx/jsc_build_fd3406f/JSCOnly/Release/lib/libJavaScriptCore.so.1.0.0"":""2ba4fe56f79c97cafafe065454bd5b5c6c168e536ab00d33d5cc48f65b375f79"",""/usr/lib/x86_64-linux-gnu/libstdc++.so.6.0.33"":""1fd75fe70354a416d75aef22bcae68c47bd25d20e2d0568c30b1a9838cf62f11"",""/usr/lib/x86_64-linux-gnu/libm.so.6"":""fce00b6f25f459cf4ae0b7fae4257909a1a8a86f9149e7c029a5d617baf1ccd0"",""/usr/lib/x86_64-linux-gnu/libc.so.6"":""3a15d66867d83762c7f2f1e37359cb8f6c5743edb369c65285cb0b1c4f7498bf"",""/usr/lib/x86_64-linux-gnu/libatomic.so.1.2.0"":""9d8a34468e614a71a6427dbabb0ac24eb8cb1e324dc6aa3bf95eb6f59201f000"",""/usr/lib/x86_64-linux-gnu/libicui18n.so.74.2"":""3550b194eb2cf2e6f798f033eb9ca279d498c21296b4a18790ce158d2023e47b"",""/usr/lib/x86_64-linux-gnu/libicuuc.so.74.2"":""7560aadde38e5f4237a47a1ddd5891f9b36768a77a60faae30beee003ac01901"",""/usr/lib/x86_64-linux-gnu/libgcc_s.so.1"":""d93224d2b0dab4247598be683adca02f5cf00586f99c187579cd7e92058fb7cb"",""/usr/lib/x86_64-linux-gnu/ld-linux-x86-64.so.2"":""c20a2dc8917c755f02b94049356320fe1f62ac7d9f8994731f807d9df39302da"",""/usr/lib/x86_64-linux-gnu/libicudata.so.74.2"":""ddbb3718b8bd9cbd780e5ab08b4503c30a6c4fa0706ebe5d074ed6b596c1714e""}","{""/mnt/c/Users/mzyx/Desktop/0921/js-interpreter-bench/experiments/three_engine_baseline/adapters/jsc.js"":""f9ddbb9556352e283b9c9feebc8bdd0ef1abac5bcdf1ab7a5d83945fa3c9437b"",""/mnt/c/Users/mzyx/Desktop/0921/js-interpreter-bench/experiments/timer_recovery/adapters/jsc.js"":""0c485996a598b7e36f2f292b66397adc0390cbe6b69b55199e47e1c6c1e37010""}",/mnt/c/Users/mzyx/Desktop/0921/js-interpreter-bench/experiments/richards_method_lookup/attempt01/microbench/generated/A.N2.js,151a3665d1dd3b08e1c0bdeaf22ceb40682d4ffeecd68a8859f9eec58fa1bf06,b7c78fecb179c090ff9c614b71471956942482d0c52136c333866b7fed734562,"{""variant"":""A"",""N"":2,""mode"":""FIRST_CALL_INCLUSIVE_INTERPRETER_MODE_DERIVED_METHOD_LOOKUP_V1"",""start_ms"":0,""stop_ms"":4.68,""elapsed_ms"":4.68,""elapsed_per_call_ms"":2.34,""checksum"":""2:2322:928"",""correctness"":""PASS"",""warmup_calls"":0,""original_assertions_per_run"":1}",4.68,2.34,2:2322:928,True,[]
0,"ML_RESULT:{""variant"":""A"",""N"":1,""mode"":""FIRST_CALL_INCLUSIVE_INTERPRETER_MODE_DERIVED_METHOD_LOOKUP_V1"",""start_ms"":92903.351183,""stop_ms"":92906.912728,""elapsed_ms"":3.5615449999895645,""elapsed_per_call_ms"":3.5615449999895645,""checksum"":""1:2322:928"",""correctness"":""PASS"",""warmup_calls"":0,""original_assertions_per_run"":1}
",,"[""/home/mzyx/three_engine_20261004/quickjs-04be246001599f5995fa2f2d8c91a0f198d3f34c/qjs"",""-I"",""/mnt/c/Users/mzyx/Desktop/0921/js-interpreter-bench/experiments/three_engine_baseline/adapters/quickjs.js"",""-I"",""/mnt/c/Users/mzyx/Desktop/0921/js-interpreter-bench/experiments/timer_recovery/adapters/quickjs.js"",""/mnt/c/Users/mzyx/Desktop/0921/js-interpreter-bench/experiments/richards_method_lookup/attempt01/microbench/generated/A.N1.js""]",/mnt/c/Users/mzyx/Desktop/0921/js-interpreter-bench,2026-10-08T14:19:51.849860+00:00,92882692312,92907678373,24986061,4ef67569-6a6b-4f4d-8c1a-16b8ac8c99ed,"[0.90185546875,0.31787109375,0.11572265625]",,correctness,A,quickjs,1,0,0,-1,[],[],wsl2-ubuntu2404-x64-20261004,FIRST_CALL_INCLUSIVE_INTERPRETER_MODE_DERIVED_METHOD_LOOKUP_V1,[],140d5233b0337d91cb0f994ae4a051e49aa04da8802acfaedf0a01b81a620b79,"{""/usr/lib/x86_64-linux-gnu/libm.so.6"":""fce00b6f25f459cf4ae0b7fae4257909a1a8a86f9149e7c029a5d617baf1ccd0"",""/usr/lib/x86_64-linux-gnu/libc.so.6"":""3a15d66867d83762c7f2f1e37359cb8f6c5743edb369c65285cb0b1c4f7498bf"",""/usr/lib/x86_64-linux-gnu/ld-linux-x86-64.so.2"":""c20a2dc8917c755f02b94049356320fe1f62ac7d9f8994731f807d9df39302da""}","{""/mnt/c/Users/mzyx/Desktop/0921/js-interpreter-bench/experiments/three_engine_baseline/adapters/quickjs.js"":""f20aa7b460675d08600a58945203034feb50b2a3515aba579219f648b1235c6c"",""/mnt/c/Users/mzyx/Desktop/0921/js-interpreter-bench/experiments/timer_recovery/adapters/quickjs.js"":""cd393c275173f20526562a008951f65a332deffed85e7c804519788b8ebffab7""}",/mnt/c/Users/mzyx/Desktop/0921/js-interpreter-bench/experiments/richards_method_lookup/attempt01/microbench/generated/A.N1.js,03ae0fe2060f4871f997df4134cb9ae33711728a13759bfe984e1e1626d1bc5f,b7c78fecb179c090ff9c614b71471956942482d0c52136c333866b7fed734562,"{""variant"":""A"",""N"":1,""mode"":""FIRST_CALL_INCLUSIVE_INTERPRETER_MODE_DERIVED_METHOD_LOOKUP_V1"",""start_ms"":92903.351183,""stop_ms"":92906.912728,""elapsed_ms"":3.5615449999895645,""elapsed_per_call_ms"":3.5615449999895645,""checksum"":""1:2322:928"",""correctness"":""PASS"",""warmup_calls"":0,""original_assertions_per_run"":1}",3.5615449999895645,3.5615449999895645,1:2322:928,True,[]
0,"ML_RESULT:{""variant"":""A"",""N"":2,""mode"":""FIRST_CALL_INCLUSIVE_INTERPRETER_MODE_DERIVED_METHOD_LOOKUP_V1"",""start_ms"":93351.564069,""stop_ms"":93359.134714,""elapsed_ms"":7.570644999999786,""elapsed_per_call_ms"":3.785322499999893,""checksum"":""2:2322:928"",""correctness"":""PASS"",""warmup_calls"":0,""original_assertions_per_run"":1}
",,"[""/home/mzyx/three_engine_20261004/quickjs-04be246001599f5995fa2f2d8c91a0f198d3f34c/qjs"",""-I"",""/mnt/c/Users/mzyx/Desktop/0921/js-interpreter-bench/experiments/three_engine_baseline/adapters/quickjs.js"",""-I"",""/mnt/c/Users/mzyx/Desktop/0921/js-interpreter-bench/experiments/timer_recovery/adapters/quickjs.js"",""/mnt/c/Users/mzyx/Desktop/0921/js-interpreter-bench/experiments/richards_method_lookup/attempt01/microbench/generated/A.N2.js""]",/mnt/c/Users/mzyx/Desktop/0921/js-interpreter-bench,2026-10-08T14:19:52.303167+00:00,93335999638,93359713488,23713850,4ef67569-6a6b-4f4d-8c1a-16b8ac8c99ed,"[0.90185546875,0.31787109375,0.11572265625]",,correctness,A,quickjs,2,0,0,-1,[],[],wsl2-ubuntu2404-x64-20261004,FIRST_CALL_INCLUSIVE_INTERPRETER_MODE_DERIVED_METHOD_LOOKUP_V1,[],140d5233b0337d91cb0f994ae4a051e49aa04da8802acfaedf0a01b81a620b79,"{""/usr/lib/x86_64-linux-gnu/libm.so.6"":""fce00b6f25f459cf4ae0b7fae4257909a1a8a86f9149e7c029a5d617baf1ccd0"",""/usr/lib/x86_64-linux-gnu/libc.so.6"":""3a15d66867d83762c7f2f1e37359cb8f6c5743edb369c65285cb0b1c4f7498bf"",""/usr/lib/x86_64-linux-gnu/ld-linux-x86-64.so.2"":""c20a2dc8917c755f02b94049356320fe1f62ac7d9f8994731f807d9df39302da""}","{""/mnt/c/Users/mzyx/Desktop/0921/js-interpreter-bench/experiments/three_engine_baseline/adapters/quickjs.js"":""f20aa7b460675d08600a58945203034feb50b2a3515aba579219f648b1235c6c"",""/mnt/c/Users/mzyx/Desktop/0921/js-interpreter-bench/experiments/timer_recovery/adapters/quickjs.js"":""cd393c275173f20526562a008951f65a332deffed85e7c804519788b8ebffab7""}",/mnt/c/Users/mzyx/Desktop/0921/js-interpreter-bench/experiments/richards_method_lookup/attempt01/microbench/generated/A.N2.js,151a3665d1dd3b08e1c0bdeaf22ceb40682d4ffeecd68a8859f9eec58fa1bf06,b7c78fecb179c090ff9c614b71471956942482d0c52136c333866b7fed734562,"{""variant"":""A"",""N"":2,""mode"":""FIRST_CALL_INCLUSIVE_INTERPRETER_MODE_DERIVED_METHOD_LOOKUP_V1"",""start_ms"":93351.564069,""stop_ms"":93359.134714,""elapsed_ms"":7.570644999999786,""elapsed_per_call_ms"":3.785322499999893,""checksum"":""2:2322:928"",""correctness"":""PASS"",""warmup_calls"":0,""original_assertions_per_run"":1}",7.570644999999786,3.785322499999893,2:2322:928,True,[]
0,"ML_RESULT:{""variant"":""A"",""N"":1,""mode"":""FIRST_CALL_INCLUSIVE_INTERPRETER_MODE_DERIVED_METHOD_LOOKUP_V1"",""start_ms"":37.223,""stop_ms"":39.721,""elapsed_ms"":2.4979999999999976,""elapsed_per_call_ms"":2.4979999999999976,""checksum"":""1:2322:928"",""correctness"":""PASS"",""warmup_calls"":0,""original_assertions_per_run"":1}
",,"[""/home/mzyx/three_engine_20261004/v8-linux64-rel-15.6.21/d8"",""--snapshot_blob=/home/mzyx/three_engine_20261004/v8-linux64-rel-15.6.21/snapshot_blob.bin"",""--max-opt=0"",""--no-lazy"",""/mnt/c/Users/mzyx/Desktop/0921/js-interpreter-bench/experiments/three_engine_baseline/adapters/v8.js"",""/mnt/c/Users/mzyx/Desktop/0921/js-interpreter-bench/experiments/timer_recovery/adapters/v8.js"",""/mnt/c/Users/mzyx/Desktop/0921/js-interpreter-bench/experiments/richards_method_lookup/attempt01/microbench/generated/A.N1.js""]",/mnt/c/Users/mzyx/Desktop/0921/js-interpreter-bench,2026-10-08T14:19:51.996106+00:00,93028938651,93078613095,49674444,4ef67569-6a6b-4f4d-8c1a-16b8ac8c99ed,"[0.90185546875,0.31787109375,0.11572265625]",,correctness,A,v8,1,0,0,-1,[],[],wsl2-ubuntu2404-x64-20261004,FIRST_CALL_INCLUSIVE_INTERPRETER_MODE_DERIVED_METHOD_LOOKUP_V1,"[""--max-opt=0"",""--no-lazy""]",83b744a5953d2662ea723564d4035a333782a0cc85232d1025929a925150b133,"{""/home/mzyx/three_engine_20261004/v8-linux64-rel-15.6.21/snapshot_blob.bin"":""5af8f6d23e18aca97e3d89b1cab0815a56235c29f37728ffe10255fdea035749"",""/home/mzyx/three_engine_20261004/v8-linux64-rel-15.6.21/icudtl.dat"":""495c45cc7a65562ec461f860c310c6b66e006acd96833f61d1aa31f77fe18cf1"",""/usr/lib/x86_64-linux-gnu/libpthread.so.0"":""90491a21ce44efcf3bd4b65ec82501c091d7ebe7f8d9b341dd01d721001d9ecd"",""/usr/lib/x86_64-linux-gnu/libm.so.6"":""fce00b6f25f459cf4ae0b7fae4257909a1a8a86f9149e7c029a5d617baf1ccd0"",""/usr/lib/x86_64-linux-gnu/libgcc_s.so.1"":""d93224d2b0dab4247598be683adca02f5cf00586f99c187579cd7e92058fb7cb"",""/usr/lib/x86_64-linux-gnu/libc.so.6"":""3a15d66867d83762c7f2f1e37359cb8f6c5743edb369c65285cb0b1c4f7498bf"",""/usr/lib/x86_64-linux-gnu/ld-linux-x86-64.so.2"":""c20a2dc8917c755f02b94049356320fe1f62ac7d9f8994731f807d9df39302da""}","{""/mnt/c/Users/mzyx/Desktop/0921/js-interpreter-bench/experiments/three_engine_baseline/adapters/v8.js"":""0ab3ed677381191d7e7839cbbc3f07895104a8b8299679ab9f37b856d76d3a22"",""/mnt/c/Users/mzyx/Desktop/0921/js-interpreter-bench/experiments/timer_recovery/adapters/v8.js"":""e610d3aa3d2672a5e6d5eccd9aaf05c6ae6758d1b9c4468289f017a231ab7d9f""}",/mnt/c/Users/mzyx/Desktop/0921/js-interpreter-bench/experiments/richards_method_lookup/attempt01/microbench/generated/A.N1.js,03ae0fe2060f4871f997df4134cb9ae33711728a13759bfe984e1e1626d1bc5f,b7c78fecb179c090ff9c614b71471956942482d0c52136c333866b7fed734562,"{""variant"":""A"",""N"":1,""mode"":""FIRST_CALL_INCLUSIVE_INTERPRETER_MODE_DERIVED_METHOD_LOOKUP_V1"",""start_ms"":37.223,""stop_ms"":39.721,""elapsed_ms"":2.4979999999999976,""elapsed_per_call_ms"":2.4979999999999976,""checksum"":""1:2322:928"",""correctness"":""PASS"",""warmup_calls"":0,""original_assertions_per_run"":1}",2.4979999999999976,2.4979999999999976,1:2322:928,True,[]
0,"ML_RESULT:{""variant"":""A"",""N"":2,""mode"":""FIRST_CALL_INCLUSIVE_INTERPRETER_MODE_DERIVED_METHOD_LOOKUP_V1"",""start_ms"":27.525,""stop_ms"":31.933,""elapsed_ms"":4.408000000000001,""elapsed_per_call_ms"":2.2040000000000006,""checksum"":""2:2322:928"",""correctness"":""PASS"",""warmup_calls"":0,""original_assertions_per_run"":1}
",,"[""/home/mzyx/three_engine_20261004/v8-linux64-rel-15.6.21/d8"",""--snapshot_blob=/home/mzyx/three_engine_20261004/v8-linux64-rel-15.6.21/snapshot_blob.bin"",""--max-opt=0"",""--no-lazy"",""/mnt/c/Users/mzyx/Desktop/0921/js-interpreter-bench/experiments/three_engine_baseline/adapters/v8.js"",""/mnt/c/Users/mzyx/Desktop/0921/js-interpreter-bench/experiments/timer_recovery/adapters/v8.js"",""/mnt/c/Users/mzyx/Desktop/0921/js-interpreter-bench/experiments/richards_method_lookup/attempt01/microbench/generated/A.N2.js""]",/mnt/c/Users/mzyx/Desktop/0921/js-interpreter-bench,2026-10-08T14:19:52.443224+00:00,93476057410,93515607914,39550504,4ef67569-6a6b-4f4d-8c1a-16b8ac8c99ed,"[0.90185546875,0.31787109375,0.11572265625]",,correctness,A,v8,2,0,0,-1,[],[],wsl2-ubuntu2404-x64-20261004,FIRST_CALL_INCLUSIVE_INTERPRETER_MODE_DERIVED_METHOD_LOOKUP_V1,"[""--max-opt=0"",""--no-lazy""]",83b744a5953d2662ea723564d4035a333782a0cc85232d1025929a925150b133,"{""/home/mzyx/three_engine_20261004/v8-linux64-rel-15.6.21/snapshot_blob.bin"":""5af8f6d23e18aca97e3d89b1cab0815a56235c29f37728ffe10255fdea035749"",""/home/mzyx/three_engine_20261004/v8-linux64-rel-15.6.21/icudtl.dat"":""495c45cc7a65562ec461f860c310c6b66e006acd96833f61d1aa31f77fe18cf1"",""/usr/lib/x86_64-linux-gnu/libpthread.so.0"":""90491a21ce44efcf3bd4b65ec82501c091d7ebe7f8d9b341dd01d721001d9ecd"",""/usr/lib/x86_64-linux-gnu/libm.so.6"":""fce00b6f25f459cf4ae0b7fae4257909a1a8a86f9149e7c029a5d617baf1ccd0"",""/usr/lib/x86_64-linux-gnu/libgcc_s.so.1"":""d93224d2b0dab4247598be683adca02f5cf00586f99c187579cd7e92058fb7cb"",""/usr/lib/x86_64-linux-gnu/libc.so.6"":""3a15d66867d83762c7f2f1e37359cb8f6c5743edb369c65285cb0b1c4f7498bf"",""/usr/lib/x86_64-linux-gnu/ld-linux-x86-64.so.2"":""c20a2dc8917c755f02b94049356320fe1f62ac7d9f8994731f807d9df39302da""}","{""/mnt/c/Users/mzyx/Desktop/0921/js-interpreter-bench/experiments/three_engine_baseline/adapters/v8.js"":""0ab3ed677381191d7e7839cbbc3f07895104a8b8299679ab9f37b856d76d3a22"",""/mnt/c/Users/mzyx/Desktop/0921/js-interpreter-bench/experiments/timer_recovery/adapters/v8.js"":""e610d3aa3d2672a5e6d5eccd9aaf05c6ae6758d1b9c4468289f017a231ab7d9f""}",/mnt/c/Users/mzyx/Desktop/0921/js-interpreter-bench/experiments/richards_method_lookup/attempt01/microbench/generated/A.N2.js,151a3665d1dd3b08e1c0bdeaf22ceb40682d4ffeecd68a8859f9eec58fa1bf06,b7c78fecb179c090ff9c614b71471956942482d0c52136c333866b7fed734562,"{""variant"":""A"",""N"":2,""mode"":""FIRST_CALL_INCLUSIVE_INTERPRETER_MODE_DERIVED_METHOD_LOOKUP_V1"",""start_ms"":27.525,""stop_ms"":31.933,""elapsed_ms"":4.408000000000001,""elapsed_per_call_ms"":2.2040000000000006,""checksum"":""2:2322:928"",""correctness"":""PASS"",""warmup_calls"":0,""original_assertions_per_run"":1}",4.408000000000001,2.2040000000000006,2:2322:928,True,[]
0,"ML_RESULT:{""variant"":""B"",""N"":1,""mode"":""FIRST_CALL_INCLUSIVE_INTERPRETER_MODE_DERIVED_METHOD_LOOKUP_V1"",""start_ms"":0,""stop_ms"":2.78,""elapsed_ms"":2.78,""elapsed_per_call_ms"":2.78,""checksum"":""1:2322:928"",""correctness"":""PASS"",""warmup_calls"":0,""original_assertions_per_run"":1}
",,"[""/home/mzyx/jsc_build_fd3406f/JSCOnly/Release/bin/jsc"",""--useJIT=false"",""--useLLInt=true"",""--validateOptions=true"",""/mnt/c/Users/mzyx/Desktop/0921/js-interpreter-bench/experiments/three_engine_baseline/adapters/jsc.js"",""/mnt/c/Users/mzyx/Desktop/0921/js-interpreter-bench/experiments/timer_recovery/adapters/jsc.js"",""/mnt/c/Users/mzyx/Desktop/0921/js-interpreter-bench/experiments/richards_method_lookup/attempt01/microbench/generated/B.N1.js""]",/mnt/c/Users/mzyx/Desktop/0921/js-interpreter-bench,2026-10-08T14:19:53.074368+00:00,94107200286,94145589758,38389472,4ef67569-6a6b-4f4d-8c1a-16b8ac8c99ed,"[0.90185546875,0.31787109375,0.11572265625]",,correctness,B,jsc,1,0,0,-1,[],[],wsl2-ubuntu2404-x64-20261004,FIRST_CALL_INCLUSIVE_INTERPRETER_MODE_DERIVED_METHOD_LOOKUP_V1,"[""--useJIT=false"",""--useLLInt=true"",""--validateOptions=true""]",65c824a055405bf62b05e21d54515a72a1f0187a4d91225d00a6da969d35879f,"{""/home/mzyx/jsc_build_fd3406f/JSCOnly/Release/lib/libJavaScriptCore.so.1.0.0"":""2ba4fe56f79c97cafafe065454bd5b5c6c168e536ab00d33d5cc48f65b375f79"",""/usr/lib/x86_64-linux-gnu/libstdc++.so.6.0.33"":""1fd75fe70354a416d75aef22bcae68c47bd25d20e2d0568c30b1a9838cf62f11"",""/usr/lib/x86_64-linux-gnu/libm.so.6"":""fce00b6f25f459cf4ae0b7fae4257909a1a8a86f9149e7c029a5d617baf1ccd0"",""/usr/lib/x86_64-linux-gnu/libc.so.6"":""3a15d66867d83762c7f2f1e37359cb8f6c5743edb369c65285cb0b1c4f7498bf"",""/usr/lib/x86_64-linux-gnu/libatomic.so.1.2.0"":""9d8a34468e614a71a6427dbabb0ac24eb8cb1e324dc6aa3bf95eb6f59201f000"",""/usr/lib/x86_64-linux-gnu/libicui18n.so.74.2"":""3550b194eb2cf2e6f798f033eb9ca279d498c21296b4a18790ce158d2023e47b"",""/usr/lib/x86_64-linux-gnu/libicuuc.so.74.2"":""7560aadde38e5f4237a47a1ddd5891f9b36768a77a60faae30beee003ac01901"",""/usr/lib/x86_64-linux-gnu/libgcc_s.so.1"":""d93224d2b0dab4247598be683adca02f5cf00586f99c187579cd7e92058fb7cb"",""/usr/lib/x86_64-linux-gnu/ld-linux-x86-64.so.2"":""c20a2dc8917c755f02b94049356320fe1f62ac7d9f8994731f807d9df39302da"",""/usr/lib/x86_64-linux-gnu/libicudata.so.74.2"":""ddbb3718b8bd9cbd780e5ab08b4503c30a6c4fa0706ebe5d074ed6b596c1714e""}","{""/mnt/c/Users/mzyx/Desktop/0921/js-interpreter-bench/experiments/three_engine_baseline/adapters/jsc.js"":""f9ddbb9556352e283b9c9feebc8bdd0ef1abac5bcdf1ab7a5d83945fa3c9437b"",""/mnt/c/Users/mzyx/Desktop/0921/js-interpreter-bench/experiments/timer_recovery/adapters/jsc.js"":""0c485996a598b7e36f2f292b66397adc0390cbe6b69b55199e47e1c6c1e37010""}",/mnt/c/Users/mzyx/Desktop/0921/js-interpreter-bench/experiments/richards_method_lookup/attempt01/microbench/generated/B.N1.js,3cc1366c34613ee6c787e09d44a5ab24a263b32fb206aa997f896d80ee1721ec,b7c78fecb179c090ff9c614b71471956942482d0c52136c333866b7fed734562,"{""variant"":""B"",""N"":1,""mode"":""FIRST_CALL_INCLUSIVE_INTERPRETER_MODE_DERIVED_METHOD_LOOKUP_V1"",""start_ms"":0,""stop_ms"":2.78,""elapsed_ms"":2.78,""elapsed_per_call_ms"":2.78,""checksum"":""1:2322:928"",""correctness"":""PASS"",""warmup_calls"":0,""original_assertions_per_run"":1}",2.78,2.78,1:2322:928,True,[]
0,"ML_RESULT:{""variant"":""B"",""N"":2,""mode"":""FIRST_CALL_INCLUSIVE_INTERPRETER_MODE_DERIVED_METHOD_LOOKUP_V1"",""start_ms"":0,""stop_ms"":4.66,""elapsed_ms"":4.66,""elapsed_per_call_ms"":2.33,""checksum"":""2:2322:928"",""correctness"":""PASS"",""warmup_calls"":0,""original_assertions_per_run"":1}
",,"[""/home/mzyx/jsc_build_fd3406f/JSCOnly/Release/bin/jsc"",""--useJIT=false"",""--useLLInt=true"",""--validateOptions=true"",""/mnt/c/Users/mzyx/Desktop/0921/js-interpreter-bench/experiments/three_engine_baseline/adapters/jsc.js"",""/mnt/c/Users/mzyx/Desktop/0921/js-interpreter-bench/experiments/timer_recovery/adapters/jsc.js"",""/mnt/c/Users/mzyx/Desktop/0921/js-interpreter-bench/experiments/richards_method_lookup/attempt01/microbench/generated/B.N2.js""]",/mnt/c/Users/mzyx/Desktop/0921/js-interpreter-bench,2026-10-08T14:19:53.567822+00:00,94600653934,94634487550,33833616,4ef67569-6a6b-4f4d-8c1a-16b8ac8c99ed,"[0.90185546875,0.31787109375,0.11572265625]",,correctness,B,jsc,2,0,0,-1,[],[],wsl2-ubuntu2404-x64-20261004,FIRST_CALL_INCLUSIVE_INTERPRETER_MODE_DERIVED_METHOD_LOOKUP_V1,"[""--useJIT=false"",""--useLLInt=true"",""--validateOptions=true""]",65c824a055405bf62b05e21d54515a72a1f0187a4d91225d00a6da969d35879f,"{""/home/mzyx/jsc_build_fd3406f/JSCOnly/Release/lib/libJavaScriptCore.so.1.0.0"":""2ba4fe56f79c97cafafe065454bd5b5c6c168e536ab00d33d5cc48f65b375f79"",""/usr/lib/x86_64-linux-gnu/libstdc++.so.6.0.33"":""1fd75fe70354a416d75aef22bcae68c47bd25d20e2d0568c30b1a9838cf62f11"",""/usr/lib/x86_64-linux-gnu/libm.so.6"":""fce00b6f25f459cf4ae0b7fae4257909a1a8a86f9149e7c029a5d617baf1ccd0"",""/usr/lib/x86_64-linux-gnu/libc.so.6"":""3a15d66867d83762c7f2f1e37359cb8f6c5743edb369c65285cb0b1c4f7498bf"",""/usr/lib/x86_64-linux-gnu/libatomic.so.1.2.0"":""9d8a34468e614a71a6427dbabb0ac24eb8cb1e324dc6aa3bf95eb6f59201f000"",""/usr/lib/x86_64-linux-gnu/libicui18n.so.74.2"":""3550b194eb2cf2e6f798f033eb9ca279d498c21296b4a18790ce158d2023e47b"",""/usr/lib/x86_64-linux-gnu/libicuuc.so.74.2"":""7560aadde38e5f4237a47a1ddd5891f9b36768a77a60faae30beee003ac01901"",""/usr/lib/x86_64-linux-gnu/libgcc_s.so.1"":""d93224d2b0dab4247598be683adca02f5cf00586f99c187579cd7e92058fb7cb"",""/usr/lib/x86_64-linux-gnu/ld-linux-x86-64.so.2"":""c20a2dc8917c755f02b94049356320fe1f62ac7d9f8994731f807d9df39302da"",""/usr/lib/x86_64-linux-gnu/libicudata.so.74.2"":""ddbb3718b8bd9cbd780e5ab08b4503c30a6c4fa0706ebe5d074ed6b596c1714e""}","{""/mnt/c/Users/mzyx/Desktop/0921/js-interpreter-bench/experiments/three_engine_baseline/adapters/jsc.js"":""f9ddbb9556352e283b9c9feebc8bdd0ef1abac5bcdf1ab7a5d83945fa3c9437b"",""/mnt/c/Users/mzyx/Desktop/0921/js-interpreter-bench/experiments/timer_recovery/adapters/jsc.js"":""0c485996a598b7e36f2f292b66397adc0390cbe6b69b55199e47e1c6c1e37010""}",/mnt/c/Users/mzyx/Desktop/0921/js-interpreter-bench/experiments/richards_method_lookup/attempt01/microbench/generated/B.N2.js,aa7a942855f70b2dd26f69f1a5ee1df8bd440adf5318f6472672970c563e4556,b7c78fecb179c090ff9c614b71471956942482d0c52136c333866b7fed734562,"{""variant"":""B"",""N"":2,""mode"":""FIRST_CALL_INCLUSIVE_INTERPRETER_MODE_DERIVED_METHOD_LOOKUP_V1"",""start_ms"":0,""stop_ms"":4.66,""elapsed_ms"":4.66,""elapsed_per_call_ms"":2.33,""checksum"":""2:2322:928"",""correctness"":""PASS"",""warmup_calls"":0,""original_assertions_per_run"":1}",4.66,2.33,2:2322:928,True,[]
0,"ML_RESULT:{""variant"":""B"",""N"":1,""mode"":""FIRST_CALL_INCLUSIVE_INTERPRETER_MODE_DERIVED_METHOD_LOOKUP_V1"",""start_ms"":93803.229296,""stop_ms"":93806.944324,""elapsed_ms"":3.7150279999914346,""elapsed_per_call_ms"":3.7150279999914346,""checksum"":""1:2322:928"",""correctness"":""PASS"",""warmup_calls"":0,""original_assertions_per_run"":1}
",,"[""/home/mzyx/three_engine_20261004/quickjs-04be246001599f5995fa2f2d8c91a0f198d3f34c/qjs"",""-I"",""/mnt/c/Users/mzyx/Desktop/0921/js-interpreter-bench/experiments/three_engine_baseline/adapters/quickjs.js"",""-I"",""/mnt/c/Users/mzyx/Desktop/0921/js-interpreter-bench/experiments/timer_recovery/adapters/quickjs.js"",""/mnt/c/Users/mzyx/Desktop/0921/js-interpreter-bench/experiments/richards_method_lookup/attempt01/microbench/generated/B.N1.js""]",/mnt/c/Users/mzyx/Desktop/0921/js-interpreter-bench,2026-10-08T14:19:52.748705+00:00,93781537774,93807572486,26034712,4ef67569-6a6b-4f4d-8c1a-16b8ac8c99ed,"[0.90185546875,0.31787109375,0.11572265625]",,correctness,B,quickjs,1,0,0,-1,[],[],wsl2-ubuntu2404-x64-20261004,FIRST_CALL_INCLUSIVE_INTERPRETER_MODE_DERIVED_METHOD_LOOKUP_V1,[],140d5233b0337d91cb0f994ae4a051e49aa04da8802acfaedf0a01b81a620b79,"{""/usr/lib/x86_64-linux-gnu/libm.so.6"":""fce00b6f25f459cf4ae0b7fae4257909a1a8a86f9149e7c029a5d617baf1ccd0"",""/usr/lib/x86_64-linux-gnu/libc.so.6"":""3a15d66867d83762c7f2f1e37359cb8f6c5743edb369c65285cb0b1c4f7498bf"",""/usr/lib/x86_64-linux-gnu/ld-linux-x86-64.so.2"":""c20a2dc8917c755f02b94049356320fe1f62ac7d9f8994731f807d9df39302da""}","{""/mnt/c/Users/mzyx/Desktop/0921/js-interpreter-bench/experiments/three_engine_baseline/adapters/quickjs.js"":""f20aa7b460675d08600a58945203034feb50b2a3515aba579219f648b1235c6c"",""/mnt/c/Users/mzyx/Desktop/0921/js-interpreter-bench/experiments/timer_recovery/adapters/quickjs.js"":""cd393c275173f20526562a008951f65a332deffed85e7c804519788b8ebffab7""}",/mnt/c/Users/mzyx/Desktop/0921/js-interpreter-bench/experiments/richards_method_lookup/attempt01/microbench/generated/B.N1.js,3cc1366c34613ee6c787e09d44a5ab24a263b32fb206aa997f896d80ee1721ec,b7c78fecb179c090ff9c614b71471956942482d0c52136c333866b7fed734562,"{""variant"":""B"",""N"":1,""mode"":""FIRST_CALL_INCLUSIVE_INTERPRETER_MODE_DERIVED_METHOD_LOOKUP_V1"",""start_ms"":93803.229296,""stop_ms"":93806.944324,""elapsed_ms"":3.7150279999914346,""elapsed_per_call_ms"":3.7150279999914346,""checksum"":""1:2322:928"",""correctness"":""PASS"",""warmup_calls"":0,""original_assertions_per_run"":1}",3.7150279999914346,3.7150279999914346,1:2322:928,True,[]
0,"ML_RESULT:{""variant"":""B"",""N"":2,""mode"":""FIRST_CALL_INCLUSIVE_INTERPRETER_MODE_DERIVED_METHOD_LOOKUP_V1"",""start_ms"":94293.233479,""stop_ms"":94300.570464,""elapsed_ms"":7.336985000001732,""elapsed_per_call_ms"":3.668492500000866,""checksum"":""2:2322:928"",""correctness"":""PASS"",""warmup_calls"":0,""original_assertions_per_run"":1}
",,"[""/home/mzyx/three_engine_20261004/quickjs-04be246001599f5995fa2f2d8c91a0f198d3f34c/qjs"",""-I"",""/mnt/c/Users/mzyx/Desktop/0921/js-interpreter-bench/experiments/three_engine_baseline/adapters/quickjs.js"",""-I"",""/mnt/c/Users/mzyx/Desktop/0921/js-interpreter-bench/experiments/timer_recovery/adapters/quickjs.js"",""/mnt/c/Users/mzyx/Desktop/0921/js-interpreter-bench/experiments/richards_method_lookup/attempt01/microbench/generated/B.N2.js""]",/mnt/c/Users/mzyx/Desktop/0921/js-interpreter-bench,2026-10-08T14:19:53.238876+00:00,94271707975,94301241306,29533331,4ef67569-6a6b-4f4d-8c1a-16b8ac8c99ed,"[0.90185546875,0.31787109375,0.11572265625]",,correctness,B,quickjs,2,0,0,-1,[],[],wsl2-ubuntu2404-x64-20261004,FIRST_CALL_INCLUSIVE_INTERPRETER_MODE_DERIVED_METHOD_LOOKUP_V1,[],140d5233b0337d91cb0f994ae4a051e49aa04da8802acfaedf0a01b81a620b79,"{""/usr/lib/x86_64-linux-gnu/libm.so.6"":""fce00b6f25f459cf4ae0b7fae4257909a1a8a86f9149e7c029a5d617baf1ccd0"",""/usr/lib/x86_64-linux-gnu/libc.so.6"":""3a15d66867d83762c7f2f1e37359cb8f6c5743edb369c65285cb0b1c4f7498bf"",""/usr/lib/x86_64-linux-gnu/ld-linux-x86-64.so.2"":""c20a2dc8917c755f02b94049356320fe1f62ac7d9f8994731f807d9df39302da""}","{""/mnt/c/Users/mzyx/Desktop/0921/js-interpreter-bench/experiments/three_engine_baseline/adapters/quickjs.js"":""f20aa7b460675d08600a58945203034feb50b2a3515aba579219f648b1235c6c"",""/mnt/c/Users/mzyx/Desktop/0921/js-interpreter-bench/experiments/timer_recovery/adapters/quickjs.js"":""cd393c275173f20526562a008951f65a332deffed85e7c804519788b8ebffab7""}",/mnt/c/Users/mzyx/Desktop/0921/js-interpreter-bench/experiments/richards_method_lookup/attempt01/microbench/generated/B.N2.js,aa7a942855f70b2dd26f69f1a5ee1df8bd440adf5318f6472672970c563e4556,b7c78fecb179c090ff9c614b71471956942482d0c52136c333866b7fed734562,"{""variant"":""B"",""N"":2,""mode"":""FIRST_CALL_INCLUSIVE_INTERPRETER_MODE_DERIVED_METHOD_LOOKUP_V1"",""start_ms"":94293.233479,""stop_ms"":94300.570464,""elapsed_ms"":7.336985000001732,""elapsed_per_call_ms"":3.668492500000866,""checksum"":""2:2322:928"",""correctness"":""PASS"",""warmup_calls"":0,""original_assertions_per_run"":1}",7.336985000001732,3.668492500000866,2:2322:928,True,[]
0,"ML_RESULT:{""variant"":""B"",""N"":1,""mode"":""FIRST_CALL_INCLUSIVE_INTERPRETER_MODE_DERIVED_METHOD_LOOKUP_V1"",""start_ms"":30.807,""stop_ms"":33.07,""elapsed_ms"":2.2630000000000017,""elapsed_per_call_ms"":2.2630000000000017,""checksum"":""1:2322:928"",""correctness"":""PASS"",""warmup_calls"":0,""original_assertions_per_run"":1}
",,"[""/home/mzyx/three_engine_20261004/v8-linux64-rel-15.6.21/d8"",""--snapshot_blob=/home/mzyx/three_engine_20261004/v8-linux64-rel-15.6.21/snapshot_blob.bin"",""--max-opt=0"",""--no-lazy"",""/mnt/c/Users/mzyx/Desktop/0921/js-interpreter-bench/experiments/three_engine_baseline/adapters/v8.js"",""/mnt/c/Users/mzyx/Desktop/0921/js-interpreter-bench/experiments/timer_recovery/adapters/v8.js"",""/mnt/c/Users/mzyx/Desktop/0921/js-interpreter-bench/experiments/richards_method_lookup/attempt01/microbench/generated/B.N1.js""]",/mnt/c/Users/mzyx/Desktop/0921/js-interpreter-bench,2026-10-08T14:19:52.899884+00:00,93932716368,93974185752,41469384,4ef67569-6a6b-4f4d-8c1a-16b8ac8c99ed,"[0.90185546875,0.31787109375,0.11572265625]",,correctness,B,v8,1,0,0,-1,[],[],wsl2-ubuntu2404-x64-20261004,FIRST_CALL_INCLUSIVE_INTERPRETER_MODE_DERIVED_METHOD_LOOKUP_V1,"[""--max-opt=0"",""--no-lazy""]",83b744a5953d2662ea723564d4035a333782a0cc85232d1025929a925150b133,"{""/home/mzyx/three_engine_20261004/v8-linux64-rel-15.6.21/snapshot_blob.bin"":""5af8f6d23e18aca97e3d89b1cab0815a56235c29f37728ffe10255fdea035749"",""/home/mzyx/three_engine_20261004/v8-linux64-rel-15.6.21/icudtl.dat"":""495c45cc7a65562ec461f860c310c6b66e006acd96833f61d1aa31f77fe18cf1"",""/usr/lib/x86_64-linux-gnu/libpthread.so.0"":""90491a21ce44efcf3bd4b65ec82501c091d7ebe7f8d9b341dd01d721001d9ecd"",""/usr/lib/x86_64-linux-gnu/libm.so.6"":""fce00b6f25f459cf4ae0b7fae4257909a1a8a86f9149e7c029a5d617baf1ccd0"",""/usr/lib/x86_64-linux-gnu/libgcc_s.so.1"":""d93224d2b0dab4247598be683adca02f5cf00586f99c187579cd7e92058fb7cb"",""/usr/lib/x86_64-linux-gnu/libc.so.6"":""3a15d66867d83762c7f2f1e37359cb8f6c5743edb369c65285cb0b1c4f7498bf"",""/usr/lib/x86_64-linux-gnu/ld-linux-x86-64.so.2"":""c20a2dc8917c755f02b94049356320fe1f62ac7d9f8994731f807d9df39302da""}","{""/mnt/c/Users/mzyx/Desktop/0921/js-interpreter-bench/experiments/three_engine_baseline/adapters/v8.js"":""0ab3ed677381191d7e7839cbbc3f07895104a8b8299679ab9f37b856d76d3a22"",""/mnt/c/Users/mzyx/Desktop/0921/js-interpreter-bench/experiments/timer_recovery/adapters/v8.js"":""e610d3aa3d2672a5e6d5eccd9aaf05c6ae6758d1b9c4468289f017a231ab7d9f""}",/mnt/c/Users/mzyx/Desktop/0921/js-interpreter-bench/experiments/richards_method_lookup/attempt01/microbench/generated/B.N1.js,3cc1366c34613ee6c787e09d44a5ab24a263b32fb206aa997f896d80ee1721ec,b7c78fecb179c090ff9c614b71471956942482d0c52136c333866b7fed734562,"{""variant"":""B"",""N"":1,""mode"":""FIRST_CALL_INCLUSIVE_INTERPRETER_MODE_DERIVED_METHOD_LOOKUP_V1"",""start_ms"":30.807,""stop_ms"":33.07,""elapsed_ms"":2.2630000000000017,""elapsed_per_call_ms"":2.2630000000000017,""checksum"":""1:2322:928"",""correctness"":""PASS"",""warmup_calls"":0,""original_assertions_per_run"":1}",2.2630000000000017,2.2630000000000017,1:2322:928,True,[]
0,"ML_RESULT:{""variant"":""B"",""N"":2,""mode"":""FIRST_CALL_INCLUSIVE_INTERPRETER_MODE_DERIVED_METHOD_LOOKUP_V1"",""start_ms"":30.862,""stop_ms"":35.29,""elapsed_ms"":4.428000000000001,""elapsed_per_call_ms"":2.2140000000000004,""checksum"":""2:2322:928"",""correctness"":""PASS"",""warmup_calls"":0,""original_assertions_per_run"":1}
",,"[""/home/mzyx/three_engine_20261004/v8-linux64-rel-15.6.21/d8"",""--snapshot_blob=/home/mzyx/three_engine_20261004/v8-linux64-rel-15.6.21/snapshot_blob.bin"",""--max-opt=0"",""--no-lazy"",""/mnt/c/Users/mzyx/Desktop/0921/js-interpreter-bench/experiments/three_engine_baseline/adapters/v8.js"",""/mnt/c/Users/mzyx/Desktop/0921/js-interpreter-bench/experiments/timer_recovery/adapters/v8.js"",""/mnt/c/Users/mzyx/Desktop/0921/js-interpreter-bench/experiments/richards_method_lookup/attempt01/microbench/generated/B.N2.js""]",/mnt/c/Users/mzyx/Desktop/0921/js-interpreter-bench,2026-10-08T14:19:53.390190+00:00,94423022397,94466933762,43911365,4ef67569-6a6b-4f4d-8c1a-16b8ac8c99ed,"[0.90185546875,0.31787109375,0.11572265625]",,correctness,B,v8,2,0,0,-1,[],[],wsl2-ubuntu2404-x64-20261004,FIRST_CALL_INCLUSIVE_INTERPRETER_MODE_DERIVED_METHOD_LOOKUP_V1,"[""--max-opt=0"",""--no-lazy""]",83b744a5953d2662ea723564d4035a333782a0cc85232d1025929a925150b133,"{""/home/mzyx/three_engine_20261004/v8-linux64-rel-15.6.21/snapshot_blob.bin"":""5af8f6d23e18aca97e3d89b1cab0815a56235c29f37728ffe10255fdea035749"",""/home/mzyx/three_engine_20261004/v8-linux64-rel-15.6.21/icudtl.dat"":""495c45cc7a65562ec461f860c310c6b66e006acd96833f61d1aa31f77fe18cf1"",""/usr/lib/x86_64-linux-gnu/libpthread.so.0"":""90491a21ce44efcf3bd4b65ec82501c091d7ebe7f8d9b341dd01d721001d9ecd"",""/usr/lib/x86_64-linux-gnu/libm.so.6"":""fce00b6f25f459cf4ae0b7fae4257909a1a8a86f9149e7c029a5d617baf1ccd0"",""/usr/lib/x86_64-linux-gnu/libgcc_s.so.1"":""d93224d2b0dab4247598be683adca02f5cf00586f99c187579cd7e92058fb7cb"",""/usr/lib/x86_64-linux-gnu/libc.so.6"":""3a15d66867d83762c7f2f1e37359cb8f6c5743edb369c65285cb0b1c4f7498bf"",""/usr/lib/x86_64-linux-gnu/ld-linux-x86-64.so.2"":""c20a2dc8917c755f02b94049356320fe1f62ac7d9f8994731f807d9df39302da""}","{""/mnt/c/Users/mzyx/Desktop/0921/js-interpreter-bench/experiments/three_engine_baseline/adapters/v8.js"":""0ab3ed677381191d7e7839cbbc3f07895104a8b8299679ab9f37b856d76d3a22"",""/mnt/c/Users/mzyx/Desktop/0921/js-interpreter-bench/experiments/timer_recovery/adapters/v8.js"":""e610d3aa3d2672a5e6d5eccd9aaf05c6ae6758d1b9c4468289f017a231ab7d9f""}",/mnt/c/Users/mzyx/Desktop/0921/js-interpreter-bench/experiments/richards_method_lookup/attempt01/microbench/generated/B.N2.js,aa7a942855f70b2dd26f69f1a5ee1df8bd440adf5318f6472672970c563e4556,b7c78fecb179c090ff9c614b71471956942482d0c52136c333866b7fed734562,"{""variant"":""B"",""N"":2,""mode"":""FIRST_CALL_INCLUSIVE_INTERPRETER_MODE_DERIVED_METHOD_LOOKUP_V1"",""start_ms"":30.862,""stop_ms"":35.29,""elapsed_ms"":4.428000000000001,""elapsed_per_call_ms"":2.2140000000000004,""checksum"":""2:2322:928"",""correctness"":""PASS"",""warmup_calls"":0,""original_assertions_per_run"":1}",4.428000000000001,2.2140000000000004,2:2322:928,True,[]
0,"ML_RESULT:{""variant"":""A"",""N"":512,""mode"":""FIRST_CALL_INCLUSIVE_INTERPRETER_MODE_DERIVED_METHOD_LOOKUP_V1"",""start_ms"":0,""stop_ms"":1071.96,""elapsed_ms"":1071.96,""elapsed_per_call_ms"":2.093671875,""checksum"":""512:2322:928"",""correctness"":""PASS"",""warmup_calls"":0,""original_assertions_per_run"":1}
",,"[""/home/mzyx/jsc_build_fd3406f/JSCOnly/Release/bin/jsc"",""--useJIT=false"",""--useLLInt=true"",""--validateOptions=true"",""/mnt/c/Users/mzyx/Desktop/0921/js-interpreter-bench/experiments/three_engine_baseline/adapters/jsc.js"",""/mnt/c/Users/mzyx/Desktop/0921/js-interpreter-bench/experiments/timer_recovery/adapters/jsc.js"",""/mnt/c/Users/mzyx/Desktop/0921/js-interpreter-bench/experiments/richards_method_lookup/attempt01/microbench/generated/A.N512.js""]",/mnt/c/Users/mzyx/Desktop/0921/js-interpreter-bench,2026-10-08T14:20:21.842879+00:00,122875711913,123977924160,1102212247,4ef67569-6a6b-4f4d-8c1a-16b8ac8c99ed,"[0.94189453125,0.384765625,0.14501953125]",,selected_correctness,A,jsc,512,0,0,-1,[],[],wsl2-ubuntu2404-x64-20261004,FIRST_CALL_INCLUSIVE_INTERPRETER_MODE_DERIVED_METHOD_LOOKUP_V1,"[""--useJIT=false"",""--useLLInt=true"",""--validateOptions=true""]",65c824a055405bf62b05e21d54515a72a1f0187a4d91225d00a6da969d35879f,"{""/home/mzyx/jsc_build_fd3406f/JSCOnly/Release/lib/libJavaScriptCore.so.1.0.0"":""2ba4fe56f79c97cafafe065454bd5b5c6c168e536ab00d33d5cc48f65b375f79"",""/usr/lib/x86_64-linux-gnu/libstdc++.so.6.0.33"":""1fd75fe70354a416d75aef22bcae68c47bd25d20e2d0568c30b1a9838cf62f11"",""/usr/lib/x86_64-linux-gnu/libm.so.6"":""fce00b6f25f459cf4ae0b7fae4257909a1a8a86f9149e7c029a5d617baf1ccd0"",""/usr/lib/x86_64-linux-gnu/libc.so.6"":""3a15d66867d83762c7f2f1e37359cb8f6c5743edb369c65285cb0b1c4f7498bf"",""/usr/lib/x86_64-linux-gnu/libatomic.so.1.2.0"":""9d8a34468e614a71a6427dbabb0ac24eb8cb1e324dc6aa3bf95eb6f59201f000"",""/usr/lib/x86_64-linux-gnu/libicui18n.so.74.2"":""3550b194eb2cf2e6f798f033eb9ca279d498c21296b4a18790ce158d2023e47b"",""/usr/lib/x86_64-linux-gnu/libicuuc.so.74.2"":""7560aadde38e5f4237a47a1ddd5891f9b36768a77a60faae30beee003ac01901"",""/usr/lib/x86_64-linux-gnu/libgcc_s.so.1"":""d93224d2b0dab4247598be683adca02f5cf00586f99c187579cd7e92058fb7cb"",""/usr/lib/x86_64-linux-gnu/ld-linux-x86-64.so.2"":""c20a2dc8917c755f02b94049356320fe1f62ac7d9f8994731f807d9df39302da"",""/usr/lib/x86_64-linux-gnu/libicudata.so.74.2"":""ddbb3718b8bd9cbd780e5ab08b4503c30a6c4fa0706ebe5d074ed6b596c1714e""}","{""/mnt/c/Users/mzyx/Desktop/0921/js-interpreter-bench/experiments/three_engine_baseline/adapters/jsc.js"":""f9ddbb9556352e283b9c9feebc8bdd0ef1abac5bcdf1ab7a5d83945fa3c9437b"",""/mnt/c/Users/mzyx/Desktop/0921/js-interpreter-bench/experiments/timer_recovery/adapters/jsc.js"":""0c485996a598b7e36f2f292b66397adc0390cbe6b69b55199e47e1c6c1e37010""}",/mnt/c/Users/mzyx/Desktop/0921/js-interpreter-bench/experiments/richards_method_lookup/attempt01/microbench/generated/A.N512.js,cf54b1ff299077f288138eb9d6bed077caec30f742309607e07cf6d08cf187c0,b7c78fecb179c090ff9c614b71471956942482d0c52136c333866b7fed734562,"{""variant"":""A"",""N"":512,""mode"":""FIRST_CALL_INCLUSIVE_INTERPRETER_MODE_DERIVED_METHOD_LOOKUP_V1"",""start_ms"":0,""stop_ms"":1071.96,""elapsed_ms"":1071.96,""elapsed_per_call_ms"":2.093671875,""checksum"":""512:2322:928"",""correctness"":""PASS"",""warmup_calls"":0,""original_assertions_per_run"":1}",1071.96,2.093671875,512:2322:928,True,[]
0,"ML_RESULT:{""variant"":""A"",""N"":512,""mode"":""FIRST_CALL_INCLUSIVE_INTERPRETER_MODE_DERIVED_METHOD_LOOKUP_V1"",""start_ms"":119647.442483,""stop_ms"":121526.119289,""elapsed_ms"":1878.6768059999886,""elapsed_per_call_ms"":3.6692906367187277,""checksum"":""512:2322:928"",""correctness"":""PASS"",""warmup_calls"":0,""original_assertions_per_run"":1}
",,"[""/home/mzyx/three_engine_20261004/quickjs-04be246001599f5995fa2f2d8c91a0f198d3f34c/qjs"",""-I"",""/mnt/c/Users/mzyx/Desktop/0921/js-interpreter-bench/experiments/three_engine_baseline/adapters/quickjs.js"",""-I"",""/mnt/c/Users/mzyx/Desktop/0921/js-interpreter-bench/experiments/timer_recovery/adapters/quickjs.js"",""/mnt/c/Users/mzyx/Desktop/0921/js-interpreter-bench/experiments/richards_method_lookup/attempt01/microbench/generated/A.N512.js""]",/mnt/c/Users/mzyx/Desktop/0921/js-interpreter-bench,2026-10-08T14:20:18.601631+00:00,119634464430,121526920512,1892456082,4ef67569-6a6b-4f4d-8c1a-16b8ac8c99ed,"[0.94189453125,0.384765625,0.14501953125]",,selected_correctness,A,quickjs,512,0,0,-1,[],[],wsl2-ubuntu2404-x64-20261004,FIRST_CALL_INCLUSIVE_INTERPRETER_MODE_DERIVED_METHOD_LOOKUP_V1,[],140d5233b0337d91cb0f994ae4a051e49aa04da8802acfaedf0a01b81a620b79,"{""/usr/lib/x86_64-linux-gnu/libm.so.6"":""fce00b6f25f459cf4ae0b7fae4257909a1a8a86f9149e7c029a5d617baf1ccd0"",""/usr/lib/x86_64-linux-gnu/libc.so.6"":""3a15d66867d83762c7f2f1e37359cb8f6c5743edb369c65285cb0b1c4f7498bf"",""/usr/lib/x86_64-linux-gnu/ld-linux-x86-64.so.2"":""c20a2dc8917c755f02b94049356320fe1f62ac7d9f8994731f807d9df39302da""}","{""/mnt/c/Users/mzyx/Desktop/0921/js-interpreter-bench/experiments/three_engine_baseline/adapters/quickjs.js"":""f20aa7b460675d08600a58945203034feb50b2a3515aba579219f648b1235c6c"",""/mnt/c/Users/mzyx/Desktop/0921/js-interpreter-bench/experiments/timer_recovery/adapters/quickjs.js"":""cd393c275173f20526562a008951f65a332deffed85e7c804519788b8ebffab7""}",/mnt/c/Users/mzyx/Desktop/0921/js-interpreter-bench/experiments/richards_method_lookup/attempt01/microbench/generated/A.N512.js,cf54b1ff299077f288138eb9d6bed077caec30f742309607e07cf6d08cf187c0,b7c78fecb179c090ff9c614b71471956942482d0c52136c333866b7fed734562,"{""variant"":""A"",""N"":512,""mode"":""FIRST_CALL_INCLUSIVE_INTERPRETER_MODE_DERIVED_METHOD_LOOKUP_V1"",""start_ms"":119647.442483,""stop_ms"":121526.119289,""elapsed_ms"":1878.6768059999886,""elapsed_per_call_ms"":3.6692906367187277,""checksum"":""512:2322:928"",""correctness"":""PASS"",""warmup_calls"":0,""original_assertions_per_run"":1}",1878.6768059999886,3.6692906367187277,512:2322:928,True,[]
0,"ML_RESULT:{""variant"":""A"",""N"":512,""mode"":""FIRST_CALL_INCLUSIVE_INTERPRETER_MODE_DERIVED_METHOD_LOOKUP_V1"",""start_ms"":35.958,""stop_ms"":1112.768,""elapsed_ms"":1076.81,""elapsed_per_call_ms"":2.10314453125,""checksum"":""512:2322:928"",""correctness"":""PASS"",""warmup_calls"":0,""original_assertions_per_run"":1}
",,"[""/home/mzyx/three_engine_20261004/v8-linux64-rel-15.6.21/d8"",""--snapshot_blob=/home/mzyx/three_engine_20261004/v8-linux64-rel-15.6.21/snapshot_blob.bin"",""--max-opt=0"",""--no-lazy"",""/mnt/c/Users/mzyx/Desktop/0921/js-interpreter-bench/experiments/three_engine_baseline/adapters/v8.js"",""/mnt/c/Users/mzyx/Desktop/0921/js-interpreter-bench/experiments/timer_recovery/adapters/v8.js"",""/mnt/c/Users/mzyx/Desktop/0921/js-interpreter-bench/experiments/richards_method_lookup/attempt01/microbench/generated/A.N512.js""]",/mnt/c/Users/mzyx/Desktop/0921/js-interpreter-bench,2026-10-08T14:20:20.608033+00:00,121640866682,122762053207,1121186525,4ef67569-6a6b-4f4d-8c1a-16b8ac8c99ed,"[0.94189453125,0.384765625,0.14501953125]",,selected_correctness,A,v8,512,0,0,-1,[],[],wsl2-ubuntu2404-x64-20261004,FIRST_CALL_INCLUSIVE_INTERPRETER_MODE_DERIVED_METHOD_LOOKUP_V1,"[""--max-opt=0"",""--no-lazy""]",83b744a5953d2662ea723564d4035a333782a0cc85232d1025929a925150b133,"{""/home/mzyx/three_engine_20261004/v8-linux64-rel-15.6.21/snapshot_blob.bin"":""5af8f6d23e18aca97e3d89b1cab0815a56235c29f37728ffe10255fdea035749"",""/home/mzyx/three_engine_20261004/v8-linux64-rel-15.6.21/icudtl.dat"":""495c45cc7a65562ec461f860c310c6b66e006acd96833f61d1aa31f77fe18cf1"",""/usr/lib/x86_64-linux-gnu/libpthread.so.0"":""90491a21ce44efcf3bd4b65ec82501c091d7ebe7f8d9b341dd01d721001d9ecd"",""/usr/lib/x86_64-linux-gnu/libm.so.6"":""fce00b6f25f459cf4ae0b7fae4257909a1a8a86f9149e7c029a5d617baf1ccd0"",""/usr/lib/x86_64-linux-gnu/libgcc_s.so.1"":""d93224d2b0dab4247598be683adca02f5cf00586f99c187579cd7e92058fb7cb"",""/usr/lib/x86_64-linux-gnu/libc.so.6"":""3a15d66867d83762c7f2f1e37359cb8f6c5743edb369c65285cb0b1c4f7498bf"",""/usr/lib/x86_64-linux-gnu/ld-linux-x86-64.so.2"":""c20a2dc8917c755f02b94049356320fe1f62ac7d9f8994731f807d9df39302da""}","{""/mnt/c/Users/mzyx/Desktop/0921/js-interpreter-bench/experiments/three_engine_baseline/adapters/v8.js"":""0ab3ed677381191d7e7839cbbc3f07895104a8b8299679ab9f37b856d76d3a22"",""/mnt/c/Users/mzyx/Desktop/0921/js-interpreter-bench/experiments/timer_recovery/adapters/v8.js"":""e610d3aa3d2672a5e6d5eccd9aaf05c6ae6758d1b9c4468289f017a231ab7d9f""}",/mnt/c/Users/mzyx/Desktop/0921/js-interpreter-bench/experiments/richards_method_lookup/attempt01/microbench/generated/A.N512.js,cf54b1ff299077f288138eb9d6bed077caec30f742309607e07cf6d08cf187c0,b7c78fecb179c090ff9c614b71471956942482d0c52136c333866b7fed734562,"{""variant"":""A"",""N"":512,""mode"":""FIRST_CALL_INCLUSIVE_INTERPRETER_MODE_DERIVED_METHOD_LOOKUP_V1"",""start_ms"":35.958,""stop_ms"":1112.768,""elapsed_ms"":1076.81,""elapsed_per_call_ms"":2.10314453125,""checksum"":""512:2322:928"",""correctness"":""PASS"",""warmup_calls"":0,""original_assertions_per_run"":1}",1076.81,2.10314453125,512:2322:928,True,[]
0,"ML_RESULT:{""variant"":""B"",""N"":512,""mode"":""FIRST_CALL_INCLUSIVE_INTERPRETER_MODE_DERIVED_METHOD_LOOKUP_V1"",""start_ms"":0,""stop_ms"":1096.8,""elapsed_ms"":1096.8,""elapsed_per_call_ms"":2.1421875,""checksum"":""512:2322:928"",""correctness"":""PASS"",""warmup_calls"":0,""original_assertions_per_run"":1}
",,"[""/home/mzyx/jsc_build_fd3406f/JSCOnly/Release/bin/jsc"",""--useJIT=false"",""--useLLInt=true"",""--validateOptions=true"",""/mnt/c/Users/mzyx/Desktop/0921/js-interpreter-bench/experiments/three_engine_baseline/adapters/jsc.js"",""/mnt/c/Users/mzyx/Desktop/0921/js-interpreter-bench/experiments/timer_recovery/adapters/jsc.js"",""/mnt/c/Users/mzyx/Desktop/0921/js-interpreter-bench/experiments/richards_method_lookup/attempt01/microbench/generated/B.N512.js""]",/mnt/c/Users/mzyx/Desktop/0921/js-interpreter-bench,2026-10-08T14:20:26.152053+00:00,127184887032,128310216478,1125329446,4ef67569-6a6b-4f4d-8c1a-16b8ac8c99ed,"[0.94677734375,0.39501953125,0.14990234375]",,selected_correctness,B,jsc,512,0,0,-1,[],[],wsl2-ubuntu2404-x64-20261004,FIRST_CALL_INCLUSIVE_INTERPRETER_MODE_DERIVED_METHOD_LOOKUP_V1,"[""--useJIT=false"",""--useLLInt=true"",""--validateOptions=true""]",65c824a055405bf62b05e21d54515a72a1f0187a4d91225d00a6da969d35879f,"{""/home/mzyx/jsc_build_fd3406f/JSCOnly/Release/lib/libJavaScriptCore.so.1.0.0"":""2ba4fe56f79c97cafafe065454bd5b5c6c168e536ab00d33d5cc48f65b375f79"",""/usr/lib/x86_64-linux-gnu/libstdc++.so.6.0.33"":""1fd75fe70354a416d75aef22bcae68c47bd25d20e2d0568c30b1a9838cf62f11"",""/usr/lib/x86_64-linux-gnu/libm.so.6"":""fce00b6f25f459cf4ae0b7fae4257909a1a8a86f9149e7c029a5d617baf1ccd0"",""/usr/lib/x86_64-linux-gnu/libc.so.6"":""3a15d66867d83762c7f2f1e37359cb8f6c5743edb369c65285cb0b1c4f7498bf"",""/usr/lib/x86_64-linux-gnu/libatomic.so.1.2.0"":""9d8a34468e614a71a6427dbabb0ac24eb8cb1e324dc6aa3bf95eb6f59201f000"",""/usr/lib/x86_64-linux-gnu/libicui18n.so.74.2"":""3550b194eb2cf2e6f798f033eb9ca279d498c21296b4a18790ce158d2023e47b"",""/usr/lib/x86_64-linux-gnu/libicuuc.so.74.2"":""7560aadde38e5f4237a47a1ddd5891f9b36768a77a60faae30beee003ac01901"",""/usr/lib/x86_64-linux-gnu/libgcc_s.so.1"":""d93224d2b0dab4247598be683adca02f5cf00586f99c187579cd7e92058fb7cb"",""/usr/lib/x86_64-linux-gnu/ld-linux-x86-64.so.2"":""c20a2dc8917c755f02b94049356320fe1f62ac7d9f8994731f807d9df39302da"",""/usr/lib/x86_64-linux-gnu/libicudata.so.74.2"":""ddbb3718b8bd9cbd780e5ab08b4503c30a6c4fa0706ebe5d074ed6b596c1714e""}","{""/mnt/c/Users/mzyx/Desktop/0921/js-interpreter-bench/experiments/three_engine_baseline/adapters/jsc.js"":""f9ddbb9556352e283b9c9feebc8bdd0ef1abac5bcdf1ab7a5d83945fa3c9437b"",""/mnt/c/Users/mzyx/Desktop/0921/js-interpreter-bench/experiments/timer_recovery/adapters/jsc.js"":""0c485996a598b7e36f2f292b66397adc0390cbe6b69b55199e47e1c6c1e37010""}",/mnt/c/Users/mzyx/Desktop/0921/js-interpreter-bench/experiments/richards_method_lookup/attempt01/microbench/generated/B.N512.js,b460b7c0e748901126d04d0b2682b195df6f9c50f0fa8216d5c6aee455c0311f,b7c78fecb179c090ff9c614b71471956942482d0c52136c333866b7fed734562,"{""variant"":""B"",""N"":512,""mode"":""FIRST_CALL_INCLUSIVE_INTERPRETER_MODE_DERIVED_METHOD_LOOKUP_V1"",""start_ms"":0,""stop_ms"":1096.8,""elapsed_ms"":1096.8,""elapsed_per_call_ms"":2.1421875,""checksum"":""512:2322:928"",""correctness"":""PASS"",""warmup_calls"":0,""original_assertions_per_run"":1}",1096.8,2.1421875,512:2322:928,True,[]
0,"ML_RESULT:{""variant"":""B"",""N"":512,""mode"":""FIRST_CALL_INCLUSIVE_INTERPRETER_MODE_DERIVED_METHOD_LOOKUP_V1"",""start_ms"":124104.486479,""stop_ms"":125853.873483,""elapsed_ms"":1749.3870040000038,""elapsed_per_call_ms"":3.4167714921875074,""checksum"":""512:2322:928"",""correctness"":""PASS"",""warmup_calls"":0,""original_assertions_per_run"":1}
",,"[""/home/mzyx/three_engine_20261004/quickjs-04be246001599f5995fa2f2d8c91a0f198d3f34c/qjs"",""-I"",""/mnt/c/Users/mzyx/Desktop/0921/js-interpreter-bench/experiments/three_engine_baseline/adapters/quickjs.js"",""-I"",""/mnt/c/Users/mzyx/Desktop/0921/js-interpreter-bench/experiments/timer_recovery/adapters/quickjs.js"",""/mnt/c/Users/mzyx/Desktop/0921/js-interpreter-bench/experiments/richards_method_lookup/attempt01/microbench/generated/B.N512.js""]",/mnt/c/Users/mzyx/Desktop/0921/js-interpreter-bench,2026-10-08T14:20:23.059399+00:00,124092232132,125854647797,1762415665,4ef67569-6a6b-4f4d-8c1a-16b8ac8c99ed,"[0.94677734375,0.39501953125,0.14990234375]",,selected_correctness,B,quickjs,512,0,0,-1,[],[],wsl2-ubuntu2404-x64-20261004,FIRST_CALL_INCLUSIVE_INTERPRETER_MODE_DERIVED_METHOD_LOOKUP_V1,[],140d5233b0337d91cb0f994ae4a051e49aa04da8802acfaedf0a01b81a620b79,"{""/usr/lib/x86_64-linux-gnu/libm.so.6"":""fce00b6f25f459cf4ae0b7fae4257909a1a8a86f9149e7c029a5d617baf1ccd0"",""/usr/lib/x86_64-linux-gnu/libc.so.6"":""3a15d66867d83762c7f2f1e37359cb8f6c5743edb369c65285cb0b1c4f7498bf"",""/usr/lib/x86_64-linux-gnu/ld-linux-x86-64.so.2"":""c20a2dc8917c755f02b94049356320fe1f62ac7d9f8994731f807d9df39302da""}","{""/mnt/c/Users/mzyx/Desktop/0921/js-interpreter-bench/experiments/three_engine_baseline/adapters/quickjs.js"":""f20aa7b460675d08600a58945203034feb50b2a3515aba579219f648b1235c6c"",""/mnt/c/Users/mzyx/Desktop/0921/js-interpreter-bench/experiments/timer_recovery/adapters/quickjs.js"":""cd393c275173f20526562a008951f65a332deffed85e7c804519788b8ebffab7""}",/mnt/c/Users/mzyx/Desktop/0921/js-interpreter-bench/experiments/richards_method_lookup/attempt01/microbench/generated/B.N512.js,b460b7c0e748901126d04d0b2682b195df6f9c50f0fa8216d5c6aee455c0311f,b7c78fecb179c090ff9c614b71471956942482d0c52136c333866b7fed734562,"{""variant"":""B"",""N"":512,""mode"":""FIRST_CALL_INCLUSIVE_INTERPRETER_MODE_DERIVED_METHOD_LOOKUP_V1"",""start_ms"":124104.486479,""stop_ms"":125853.873483,""elapsed_ms"":1749.3870040000038,""elapsed_per_call_ms"":3.4167714921875074,""checksum"":""512:2322:928"",""correctness"":""PASS"",""warmup_calls"":0,""original_assertions_per_run"":1}",1749.3870040000038,3.4167714921875074,512:2322:928,True,[]
0,"ML_RESULT:{""variant"":""B"",""N"":512,""mode"":""FIRST_CALL_INCLUSIVE_INTERPRETER_MODE_DERIVED_METHOD_LOOKUP_V1"",""start_ms"":29.934,""stop_ms"":1089.383,""elapsed_ms"":1059.449,""elapsed_per_call_ms"":2.069236328125,""checksum"":""512:2322:928"",""correctness"":""PASS"",""warmup_calls"":0,""original_assertions_per_run"":1}
",,"[""/home/mzyx/three_engine_20261004/v8-linux64-rel-15.6.21/d8"",""--snapshot_blob=/home/mzyx/three_engine_20261004/v8-linux64-rel-15.6.21/snapshot_blob.bin"",""--max-opt=0"",""--no-lazy"",""/mnt/c/Users/mzyx/Desktop/0921/js-interpreter-bench/experiments/three_engine_baseline/adapters/v8.js"",""/mnt/c/Users/mzyx/Desktop/0921/js-interpreter-bench/experiments/timer_recovery/adapters/v8.js"",""/mnt/c/Users/mzyx/Desktop/0921/js-interpreter-bench/experiments/richards_method_lookup/attempt01/microbench/generated/B.N512.js""]",/mnt/c/Users/mzyx/Desktop/0921/js-interpreter-bench,2026-10-08T14:20:24.940323+00:00,125973155766,127070219920,1097064154,4ef67569-6a6b-4f4d-8c1a-16b8ac8c99ed,"[0.94677734375,0.39501953125,0.14990234375]",,selected_correctness,B,v8,512,0,0,-1,[],[],wsl2-ubuntu2404-x64-20261004,FIRST_CALL_INCLUSIVE_INTERPRETER_MODE_DERIVED_METHOD_LOOKUP_V1,"[""--max-opt=0"",""--no-lazy""]",83b744a5953d2662ea723564d4035a333782a0cc85232d1025929a925150b133,"{""/home/mzyx/three_engine_20261004/v8-linux64-rel-15.6.21/snapshot_blob.bin"":""5af8f6d23e18aca97e3d89b1cab0815a56235c29f37728ffe10255fdea035749"",""/home/mzyx/three_engine_20261004/v8-linux64-rel-15.6.21/icudtl.dat"":""495c45cc7a65562ec461f860c310c6b66e006acd96833f61d1aa31f77fe18cf1"",""/usr/lib/x86_64-linux-gnu/libpthread.so.0"":""90491a21ce44efcf3bd4b65ec82501c091d7ebe7f8d9b341dd01d721001d9ecd"",""/usr/lib/x86_64-linux-gnu/libm.so.6"":""fce00b6f25f459cf4ae0b7fae4257909a1a8a86f9149e7c029a5d617baf1ccd0"",""/usr/lib/x86_64-linux-gnu/libgcc_s.so.1"":""d93224d2b0dab4247598be683adca02f5cf00586f99c187579cd7e92058fb7cb"",""/usr/lib/x86_64-linux-gnu/libc.so.6"":""3a15d66867d83762c7f2f1e37359cb8f6c5743edb369c65285cb0b1c4f7498bf"",""/usr/lib/x86_64-linux-gnu/ld-linux-x86-64.so.2"":""c20a2dc8917c755f02b94049356320fe1f62ac7d9f8994731f807d9df39302da""}","{""/mnt/c/Users/mzyx/Desktop/0921/js-interpreter-bench/experiments/three_engine_baseline/adapters/v8.js"":""0ab3ed677381191d7e7839cbbc3f07895104a8b8299679ab9f37b856d76d3a22"",""/mnt/c/Users/mzyx/Desktop/0921/js-interpreter-bench/experiments/timer_recovery/adapters/v8.js"":""e610d3aa3d2672a5e6d5eccd9aaf05c6ae6758d1b9c4468289f017a231ab7d9f""}",/mnt/c/Users/mzyx/Desktop/0921/js-interpreter-bench/experiments/richards_method_lookup/attempt01/microbench/generated/B.N512.js,b460b7c0e748901126d04d0b2682b195df6f9c50f0fa8216d5c6aee455c0311f,b7c78fecb179c090ff9c614b71471956942482d0c52136c333866b7fed734562,"{""variant"":""B"",""N"":512,""mode"":""FIRST_CALL_INCLUSIVE_INTERPRETER_MODE_DERIVED_METHOD_LOOKUP_V1"",""start_ms"":29.934,""stop_ms"":1089.383,""elapsed_ms"":1059.449,""elapsed_per_call_ms"":2.069236328125,""checksum"":""512:2322:928"",""correctness"":""PASS"",""warmup_calls"":0,""original_assertions_per_run"":1}",1059.449,2.069236328125,512:2322:928,True,[]
