subset,pair,count,intersection,GM
all_complete,V8/QJS,13,"[""Richards"",""DeltaBlue"",""Crypto"",""RayTrace"",""EarleyBoyer"",""RegExp"",""Splay"",""NavierStokes"",""PdfJS"",""Mandreel"",""Gameboy"",""CodeLoad"",""Typescript""]",0.5446261570908889
all_complete,JSC/QJS,13,"[""Richards"",""DeltaBlue"",""Crypto"",""RayTrace"",""EarleyBoyer"",""RegExp"",""Splay"",""NavierStokes"",""PdfJS"",""Mandreel"",""Gameboy"",""CodeLoad"",""Typescript""]",0.7553903779249814
all_complete,JSC/V8,13,"[""Richards"",""DeltaBlue"",""Crypto"",""RayTrace"",""EarleyBoyer"",""RegExp"",""Splay"",""NavierStokes"",""PdfJS"",""Mandreel"",""Gameboy"",""CodeLoad"",""Typescript""]",1.3869887960576222
without_RegExp_CodeLoad,V8/QJS,11,"[""Richards"",""DeltaBlue"",""Crypto"",""RayTrace"",""EarleyBoyer"",""Splay"",""NavierStokes"",""PdfJS"",""Mandreel"",""Gameboy"",""Typescript""]",0.6412651119593497
without_RegExp_CodeLoad,JSC/QJS,11,"[""Richards"",""DeltaBlue"",""Crypto"",""RayTrace"",""EarleyBoyer"",""Splay"",""NavierStokes"",""PdfJS"",""Mandreel"",""Gameboy"",""Typescript""]",0.7562253208915097
without_RegExp_CodeLoad,JSC/V8,11,"[""Richards"",""DeltaBlue"",""Crypto"",""RayTrace"",""EarleyBoyer"",""Splay"",""NavierStokes"",""PdfJS"",""Mandreel"",""Gameboy"",""Typescript""]",1.1792709548487763
without_specialized_broad,V8/QJS,9,"[""Richards"",""DeltaBlue"",""Crypto"",""RayTrace"",""EarleyBoyer"",""Splay"",""NavierStokes"",""PdfJS"",""Gameboy""]",0.6222947980314605
without_specialized_broad,JSC/QJS,9,"[""Richards"",""DeltaBlue"",""Crypto"",""RayTrace"",""EarleyBoyer"",""Splay"",""NavierStokes"",""PdfJS"",""Gameboy""]",0.7291203443242841
without_specialized_broad,JSC/V8,9,"[""Richards"",""DeltaBlue"",""Crypto"",""RayTrace"",""EarleyBoyer"",""Splay"",""NavierStokes"",""PdfJS"",""Gameboy""]",1.171663890861294
