mode,case,V8/QJS,JSC/QJS,JSC/V8,status
MAIN,3d-cube,,,,NOT_SAMPLED_CLOCK_GATE
MAIN,3d-morph,,,,NOT_SAMPLED_CLOCK_GATE
MAIN,3d-raytrace,,,,NOT_SAMPLED_CLOCK_GATE
MAIN,access-binary-trees,,,,NOT_SAMPLED_CLOCK_GATE
MAIN,access-fannkuch,,,,NOT_SAMPLED_CLOCK_GATE
MAIN,access-nbody,,,,NOT_SAMPLED_CLOCK_GATE
MAIN,access-nsieve,,,,NOT_SAMPLED_CLOCK_GATE
MAIN,bitops-3bit-bits-in-byte,,,,NOT_SAMPLED_CLOCK_GATE
MAIN,bitops-bits-in-byte,,,,NOT_SAMPLED_CLOCK_GATE
MAIN,bitops-bitwise-and,,,,NOT_SAMPLED_CLOCK_GATE
MAIN,bitops-nsieve-bits,,,,NOT_SAMPLED_CLOCK_GATE
MAIN,controlflow-recursive,,,,NOT_SAMPLED_CLOCK_GATE
MAIN,crypto-aes,,,,NOT_SAMPLED_CLOCK_GATE
MAIN,crypto-md5,,,,NOT_SAMPLED_CLOCK_GATE
MAIN,crypto-sha1,,,,NOT_SAMPLED_CLOCK_GATE
MAIN,date-format-tofte,,,,NOT_SAMPLED_CLOCK_GATE
MAIN,date-format-xparb,,,,NOT_SAMPLED_CLOCK_GATE
MAIN,math-cordic,,,,NOT_SAMPLED_CLOCK_GATE
MAIN,math-partial-sums,,,,NOT_SAMPLED_CLOCK_GATE
MAIN,math-spectral-norm,,,,NOT_SAMPLED_CLOCK_GATE
MAIN,regexp-dna,,,,NOT_SAMPLED_CLOCK_GATE
MAIN,string-base64,,,,NOT_SAMPLED_CLOCK_GATE
MAIN,string-fasta,,,,NOT_SAMPLED_CLOCK_GATE
MAIN,string-tagcloud,,,,NOT_SAMPLED_CLOCK_GATE
MAIN,string-unpack-code,,,,NOT_SAMPLED_CLOCK_GATE
MAIN,string-validate-input,,,,NOT_SAMPLED_CLOCK_GATE
