mode,case,engine,samples,median_ms,mean_ms,sample_stddev_ms,IQR_ms,min_ms,max_ms,status,reason
MAIN,3d-cube,quickjs,0,,,,,,,NOT_SAMPLED_CLOCK_GATE,Date.now wall-clock quality failed
MAIN,3d-cube,v8,0,,,,,,,NOT_SAMPLED_CLOCK_GATE,Date.now wall-clock quality failed
MAIN,3d-cube,jsc,0,,,,,,,NOT_SAMPLED_CLOCK_GATE,Date.now wall-clock quality failed
MAIN,3d-morph,quickjs,0,,,,,,,NOT_SAMPLED_CLOCK_GATE,Date.now wall-clock quality failed
MAIN,3d-morph,v8,0,,,,,,,NOT_SAMPLED_CLOCK_GATE,Date.now wall-clock quality failed
MAIN,3d-morph,jsc,0,,,,,,,NOT_SAMPLED_CLOCK_GATE,Date.now wall-clock quality failed
MAIN,3d-raytrace,quickjs,0,,,,,,,NOT_SAMPLED_CLOCK_GATE,Date.now wall-clock quality failed
MAIN,3d-raytrace,v8,0,,,,,,,NOT_SAMPLED_CLOCK_GATE,Date.now wall-clock quality failed
MAIN,3d-raytrace,jsc,0,,,,,,,NOT_SAMPLED_CLOCK_GATE,Date.now wall-clock quality failed
MAIN,access-binary-trees,quickjs,0,,,,,,,NOT_SAMPLED_CLOCK_GATE,Date.now wall-clock quality failed
MAIN,access-binary-trees,v8,0,,,,,,,NOT_SAMPLED_CLOCK_GATE,Date.now wall-clock quality failed
MAIN,access-binary-trees,jsc,0,,,,,,,NOT_SAMPLED_CLOCK_GATE,Date.now wall-clock quality failed
MAIN,access-fannkuch,quickjs,0,,,,,,,NOT_SAMPLED_CLOCK_GATE,Date.now wall-clock quality failed
MAIN,access-fannkuch,v8,0,,,,,,,NOT_SAMPLED_CLOCK_GATE,Date.now wall-clock quality failed
MAIN,access-fannkuch,jsc,0,,,,,,,NOT_SAMPLED_CLOCK_GATE,Date.now wall-clock quality failed
MAIN,access-nbody,quickjs,0,,,,,,,NOT_SAMPLED_CLOCK_GATE,Date.now wall-clock quality failed
MAIN,access-nbody,v8,0,,,,,,,NOT_SAMPLED_CLOCK_GATE,Date.now wall-clock quality failed
MAIN,access-nbody,jsc,0,,,,,,,NOT_SAMPLED_CLOCK_GATE,Date.now wall-clock quality failed
MAIN,access-nsieve,quickjs,0,,,,,,,NOT_SAMPLED_CLOCK_GATE,Date.now wall-clock quality failed
MAIN,access-nsieve,v8,0,,,,,,,NOT_SAMPLED_CLOCK_GATE,Date.now wall-clock quality failed
MAIN,access-nsieve,jsc,0,,,,,,,NOT_SAMPLED_CLOCK_GATE,Date.now wall-clock quality failed
MAIN,bitops-3bit-bits-in-byte,quickjs,0,,,,,,,NOT_SAMPLED_CLOCK_GATE,Date.now wall-clock quality failed
MAIN,bitops-3bit-bits-in-byte,v8,0,,,,,,,NOT_SAMPLED_CLOCK_GATE,Date.now wall-clock quality failed
MAIN,bitops-3bit-bits-in-byte,jsc,0,,,,,,,NOT_SAMPLED_CLOCK_GATE,Date.now wall-clock quality failed
MAIN,bitops-bits-in-byte,quickjs,0,,,,,,,NOT_SAMPLED_CLOCK_GATE,Date.now wall-clock quality failed
MAIN,bitops-bits-in-byte,v8,0,,,,,,,NOT_SAMPLED_CLOCK_GATE,Date.now wall-clock quality failed
MAIN,bitops-bits-in-byte,jsc,0,,,,,,,NOT_SAMPLED_CLOCK_GATE,Date.now wall-clock quality failed
MAIN,bitops-bitwise-and,quickjs,0,,,,,,,NOT_SAMPLED_CLOCK_GATE,Date.now wall-clock quality failed
MAIN,bitops-bitwise-and,v8,0,,,,,,,NOT_SAMPLED_CLOCK_GATE,Date.now wall-clock quality failed
MAIN,bitops-bitwise-and,jsc,0,,,,,,,NOT_SAMPLED_CLOCK_GATE,Date.now wall-clock quality failed
MAIN,bitops-nsieve-bits,quickjs,0,,,,,,,NOT_SAMPLED_CLOCK_GATE,Date.now wall-clock quality failed
MAIN,bitops-nsieve-bits,v8,0,,,,,,,NOT_SAMPLED_CLOCK_GATE,Date.now wall-clock quality failed
MAIN,bitops-nsieve-bits,jsc,0,,,,,,,NOT_SAMPLED_CLOCK_GATE,Date.now wall-clock quality failed
MAIN,controlflow-recursive,quickjs,0,,,,,,,NOT_SAMPLED_CLOCK_GATE,Date.now wall-clock quality failed
MAIN,controlflow-recursive,v8,0,,,,,,,NOT_SAMPLED_CLOCK_GATE,Date.now wall-clock quality failed
MAIN,controlflow-recursive,jsc,0,,,,,,,NOT_SAMPLED_CLOCK_GATE,Date.now wall-clock quality failed
MAIN,crypto-aes,quickjs,0,,,,,,,NOT_SAMPLED_CLOCK_GATE,Date.now wall-clock quality failed
MAIN,crypto-aes,v8,0,,,,,,,NOT_SAMPLED_CLOCK_GATE,Date.now wall-clock quality failed
MAIN,crypto-aes,jsc,0,,,,,,,NOT_SAMPLED_CLOCK_GATE,Date.now wall-clock quality failed
MAIN,crypto-md5,quickjs,0,,,,,,,NOT_SAMPLED_CLOCK_GATE,Date.now wall-clock quality failed
MAIN,crypto-md5,v8,0,,,,,,,NOT_SAMPLED_CLOCK_GATE,Date.now wall-clock quality failed
MAIN,crypto-md5,jsc,0,,,,,,,NOT_SAMPLED_CLOCK_GATE,Date.now wall-clock quality failed
MAIN,crypto-sha1,quickjs,0,,,,,,,NOT_SAMPLED_CLOCK_GATE,Date.now wall-clock quality failed
MAIN,crypto-sha1,v8,0,,,,,,,NOT_SAMPLED_CLOCK_GATE,Date.now wall-clock quality failed
MAIN,crypto-sha1,jsc,0,,,,,,,NOT_SAMPLED_CLOCK_GATE,Date.now wall-clock quality failed
MAIN,date-format-tofte,quickjs,0,,,,,,,NOT_SAMPLED_CLOCK_GATE,Date.now wall-clock quality failed
MAIN,date-format-tofte,v8,0,,,,,,,NOT_SAMPLED_CLOCK_GATE,Date.now wall-clock quality failed
MAIN,date-format-tofte,jsc,0,,,,,,,NOT_SAMPLED_CLOCK_GATE,Date.now wall-clock quality failed
MAIN,date-format-xparb,quickjs,0,,,,,,,NOT_SAMPLED_CLOCK_GATE,Date.now wall-clock quality failed
MAIN,date-format-xparb,v8,0,,,,,,,NOT_SAMPLED_CLOCK_GATE,Date.now wall-clock quality failed
MAIN,date-format-xparb,jsc,0,,,,,,,NOT_SAMPLED_CLOCK_GATE,Date.now wall-clock quality failed
MAIN,math-cordic,quickjs,0,,,,,,,NOT_SAMPLED_CLOCK_GATE,Date.now wall-clock quality failed
MAIN,math-cordic,v8,0,,,,,,,NOT_SAMPLED_CLOCK_GATE,Date.now wall-clock quality failed
MAIN,math-cordic,jsc,0,,,,,,,NOT_SAMPLED_CLOCK_GATE,Date.now wall-clock quality failed
MAIN,math-partial-sums,quickjs,0,,,,,,,NOT_SAMPLED_CLOCK_GATE,Date.now wall-clock quality failed
MAIN,math-partial-sums,v8,0,,,,,,,NOT_SAMPLED_CLOCK_GATE,Date.now wall-clock quality failed
MAIN,math-partial-sums,jsc,0,,,,,,,NOT_SAMPLED_CLOCK_GATE,Date.now wall-clock quality failed
MAIN,math-spectral-norm,quickjs,0,,,,,,,NOT_SAMPLED_CLOCK_GATE,Date.now wall-clock quality failed
MAIN,math-spectral-norm,v8,0,,,,,,,NOT_SAMPLED_CLOCK_GATE,Date.now wall-clock quality failed
MAIN,math-spectral-norm,jsc,0,,,,,,,NOT_SAMPLED_CLOCK_GATE,Date.now wall-clock quality failed
MAIN,regexp-dna,quickjs,0,,,,,,,NOT_SAMPLED_CLOCK_GATE,Date.now wall-clock quality failed
MAIN,regexp-dna,v8,0,,,,,,,NOT_SAMPLED_CLOCK_GATE,Date.now wall-clock quality failed
MAIN,regexp-dna,jsc,0,,,,,,,NOT_SAMPLED_CLOCK_GATE,Date.now wall-clock quality failed
MAIN,string-base64,quickjs,0,,,,,,,NOT_SAMPLED_CLOCK_GATE,Date.now wall-clock quality failed
MAIN,string-base64,v8,0,,,,,,,NOT_SAMPLED_CLOCK_GATE,Date.now wall-clock quality failed
MAIN,string-base64,jsc,0,,,,,,,NOT_SAMPLED_CLOCK_GATE,Date.now wall-clock quality failed
MAIN,string-fasta,quickjs,0,,,,,,,NOT_SAMPLED_CLOCK_GATE,Date.now wall-clock quality failed
MAIN,string-fasta,v8,0,,,,,,,NOT_SAMPLED_CLOCK_GATE,Date.now wall-clock quality failed
MAIN,string-fasta,jsc,0,,,,,,,NOT_SAMPLED_CLOCK_GATE,Date.now wall-clock quality failed
MAIN,string-tagcloud,quickjs,0,,,,,,,NOT_SAMPLED_CLOCK_GATE,Date.now wall-clock quality failed
MAIN,string-tagcloud,v8,0,,,,,,,NOT_SAMPLED_CLOCK_GATE,Date.now wall-clock quality failed
MAIN,string-tagcloud,jsc,0,,,,,,,NOT_SAMPLED_CLOCK_GATE,Date.now wall-clock quality failed
MAIN,string-unpack-code,quickjs,0,,,,,,,NOT_SAMPLED_CLOCK_GATE,Date.now wall-clock quality failed
MAIN,string-unpack-code,v8,0,,,,,,,NOT_SAMPLED_CLOCK_GATE,Date.now wall-clock quality failed
MAIN,string-unpack-code,jsc,0,,,,,,,NOT_SAMPLED_CLOCK_GATE,Date.now wall-clock quality failed
MAIN,string-validate-input,quickjs,0,,,,,,,NOT_SAMPLED_CLOCK_GATE,Date.now wall-clock quality failed
MAIN,string-validate-input,v8,0,,,,,,,NOT_SAMPLED_CLOCK_GATE,Date.now wall-clock quality failed
MAIN,string-validate-input,jsc,0,,,,,,,NOT_SAMPLED_CLOCK_GATE,Date.now wall-clock quality failed
