test,n,quickjs_calibration_ms,v8_calibration_ms,script_sha256
3d-cube,64,1985,1188,60a065dcf0b5284dc0c04c58f860a2319aa73d0aaa4ce285a3fa9614f357aa2e
3d-morph,64,1444,1340,522e39aba6d7f5f71cab59dfa2d2607b0932d63bdbfc9625b49725e02e9d5983
3d-raytrace,128,1928,1858,fbf3a216ca8bc8223f66e4105ce5c95294ac4e5e8f40c56e660a89fbc4962c15
access-binary-trees,256,3408,1449,2574ad07a3319832e969eef6330a65d5569f82589fd3968e95616ade0cac5383
access-fannkuch,32,1158,1151,fee86984d327e7709754ed7a2721517b303a436f895a8b03742b80a000d4eb6b
access-nbody,64,1009,1265,19902b6f21c5b25ee15381029c367b4c4e18734127ed7525fb470472ccabc082
access-nsieve,128,3040,1333,d2ff95d96cd8e84458eff804a3dae7ac589b31fa7d1e11cdffd4aa821eec7819
bitops-3bit-bits-in-byte,256,2575,1951,abe5fed281f086bcd3336e21203ccebd592037d9c2a481ccf4c68e894138c38a
bitops-bits-in-byte,64,1320,1348,5b00ba9a5c5657f66ade1ddd8f2816ae39bd34dd3007dc07b5357c2c829bef73
bitops-bitwise-and,256,2117,2552,eed5b353d4a2406db32d34e84a8855c02c005be3643b9966be5612fa0de83cab
bitops-nsieve-bits,128,1921,3289,c8cd89d57d6c82edd3ce9aaea504681391c6fb3beef555532dd2653fc0410765
controlflow-recursive,256,2152,1804,b0137de1a06fa4c71fcd428e68ee4b3a61ae2444b324da024a872b257fd03c64
crypto-aes,128,1905,1779,c058d06958b1cc808c8c6a5054645c8fbb44897667ffe4f042da524c13a66234
crypto-md5,256,1860,2018,b3676cc77ffa8184c46e9b99de32642296b190805d342e8e046279b12aa423b3
crypto-sha1,256,1777,2199,efb82da8b03c1f4f11eeb3f88f9902179a62f0a21e620fe0f60845b8b874e292
date-format-tofte,128,3968,1088,9535a5df1307bfc8288791fc3faf48c5e50a5deb6f04987d455c2bcc11ed4bfc
date-format-xparb,256,5165,1080,add041cbb7bfa753ec4a301e26ec01e33f116b6a16883f80454b18f7790e4320
math-cordic,64,1484,1093,34b61588ee1c24cb8be232a1a12958905f04b257e09200a4faefef3bb909ee53
math-partial-sums,128,2262,1516,4fadb0cf070baa5dde56707dff313a6a62821c6b1621c298f196e1f1bdb726e3
math-spectral-norm,128,1291,1053,52eb39e653bcbb40e24520ce504d81698f6a67645593e05ca67257f318fba4d8
regexp-dna,1024,83748,1937,3afc0a7c18fdee33367b1b484ba5fd4d9b7b225d1b2408dcc4f5fa0f7356cffe
string-base64,256,5307,1604,5cbaf23c322bf98da4482d07d06d87eef3c50cebf6bf7c47046adb556543e441
string-fasta,128,3463,1247,9ef1f7595b6cdfe6baed89f2f84d63006986f85574a2f446797cd69ca2dd79b8
string-tagcloud,256,6866,1419,bdb31cfdc8d9dc183a2016260abf8eae9629ab6f3fd5ffe57c0698243f1ca160
string-unpack-code,256,13881,1703,81a8b0c2e178b101089899f543ac712456d9edd361ed55f1f8a0075dcdca98b5
string-validate-input,256,3492,1423,f3316365a925df0927fe79ed16a84a33fe9d1e3dafbff918f53f671ca1a58748
