test,n_internal,source_to_finish_ratio,external_amortized_ratio,internal_execution_ratio,internal_over_source_ratio,internal_over_external_ratio
3d-cube,64,1.458282464,0.6809596805648918,0.5966300740362522,0.4091320363269843,0.8761606466058552
3d-morph,64,1.768924055,1.0622015626211485,0.8996491228070176,0.508585498774857,0.8469664840136298
3d-raytrace,128,2.163992284,1.0826381359380401,0.957922077922078,0.44266427611812964,0.884803560972011
access-binary-trees,256,1.958338938,0.5314042931374876,0.45664739884393063,0.2331809831194454,0.8593219978480386
access-fannkuch,32,1.57734562,1.0507544062434169,0.9611566681053086,0.6093507066037364,0.9147300857310399
access-nbody,64,2.194989218,1.294394759604638,1.2512613521695257,0.5700535300622719,0.9666767752920392
access-nsieve,128,1.407205963,0.5072540262535333,0.4409422694094227,0.3133459358496356,0.8692730793407897
bitops-3bit-bits-in-byte,256,2.245674766,0.8345299099683151,0.7792155276991508,0.3469850307340323,0.933717915189805
bitops-bits-in-byte,64,1.896654429,1.0734735110978118,0.9961210240496509,0.5251990076942218,0.9279418763029796
bitops-bitwise-and,256,2.285370234,1.3520127354341045,1.3743935309973045,0.6013876922654032,1.0165536869414282
bitops-nsieve-bits,128,2.631816641,1.6994664350673934,1.5688748685594112,0.5961186064859338,0.9231573134877457
controlflow-recursive,256,2.371755287,0.9105574950794078,0.8376148951213764,0.3531624445879759,0.9198923732414391
crypto-aes,128,2.132521095,1.0436753854876633,0.9168633621820089,0.4299433962607572,0.8784947646854767
crypto-md5,256,2.636598602,1.1754698625719164,1.0642201834862386,0.4036337509543437,0.9053572680780904
crypto-sha1,256,2.807502038,1.3517745808887376,1.2472198460222412,0.44424539292969917,0.9226537202691326
date-format-tofte,128,1.169068852,0.31138532230947785,0.27759719152255885,0.23745153337004554,0.8914909330461702
date-format-xparb,256,1.408243427,0.23697143084528496,0.20905236170002958,0.14844902357923775,0.8821838183376488
math-cordic,64,1.777121561,0.854951530833323,0.7680084745762712,0.4321642882685566,0.8983064499898512
math-partial-sums,128,1.754848907,0.7695968754483989,0.6721719457013575,0.38303693441646114,0.8734078413581426
math-spectral-norm,128,2.420819714,0.882326247534735,0.7965239508266214,0.32903067759246674,0.9027544551147043
regexp-dna,1024,0.455025019,0.02747158427816014,0.02301305153920051,0.05057535427343284,0.8377038363053507
string-base64,256,1.361348622,0.334860747309404,0.3106162411211365,0.22816803580026432,0.9275982437981418
string-fasta,128,1.349396741,0.39279934964465757,0.35715318964270215,0.26467619106447965,0.9092509699056213
string-tagcloud,256,1.264709995,0.2628030420030842,0.2078036593430818,0.16430933586721735,0.7907201444823575
string-unpack-code,256,0.686354839,0.13439913058651362,0.12305239510109428,0.1792839331917266,0.9155743386441375
string-validate-input,256,1.933351669,0.4998150420660453,0.4090184138031028,0.21155924209828933,0.8183395443890128
