case,engine,samples,median_ms,mean_ms,sample_stddev_ms,IQR_ms,min_ms,max_ms
Richards.Richards,quickjs,30,3.644671722655403,3.6500307980467066,0.0388487762060052,0.05967546679676161,3.5676693671885005,3.720816935547191
Richards.Richards,v8,30,2.24541015625,2.2440029296875,0.03739343448613027,0.05498828124999999,2.191966796875,2.363642578125
Richards.Richards,jsc,30,2.1373828125000003,2.164828125,0.055421149401803003,0.08964843750000018,2.0913671875,2.285625
NavierStokes.NavierStokes,quickjs,30,61.663119953125715,61.78087947604072,0.811455630874666,1.1585886875109281,60.54195681249257,63.53755499998806
NavierStokes.NavierStokes,v8,30,74.770359375,75.049503125,1.2058390105005778,1.609156249999998,72.8506875,78.08125
NavierStokes.NavierStokes,jsc,30,58.6246875,59.10216666666667,1.957030455568586,0.8449999999999989,57.641875,68.51875
RegExp.RegExp,quickjs,30,193.10613872655813,193.3274222187499,1.147199469506023,1.816516953127575,191.18526918751013,195.275745562496
RegExp.RegExp,v8,30,20.67565625,20.721855208333334,0.4196585354196606,0.435890624999999,20.115328125,22.32471875
RegExp.RegExp,jsc,30,159.7696875,160.13838541666667,3.049462825747367,1.6968750000000057,156.63875,173.9853125
