case,engine,N,rep,function,calls,extra_validation_calls,script_sha256,mode
Richards.Richards,quickjs,1,1,runRichards,1,0,b3e80d335724bec55484e47279236936aba83a04824eb2522b0f8f5532ffc9fb,DIAGNOSTIC_COUNT
Richards.Richards,quickjs,1,1,Scheduler.prototype.addIdleTask,1,0,b3e80d335724bec55484e47279236936aba83a04824eb2522b0f8f5532ffc9fb,DIAGNOSTIC_COUNT
Richards.Richards,quickjs,1,1,Scheduler.prototype.addRunningTask,1,0,b3e80d335724bec55484e47279236936aba83a04824eb2522b0f8f5532ffc9fb,DIAGNOSTIC_COUNT
Richards.Richards,quickjs,1,1,Scheduler.prototype.addTask,6,0,b3e80d335724bec55484e47279236936aba83a04824eb2522b0f8f5532ffc9fb,DIAGNOSTIC_COUNT
Richards.Richards,quickjs,1,1,TaskControlBlock.prototype.setRunning,1,0,b3e80d335724bec55484e47279236936aba83a04824eb2522b0f8f5532ffc9fb,DIAGNOSTIC_COUNT
Richards.Richards,quickjs,1,1,Scheduler.prototype.addWorkerTask,1,0,b3e80d335724bec55484e47279236936aba83a04824eb2522b0f8f5532ffc9fb,DIAGNOSTIC_COUNT
Richards.Richards,quickjs,1,1,Scheduler.prototype.addHandlerTask,2,0,b3e80d335724bec55484e47279236936aba83a04824eb2522b0f8f5532ffc9fb,DIAGNOSTIC_COUNT
Richards.Richards,quickjs,1,1,Scheduler.prototype.addDeviceTask,2,0,b3e80d335724bec55484e47279236936aba83a04824eb2522b0f8f5532ffc9fb,DIAGNOSTIC_COUNT
Richards.Richards,quickjs,1,1,Scheduler.prototype.schedule,1,0,b3e80d335724bec55484e47279236936aba83a04824eb2522b0f8f5532ffc9fb,DIAGNOSTIC_COUNT
Richards.Richards,quickjs,1,1,TaskControlBlock.prototype.isHeldOrSuspended,10671,0,b3e80d335724bec55484e47279236936aba83a04824eb2522b0f8f5532ffc9fb,DIAGNOSTIC_COUNT
Richards.Richards,quickjs,1,1,TaskControlBlock.prototype.run,6573,0,b3e80d335724bec55484e47279236936aba83a04824eb2522b0f8f5532ffc9fb,DIAGNOSTIC_COUNT
Richards.Richards,quickjs,1,1,HandlerTask.prototype.run,2328,0,b3e80d335724bec55484e47279236936aba83a04824eb2522b0f8f5532ffc9fb,DIAGNOSTIC_COUNT
Richards.Richards,quickjs,1,1,Packet.prototype.addTo,2008,0,b3e80d335724bec55484e47279236936aba83a04824eb2522b0f8f5532ffc9fb,DIAGNOSTIC_COUNT
Richards.Richards,quickjs,1,1,Scheduler.prototype.suspendCurrent,2324,0,b3e80d335724bec55484e47279236936aba83a04824eb2522b0f8f5532ffc9fb,DIAGNOSTIC_COUNT
Richards.Richards,quickjs,1,1,TaskControlBlock.prototype.markAsSuspended,2324,0,b3e80d335724bec55484e47279236936aba83a04824eb2522b0f8f5532ffc9fb,DIAGNOSTIC_COUNT
Richards.Richards,quickjs,1,1,WorkerTask.prototype.run,468,0,b3e80d335724bec55484e47279236936aba83a04824eb2522b0f8f5532ffc9fb,DIAGNOSTIC_COUNT
Richards.Richards,quickjs,1,1,Scheduler.prototype.queue,2322,0,b3e80d335724bec55484e47279236936aba83a04824eb2522b0f8f5532ffc9fb,DIAGNOSTIC_COUNT
Richards.Richards,quickjs,1,1,TaskControlBlock.prototype.checkPriorityAdd,2322,0,b3e80d335724bec55484e47279236936aba83a04824eb2522b0f8f5532ffc9fb,DIAGNOSTIC_COUNT
Richards.Richards,quickjs,1,1,TaskControlBlock.prototype.markAsRunnable,1479,0,b3e80d335724bec55484e47279236936aba83a04824eb2522b0f8f5532ffc9fb,DIAGNOSTIC_COUNT
Richards.Richards,quickjs,1,1,DeviceTask.prototype.run,2777,0,b3e80d335724bec55484e47279236936aba83a04824eb2522b0f8f5532ffc9fb,DIAGNOSTIC_COUNT
Richards.Richards,quickjs,1,1,Scheduler.prototype.holdCurrent,928,0,b3e80d335724bec55484e47279236936aba83a04824eb2522b0f8f5532ffc9fb,DIAGNOSTIC_COUNT
Richards.Richards,quickjs,1,1,TaskControlBlock.prototype.markAsHeld,928,0,b3e80d335724bec55484e47279236936aba83a04824eb2522b0f8f5532ffc9fb,DIAGNOSTIC_COUNT
Richards.Richards,quickjs,1,1,IdleTask.prototype.run,1000,0,b3e80d335724bec55484e47279236936aba83a04824eb2522b0f8f5532ffc9fb,DIAGNOSTIC_COUNT
Richards.Richards,quickjs,1,1,Scheduler.prototype.release,999,0,b3e80d335724bec55484e47279236936aba83a04824eb2522b0f8f5532ffc9fb,DIAGNOSTIC_COUNT
Richards.Richards,quickjs,1,1,TaskControlBlock.prototype.markAsNotHeld,999,0,b3e80d335724bec55484e47279236936aba83a04824eb2522b0f8f5532ffc9fb,DIAGNOSTIC_COUNT
Richards.Richards,v8,1,1,runRichards,1,0,b3e80d335724bec55484e47279236936aba83a04824eb2522b0f8f5532ffc9fb,DIAGNOSTIC_COUNT
Richards.Richards,v8,1,1,Scheduler.prototype.addIdleTask,1,0,b3e80d335724bec55484e47279236936aba83a04824eb2522b0f8f5532ffc9fb,DIAGNOSTIC_COUNT
Richards.Richards,v8,1,1,Scheduler.prototype.addRunningTask,1,0,b3e80d335724bec55484e47279236936aba83a04824eb2522b0f8f5532ffc9fb,DIAGNOSTIC_COUNT
Richards.Richards,v8,1,1,Scheduler.prototype.addTask,6,0,b3e80d335724bec55484e47279236936aba83a04824eb2522b0f8f5532ffc9fb,DIAGNOSTIC_COUNT
Richards.Richards,v8,1,1,TaskControlBlock.prototype.setRunning,1,0,b3e80d335724bec55484e47279236936aba83a04824eb2522b0f8f5532ffc9fb,DIAGNOSTIC_COUNT
Richards.Richards,v8,1,1,Scheduler.prototype.addWorkerTask,1,0,b3e80d335724bec55484e47279236936aba83a04824eb2522b0f8f5532ffc9fb,DIAGNOSTIC_COUNT
Richards.Richards,v8,1,1,Scheduler.prototype.addHandlerTask,2,0,b3e80d335724bec55484e47279236936aba83a04824eb2522b0f8f5532ffc9fb,DIAGNOSTIC_COUNT
Richards.Richards,v8,1,1,Scheduler.prototype.addDeviceTask,2,0,b3e80d335724bec55484e47279236936aba83a04824eb2522b0f8f5532ffc9fb,DIAGNOSTIC_COUNT
Richards.Richards,v8,1,1,Scheduler.prototype.schedule,1,0,b3e80d335724bec55484e47279236936aba83a04824eb2522b0f8f5532ffc9fb,DIAGNOSTIC_COUNT
Richards.Richards,v8,1,1,TaskControlBlock.prototype.isHeldOrSuspended,10671,0,b3e80d335724bec55484e47279236936aba83a04824eb2522b0f8f5532ffc9fb,DIAGNOSTIC_COUNT
Richards.Richards,v8,1,1,TaskControlBlock.prototype.run,6573,0,b3e80d335724bec55484e47279236936aba83a04824eb2522b0f8f5532ffc9fb,DIAGNOSTIC_COUNT
Richards.Richards,v8,1,1,HandlerTask.prototype.run,2328,0,b3e80d335724bec55484e47279236936aba83a04824eb2522b0f8f5532ffc9fb,DIAGNOSTIC_COUNT
Richards.Richards,v8,1,1,Packet.prototype.addTo,2008,0,b3e80d335724bec55484e47279236936aba83a04824eb2522b0f8f5532ffc9fb,DIAGNOSTIC_COUNT
Richards.Richards,v8,1,1,Scheduler.prototype.suspendCurrent,2324,0,b3e80d335724bec55484e47279236936aba83a04824eb2522b0f8f5532ffc9fb,DIAGNOSTIC_COUNT
Richards.Richards,v8,1,1,TaskControlBlock.prototype.markAsSuspended,2324,0,b3e80d335724bec55484e47279236936aba83a04824eb2522b0f8f5532ffc9fb,DIAGNOSTIC_COUNT
Richards.Richards,v8,1,1,WorkerTask.prototype.run,468,0,b3e80d335724bec55484e47279236936aba83a04824eb2522b0f8f5532ffc9fb,DIAGNOSTIC_COUNT
Richards.Richards,v8,1,1,Scheduler.prototype.queue,2322,0,b3e80d335724bec55484e47279236936aba83a04824eb2522b0f8f5532ffc9fb,DIAGNOSTIC_COUNT
Richards.Richards,v8,1,1,TaskControlBlock.prototype.checkPriorityAdd,2322,0,b3e80d335724bec55484e47279236936aba83a04824eb2522b0f8f5532ffc9fb,DIAGNOSTIC_COUNT
Richards.Richards,v8,1,1,TaskControlBlock.prototype.markAsRunnable,1479,0,b3e80d335724bec55484e47279236936aba83a04824eb2522b0f8f5532ffc9fb,DIAGNOSTIC_COUNT
Richards.Richards,v8,1,1,DeviceTask.prototype.run,2777,0,b3e80d335724bec55484e47279236936aba83a04824eb2522b0f8f5532ffc9fb,DIAGNOSTIC_COUNT
Richards.Richards,v8,1,1,Scheduler.prototype.holdCurrent,928,0,b3e80d335724bec55484e47279236936aba83a04824eb2522b0f8f5532ffc9fb,DIAGNOSTIC_COUNT
Richards.Richards,v8,1,1,TaskControlBlock.prototype.markAsHeld,928,0,b3e80d335724bec55484e47279236936aba83a04824eb2522b0f8f5532ffc9fb,DIAGNOSTIC_COUNT
Richards.Richards,v8,1,1,IdleTask.prototype.run,1000,0,b3e80d335724bec55484e47279236936aba83a04824eb2522b0f8f5532ffc9fb,DIAGNOSTIC_COUNT
Richards.Richards,v8,1,1,Scheduler.prototype.release,999,0,b3e80d335724bec55484e47279236936aba83a04824eb2522b0f8f5532ffc9fb,DIAGNOSTIC_COUNT
Richards.Richards,v8,1,1,TaskControlBlock.prototype.markAsNotHeld,999,0,b3e80d335724bec55484e47279236936aba83a04824eb2522b0f8f5532ffc9fb,DIAGNOSTIC_COUNT
Richards.Richards,jsc,1,1,runRichards,1,0,b3e80d335724bec55484e47279236936aba83a04824eb2522b0f8f5532ffc9fb,DIAGNOSTIC_COUNT
Richards.Richards,jsc,1,1,Scheduler.prototype.addIdleTask,1,0,b3e80d335724bec55484e47279236936aba83a04824eb2522b0f8f5532ffc9fb,DIAGNOSTIC_COUNT
Richards.Richards,jsc,1,1,Scheduler.prototype.addRunningTask,1,0,b3e80d335724bec55484e47279236936aba83a04824eb2522b0f8f5532ffc9fb,DIAGNOSTIC_COUNT
Richards.Richards,jsc,1,1,Scheduler.prototype.addTask,6,0,b3e80d335724bec55484e47279236936aba83a04824eb2522b0f8f5532ffc9fb,DIAGNOSTIC_COUNT
Richards.Richards,jsc,1,1,TaskControlBlock.prototype.setRunning,1,0,b3e80d335724bec55484e47279236936aba83a04824eb2522b0f8f5532ffc9fb,DIAGNOSTIC_COUNT
Richards.Richards,jsc,1,1,Scheduler.prototype.addWorkerTask,1,0,b3e80d335724bec55484e47279236936aba83a04824eb2522b0f8f5532ffc9fb,DIAGNOSTIC_COUNT
Richards.Richards,jsc,1,1,Scheduler.prototype.addHandlerTask,2,0,b3e80d335724bec55484e47279236936aba83a04824eb2522b0f8f5532ffc9fb,DIAGNOSTIC_COUNT
Richards.Richards,jsc,1,1,Scheduler.prototype.addDeviceTask,2,0,b3e80d335724bec55484e47279236936aba83a04824eb2522b0f8f5532ffc9fb,DIAGNOSTIC_COUNT
Richards.Richards,jsc,1,1,Scheduler.prototype.schedule,1,0,b3e80d335724bec55484e47279236936aba83a04824eb2522b0f8f5532ffc9fb,DIAGNOSTIC_COUNT
Richards.Richards,jsc,1,1,TaskControlBlock.prototype.isHeldOrSuspended,10671,0,b3e80d335724bec55484e47279236936aba83a04824eb2522b0f8f5532ffc9fb,DIAGNOSTIC_COUNT
Richards.Richards,jsc,1,1,TaskControlBlock.prototype.run,6573,0,b3e80d335724bec55484e47279236936aba83a04824eb2522b0f8f5532ffc9fb,DIAGNOSTIC_COUNT
Richards.Richards,jsc,1,1,HandlerTask.prototype.run,2328,0,b3e80d335724bec55484e47279236936aba83a04824eb2522b0f8f5532ffc9fb,DIAGNOSTIC_COUNT
Richards.Richards,jsc,1,1,Packet.prototype.addTo,2008,0,b3e80d335724bec55484e47279236936aba83a04824eb2522b0f8f5532ffc9fb,DIAGNOSTIC_COUNT
Richards.Richards,jsc,1,1,Scheduler.prototype.suspendCurrent,2324,0,b3e80d335724bec55484e47279236936aba83a04824eb2522b0f8f5532ffc9fb,DIAGNOSTIC_COUNT
Richards.Richards,jsc,1,1,TaskControlBlock.prototype.markAsSuspended,2324,0,b3e80d335724bec55484e47279236936aba83a04824eb2522b0f8f5532ffc9fb,DIAGNOSTIC_COUNT
Richards.Richards,jsc,1,1,WorkerTask.prototype.run,468,0,b3e80d335724bec55484e47279236936aba83a04824eb2522b0f8f5532ffc9fb,DIAGNOSTIC_COUNT
Richards.Richards,jsc,1,1,Scheduler.prototype.queue,2322,0,b3e80d335724bec55484e47279236936aba83a04824eb2522b0f8f5532ffc9fb,DIAGNOSTIC_COUNT
Richards.Richards,jsc,1,1,TaskControlBlock.prototype.checkPriorityAdd,2322,0,b3e80d335724bec55484e47279236936aba83a04824eb2522b0f8f5532ffc9fb,DIAGNOSTIC_COUNT
Richards.Richards,jsc,1,1,TaskControlBlock.prototype.markAsRunnable,1479,0,b3e80d335724bec55484e47279236936aba83a04824eb2522b0f8f5532ffc9fb,DIAGNOSTIC_COUNT
Richards.Richards,jsc,1,1,DeviceTask.prototype.run,2777,0,b3e80d335724bec55484e47279236936aba83a04824eb2522b0f8f5532ffc9fb,DIAGNOSTIC_COUNT
Richards.Richards,jsc,1,1,Scheduler.prototype.holdCurrent,928,0,b3e80d335724bec55484e47279236936aba83a04824eb2522b0f8f5532ffc9fb,DIAGNOSTIC_COUNT
Richards.Richards,jsc,1,1,TaskControlBlock.prototype.markAsHeld,928,0,b3e80d335724bec55484e47279236936aba83a04824eb2522b0f8f5532ffc9fb,DIAGNOSTIC_COUNT
Richards.Richards,jsc,1,1,IdleTask.prototype.run,1000,0,b3e80d335724bec55484e47279236936aba83a04824eb2522b0f8f5532ffc9fb,DIAGNOSTIC_COUNT
Richards.Richards,jsc,1,1,Scheduler.prototype.release,999,0,b3e80d335724bec55484e47279236936aba83a04824eb2522b0f8f5532ffc9fb,DIAGNOSTIC_COUNT
Richards.Richards,jsc,1,1,TaskControlBlock.prototype.markAsNotHeld,999,0,b3e80d335724bec55484e47279236936aba83a04824eb2522b0f8f5532ffc9fb,DIAGNOSTIC_COUNT
Richards.Richards,quickjs,2,1,runRichards,2,0,244815f9a384cdad901c7c2e7ac9c247df6523ab83ace1013d78bf8c4e47246e,DIAGNOSTIC_COUNT
Richards.Richards,quickjs,2,1,Scheduler.prototype.addIdleTask,2,0,244815f9a384cdad901c7c2e7ac9c247df6523ab83ace1013d78bf8c4e47246e,DIAGNOSTIC_COUNT
Richards.Richards,quickjs,2,1,Scheduler.prototype.addRunningTask,2,0,244815f9a384cdad901c7c2e7ac9c247df6523ab83ace1013d78bf8c4e47246e,DIAGNOSTIC_COUNT
Richards.Richards,quickjs,2,1,Scheduler.prototype.addTask,12,0,244815f9a384cdad901c7c2e7ac9c247df6523ab83ace1013d78bf8c4e47246e,DIAGNOSTIC_COUNT
Richards.Richards,quickjs,2,1,TaskControlBlock.prototype.setRunning,2,0,244815f9a384cdad901c7c2e7ac9c247df6523ab83ace1013d78bf8c4e47246e,DIAGNOSTIC_COUNT
Richards.Richards,quickjs,2,1,Scheduler.prototype.addWorkerTask,2,0,244815f9a384cdad901c7c2e7ac9c247df6523ab83ace1013d78bf8c4e47246e,DIAGNOSTIC_COUNT
Richards.Richards,quickjs,2,1,Scheduler.prototype.addHandlerTask,4,0,244815f9a384cdad901c7c2e7ac9c247df6523ab83ace1013d78bf8c4e47246e,DIAGNOSTIC_COUNT
Richards.Richards,quickjs,2,1,Scheduler.prototype.addDeviceTask,4,0,244815f9a384cdad901c7c2e7ac9c247df6523ab83ace1013d78bf8c4e47246e,DIAGNOSTIC_COUNT
Richards.Richards,quickjs,2,1,Scheduler.prototype.schedule,2,0,244815f9a384cdad901c7c2e7ac9c247df6523ab83ace1013d78bf8c4e47246e,DIAGNOSTIC_COUNT
Richards.Richards,quickjs,2,1,TaskControlBlock.prototype.isHeldOrSuspended,21342,0,244815f9a384cdad901c7c2e7ac9c247df6523ab83ace1013d78bf8c4e47246e,DIAGNOSTIC_COUNT
Richards.Richards,quickjs,2,1,TaskControlBlock.prototype.run,13146,0,244815f9a384cdad901c7c2e7ac9c247df6523ab83ace1013d78bf8c4e47246e,DIAGNOSTIC_COUNT
Richards.Richards,quickjs,2,1,HandlerTask.prototype.run,4656,0,244815f9a384cdad901c7c2e7ac9c247df6523ab83ace1013d78bf8c4e47246e,DIAGNOSTIC_COUNT
Richards.Richards,quickjs,2,1,Packet.prototype.addTo,4016,0,244815f9a384cdad901c7c2e7ac9c247df6523ab83ace1013d78bf8c4e47246e,DIAGNOSTIC_COUNT
Richards.Richards,quickjs,2,1,Scheduler.prototype.suspendCurrent,4648,0,244815f9a384cdad901c7c2e7ac9c247df6523ab83ace1013d78bf8c4e47246e,DIAGNOSTIC_COUNT
Richards.Richards,quickjs,2,1,TaskControlBlock.prototype.markAsSuspended,4648,0,244815f9a384cdad901c7c2e7ac9c247df6523ab83ace1013d78bf8c4e47246e,DIAGNOSTIC_COUNT
Richards.Richards,quickjs,2,1,WorkerTask.prototype.run,936,0,244815f9a384cdad901c7c2e7ac9c247df6523ab83ace1013d78bf8c4e47246e,DIAGNOSTIC_COUNT
Richards.Richards,quickjs,2,1,Scheduler.prototype.queue,4644,0,244815f9a384cdad901c7c2e7ac9c247df6523ab83ace1013d78bf8c4e47246e,DIAGNOSTIC_COUNT
Richards.Richards,quickjs,2,1,TaskControlBlock.prototype.checkPriorityAdd,4644,0,244815f9a384cdad901c7c2e7ac9c247df6523ab83ace1013d78bf8c4e47246e,DIAGNOSTIC_COUNT
Richards.Richards,quickjs,2,1,TaskControlBlock.prototype.markAsRunnable,2958,0,244815f9a384cdad901c7c2e7ac9c247df6523ab83ace1013d78bf8c4e47246e,DIAGNOSTIC_COUNT
Richards.Richards,quickjs,2,1,DeviceTask.prototype.run,5554,0,244815f9a384cdad901c7c2e7ac9c247df6523ab83ace1013d78bf8c4e47246e,DIAGNOSTIC_COUNT
Richards.Richards,quickjs,2,1,Scheduler.prototype.holdCurrent,1856,0,244815f9a384cdad901c7c2e7ac9c247df6523ab83ace1013d78bf8c4e47246e,DIAGNOSTIC_COUNT
Richards.Richards,quickjs,2,1,TaskControlBlock.prototype.markAsHeld,1856,0,244815f9a384cdad901c7c2e7ac9c247df6523ab83ace1013d78bf8c4e47246e,DIAGNOSTIC_COUNT
Richards.Richards,quickjs,2,1,IdleTask.prototype.run,2000,0,244815f9a384cdad901c7c2e7ac9c247df6523ab83ace1013d78bf8c4e47246e,DIAGNOSTIC_COUNT
Richards.Richards,quickjs,2,1,Scheduler.prototype.release,1998,0,244815f9a384cdad901c7c2e7ac9c247df6523ab83ace1013d78bf8c4e47246e,DIAGNOSTIC_COUNT
Richards.Richards,quickjs,2,1,TaskControlBlock.prototype.markAsNotHeld,1998,0,244815f9a384cdad901c7c2e7ac9c247df6523ab83ace1013d78bf8c4e47246e,DIAGNOSTIC_COUNT
Richards.Richards,v8,2,1,runRichards,2,0,244815f9a384cdad901c7c2e7ac9c247df6523ab83ace1013d78bf8c4e47246e,DIAGNOSTIC_COUNT
Richards.Richards,v8,2,1,Scheduler.prototype.addIdleTask,2,0,244815f9a384cdad901c7c2e7ac9c247df6523ab83ace1013d78bf8c4e47246e,DIAGNOSTIC_COUNT
Richards.Richards,v8,2,1,Scheduler.prototype.addRunningTask,2,0,244815f9a384cdad901c7c2e7ac9c247df6523ab83ace1013d78bf8c4e47246e,DIAGNOSTIC_COUNT
Richards.Richards,v8,2,1,Scheduler.prototype.addTask,12,0,244815f9a384cdad901c7c2e7ac9c247df6523ab83ace1013d78bf8c4e47246e,DIAGNOSTIC_COUNT
Richards.Richards,v8,2,1,TaskControlBlock.prototype.setRunning,2,0,244815f9a384cdad901c7c2e7ac9c247df6523ab83ace1013d78bf8c4e47246e,DIAGNOSTIC_COUNT
Richards.Richards,v8,2,1,Scheduler.prototype.addWorkerTask,2,0,244815f9a384cdad901c7c2e7ac9c247df6523ab83ace1013d78bf8c4e47246e,DIAGNOSTIC_COUNT
Richards.Richards,v8,2,1,Scheduler.prototype.addHandlerTask,4,0,244815f9a384cdad901c7c2e7ac9c247df6523ab83ace1013d78bf8c4e47246e,DIAGNOSTIC_COUNT
Richards.Richards,v8,2,1,Scheduler.prototype.addDeviceTask,4,0,244815f9a384cdad901c7c2e7ac9c247df6523ab83ace1013d78bf8c4e47246e,DIAGNOSTIC_COUNT
Richards.Richards,v8,2,1,Scheduler.prototype.schedule,2,0,244815f9a384cdad901c7c2e7ac9c247df6523ab83ace1013d78bf8c4e47246e,DIAGNOSTIC_COUNT
Richards.Richards,v8,2,1,TaskControlBlock.prototype.isHeldOrSuspended,21342,0,244815f9a384cdad901c7c2e7ac9c247df6523ab83ace1013d78bf8c4e47246e,DIAGNOSTIC_COUNT
Richards.Richards,v8,2,1,TaskControlBlock.prototype.run,13146,0,244815f9a384cdad901c7c2e7ac9c247df6523ab83ace1013d78bf8c4e47246e,DIAGNOSTIC_COUNT
Richards.Richards,v8,2,1,HandlerTask.prototype.run,4656,0,244815f9a384cdad901c7c2e7ac9c247df6523ab83ace1013d78bf8c4e47246e,DIAGNOSTIC_COUNT
Richards.Richards,v8,2,1,Packet.prototype.addTo,4016,0,244815f9a384cdad901c7c2e7ac9c247df6523ab83ace1013d78bf8c4e47246e,DIAGNOSTIC_COUNT
Richards.Richards,v8,2,1,Scheduler.prototype.suspendCurrent,4648,0,244815f9a384cdad901c7c2e7ac9c247df6523ab83ace1013d78bf8c4e47246e,DIAGNOSTIC_COUNT
Richards.Richards,v8,2,1,TaskControlBlock.prototype.markAsSuspended,4648,0,244815f9a384cdad901c7c2e7ac9c247df6523ab83ace1013d78bf8c4e47246e,DIAGNOSTIC_COUNT
Richards.Richards,v8,2,1,WorkerTask.prototype.run,936,0,244815f9a384cdad901c7c2e7ac9c247df6523ab83ace1013d78bf8c4e47246e,DIAGNOSTIC_COUNT
Richards.Richards,v8,2,1,Scheduler.prototype.queue,4644,0,244815f9a384cdad901c7c2e7ac9c247df6523ab83ace1013d78bf8c4e47246e,DIAGNOSTIC_COUNT
Richards.Richards,v8,2,1,TaskControlBlock.prototype.checkPriorityAdd,4644,0,244815f9a384cdad901c7c2e7ac9c247df6523ab83ace1013d78bf8c4e47246e,DIAGNOSTIC_COUNT
Richards.Richards,v8,2,1,TaskControlBlock.prototype.markAsRunnable,2958,0,244815f9a384cdad901c7c2e7ac9c247df6523ab83ace1013d78bf8c4e47246e,DIAGNOSTIC_COUNT
Richards.Richards,v8,2,1,DeviceTask.prototype.run,5554,0,244815f9a384cdad901c7c2e7ac9c247df6523ab83ace1013d78bf8c4e47246e,DIAGNOSTIC_COUNT
Richards.Richards,v8,2,1,Scheduler.prototype.holdCurrent,1856,0,244815f9a384cdad901c7c2e7ac9c247df6523ab83ace1013d78bf8c4e47246e,DIAGNOSTIC_COUNT
Richards.Richards,v8,2,1,TaskControlBlock.prototype.markAsHeld,1856,0,244815f9a384cdad901c7c2e7ac9c247df6523ab83ace1013d78bf8c4e47246e,DIAGNOSTIC_COUNT
Richards.Richards,v8,2,1,IdleTask.prototype.run,2000,0,244815f9a384cdad901c7c2e7ac9c247df6523ab83ace1013d78bf8c4e47246e,DIAGNOSTIC_COUNT
Richards.Richards,v8,2,1,Scheduler.prototype.release,1998,0,244815f9a384cdad901c7c2e7ac9c247df6523ab83ace1013d78bf8c4e47246e,DIAGNOSTIC_COUNT
Richards.Richards,v8,2,1,TaskControlBlock.prototype.markAsNotHeld,1998,0,244815f9a384cdad901c7c2e7ac9c247df6523ab83ace1013d78bf8c4e47246e,DIAGNOSTIC_COUNT
Richards.Richards,jsc,2,1,runRichards,2,0,244815f9a384cdad901c7c2e7ac9c247df6523ab83ace1013d78bf8c4e47246e,DIAGNOSTIC_COUNT
Richards.Richards,jsc,2,1,Scheduler.prototype.addIdleTask,2,0,244815f9a384cdad901c7c2e7ac9c247df6523ab83ace1013d78bf8c4e47246e,DIAGNOSTIC_COUNT
Richards.Richards,jsc,2,1,Scheduler.prototype.addRunningTask,2,0,244815f9a384cdad901c7c2e7ac9c247df6523ab83ace1013d78bf8c4e47246e,DIAGNOSTIC_COUNT
Richards.Richards,jsc,2,1,Scheduler.prototype.addTask,12,0,244815f9a384cdad901c7c2e7ac9c247df6523ab83ace1013d78bf8c4e47246e,DIAGNOSTIC_COUNT
Richards.Richards,jsc,2,1,TaskControlBlock.prototype.setRunning,2,0,244815f9a384cdad901c7c2e7ac9c247df6523ab83ace1013d78bf8c4e47246e,DIAGNOSTIC_COUNT
Richards.Richards,jsc,2,1,Scheduler.prototype.addWorkerTask,2,0,244815f9a384cdad901c7c2e7ac9c247df6523ab83ace1013d78bf8c4e47246e,DIAGNOSTIC_COUNT
Richards.Richards,jsc,2,1,Scheduler.prototype.addHandlerTask,4,0,244815f9a384cdad901c7c2e7ac9c247df6523ab83ace1013d78bf8c4e47246e,DIAGNOSTIC_COUNT
Richards.Richards,jsc,2,1,Scheduler.prototype.addDeviceTask,4,0,244815f9a384cdad901c7c2e7ac9c247df6523ab83ace1013d78bf8c4e47246e,DIAGNOSTIC_COUNT
Richards.Richards,jsc,2,1,Scheduler.prototype.schedule,2,0,244815f9a384cdad901c7c2e7ac9c247df6523ab83ace1013d78bf8c4e47246e,DIAGNOSTIC_COUNT
Richards.Richards,jsc,2,1,TaskControlBlock.prototype.isHeldOrSuspended,21342,0,244815f9a384cdad901c7c2e7ac9c247df6523ab83ace1013d78bf8c4e47246e,DIAGNOSTIC_COUNT
Richards.Richards,jsc,2,1,TaskControlBlock.prototype.run,13146,0,244815f9a384cdad901c7c2e7ac9c247df6523ab83ace1013d78bf8c4e47246e,DIAGNOSTIC_COUNT
Richards.Richards,jsc,2,1,HandlerTask.prototype.run,4656,0,244815f9a384cdad901c7c2e7ac9c247df6523ab83ace1013d78bf8c4e47246e,DIAGNOSTIC_COUNT
Richards.Richards,jsc,2,1,Packet.prototype.addTo,4016,0,244815f9a384cdad901c7c2e7ac9c247df6523ab83ace1013d78bf8c4e47246e,DIAGNOSTIC_COUNT
Richards.Richards,jsc,2,1,Scheduler.prototype.suspendCurrent,4648,0,244815f9a384cdad901c7c2e7ac9c247df6523ab83ace1013d78bf8c4e47246e,DIAGNOSTIC_COUNT
Richards.Richards,jsc,2,1,TaskControlBlock.prototype.markAsSuspended,4648,0,244815f9a384cdad901c7c2e7ac9c247df6523ab83ace1013d78bf8c4e47246e,DIAGNOSTIC_COUNT
Richards.Richards,jsc,2,1,WorkerTask.prototype.run,936,0,244815f9a384cdad901c7c2e7ac9c247df6523ab83ace1013d78bf8c4e47246e,DIAGNOSTIC_COUNT
Richards.Richards,jsc,2,1,Scheduler.prototype.queue,4644,0,244815f9a384cdad901c7c2e7ac9c247df6523ab83ace1013d78bf8c4e47246e,DIAGNOSTIC_COUNT
Richards.Richards,jsc,2,1,TaskControlBlock.prototype.checkPriorityAdd,4644,0,244815f9a384cdad901c7c2e7ac9c247df6523ab83ace1013d78bf8c4e47246e,DIAGNOSTIC_COUNT
Richards.Richards,jsc,2,1,TaskControlBlock.prototype.markAsRunnable,2958,0,244815f9a384cdad901c7c2e7ac9c247df6523ab83ace1013d78bf8c4e47246e,DIAGNOSTIC_COUNT
Richards.Richards,jsc,2,1,DeviceTask.prototype.run,5554,0,244815f9a384cdad901c7c2e7ac9c247df6523ab83ace1013d78bf8c4e47246e,DIAGNOSTIC_COUNT
Richards.Richards,jsc,2,1,Scheduler.prototype.holdCurrent,1856,0,244815f9a384cdad901c7c2e7ac9c247df6523ab83ace1013d78bf8c4e47246e,DIAGNOSTIC_COUNT
Richards.Richards,jsc,2,1,TaskControlBlock.prototype.markAsHeld,1856,0,244815f9a384cdad901c7c2e7ac9c247df6523ab83ace1013d78bf8c4e47246e,DIAGNOSTIC_COUNT
Richards.Richards,jsc,2,1,IdleTask.prototype.run,2000,0,244815f9a384cdad901c7c2e7ac9c247df6523ab83ace1013d78bf8c4e47246e,DIAGNOSTIC_COUNT
Richards.Richards,jsc,2,1,Scheduler.prototype.release,1998,0,244815f9a384cdad901c7c2e7ac9c247df6523ab83ace1013d78bf8c4e47246e,DIAGNOSTIC_COUNT
Richards.Richards,jsc,2,1,TaskControlBlock.prototype.markAsNotHeld,1998,0,244815f9a384cdad901c7c2e7ac9c247df6523ab83ace1013d78bf8c4e47246e,DIAGNOSTIC_COUNT
Richards.Richards,quickjs,512,1,runRichards,512,0,81ca8a77af1b0ecd9f011a7f5c670a02e55724c99de0bc03bc74eec17393e98e,DIAGNOSTIC_COUNT
Richards.Richards,quickjs,512,1,Scheduler.prototype.addIdleTask,512,0,81ca8a77af1b0ecd9f011a7f5c670a02e55724c99de0bc03bc74eec17393e98e,DIAGNOSTIC_COUNT
Richards.Richards,quickjs,512,1,Scheduler.prototype.addRunningTask,512,0,81ca8a77af1b0ecd9f011a7f5c670a02e55724c99de0bc03bc74eec17393e98e,DIAGNOSTIC_COUNT
Richards.Richards,quickjs,512,1,Scheduler.prototype.addTask,3072,0,81ca8a77af1b0ecd9f011a7f5c670a02e55724c99de0bc03bc74eec17393e98e,DIAGNOSTIC_COUNT
Richards.Richards,quickjs,512,1,TaskControlBlock.prototype.setRunning,512,0,81ca8a77af1b0ecd9f011a7f5c670a02e55724c99de0bc03bc74eec17393e98e,DIAGNOSTIC_COUNT
Richards.Richards,quickjs,512,1,Scheduler.prototype.addWorkerTask,512,0,81ca8a77af1b0ecd9f011a7f5c670a02e55724c99de0bc03bc74eec17393e98e,DIAGNOSTIC_COUNT
Richards.Richards,quickjs,512,1,Scheduler.prototype.addHandlerTask,1024,0,81ca8a77af1b0ecd9f011a7f5c670a02e55724c99de0bc03bc74eec17393e98e,DIAGNOSTIC_COUNT
Richards.Richards,quickjs,512,1,Scheduler.prototype.addDeviceTask,1024,0,81ca8a77af1b0ecd9f011a7f5c670a02e55724c99de0bc03bc74eec17393e98e,DIAGNOSTIC_COUNT
Richards.Richards,quickjs,512,1,Scheduler.prototype.schedule,512,0,81ca8a77af1b0ecd9f011a7f5c670a02e55724c99de0bc03bc74eec17393e98e,DIAGNOSTIC_COUNT
Richards.Richards,quickjs,512,1,TaskControlBlock.prototype.isHeldOrSuspended,5463552,0,81ca8a77af1b0ecd9f011a7f5c670a02e55724c99de0bc03bc74eec17393e98e,DIAGNOSTIC_COUNT
Richards.Richards,quickjs,512,1,TaskControlBlock.prototype.run,3365376,0,81ca8a77af1b0ecd9f011a7f5c670a02e55724c99de0bc03bc74eec17393e98e,DIAGNOSTIC_COUNT
Richards.Richards,quickjs,512,1,HandlerTask.prototype.run,1191936,0,81ca8a77af1b0ecd9f011a7f5c670a02e55724c99de0bc03bc74eec17393e98e,DIAGNOSTIC_COUNT
Richards.Richards,quickjs,512,1,Packet.prototype.addTo,1028096,0,81ca8a77af1b0ecd9f011a7f5c670a02e55724c99de0bc03bc74eec17393e98e,DIAGNOSTIC_COUNT
Richards.Richards,quickjs,512,1,Scheduler.prototype.suspendCurrent,1189888,0,81ca8a77af1b0ecd9f011a7f5c670a02e55724c99de0bc03bc74eec17393e98e,DIAGNOSTIC_COUNT
Richards.Richards,quickjs,512,1,TaskControlBlock.prototype.markAsSuspended,1189888,0,81ca8a77af1b0ecd9f011a7f5c670a02e55724c99de0bc03bc74eec17393e98e,DIAGNOSTIC_COUNT
Richards.Richards,quickjs,512,1,WorkerTask.prototype.run,239616,0,81ca8a77af1b0ecd9f011a7f5c670a02e55724c99de0bc03bc74eec17393e98e,DIAGNOSTIC_COUNT
Richards.Richards,quickjs,512,1,Scheduler.prototype.queue,1188864,0,81ca8a77af1b0ecd9f011a7f5c670a02e55724c99de0bc03bc74eec17393e98e,DIAGNOSTIC_COUNT
Richards.Richards,quickjs,512,1,TaskControlBlock.prototype.checkPriorityAdd,1188864,0,81ca8a77af1b0ecd9f011a7f5c670a02e55724c99de0bc03bc74eec17393e98e,DIAGNOSTIC_COUNT
Richards.Richards,quickjs,512,1,TaskControlBlock.prototype.markAsRunnable,757248,0,81ca8a77af1b0ecd9f011a7f5c670a02e55724c99de0bc03bc74eec17393e98e,DIAGNOSTIC_COUNT
Richards.Richards,quickjs,512,1,DeviceTask.prototype.run,1421824,0,81ca8a77af1b0ecd9f011a7f5c670a02e55724c99de0bc03bc74eec17393e98e,DIAGNOSTIC_COUNT
Richards.Richards,quickjs,512,1,Scheduler.prototype.holdCurrent,475136,0,81ca8a77af1b0ecd9f011a7f5c670a02e55724c99de0bc03bc74eec17393e98e,DIAGNOSTIC_COUNT
Richards.Richards,quickjs,512,1,TaskControlBlock.prototype.markAsHeld,475136,0,81ca8a77af1b0ecd9f011a7f5c670a02e55724c99de0bc03bc74eec17393e98e,DIAGNOSTIC_COUNT
Richards.Richards,quickjs,512,1,IdleTask.prototype.run,512000,0,81ca8a77af1b0ecd9f011a7f5c670a02e55724c99de0bc03bc74eec17393e98e,DIAGNOSTIC_COUNT
Richards.Richards,quickjs,512,1,Scheduler.prototype.release,511488,0,81ca8a77af1b0ecd9f011a7f5c670a02e55724c99de0bc03bc74eec17393e98e,DIAGNOSTIC_COUNT
Richards.Richards,quickjs,512,1,TaskControlBlock.prototype.markAsNotHeld,511488,0,81ca8a77af1b0ecd9f011a7f5c670a02e55724c99de0bc03bc74eec17393e98e,DIAGNOSTIC_COUNT
Richards.Richards,quickjs,512,2,runRichards,512,0,81ca8a77af1b0ecd9f011a7f5c670a02e55724c99de0bc03bc74eec17393e98e,DIAGNOSTIC_COUNT
Richards.Richards,quickjs,512,2,Scheduler.prototype.addIdleTask,512,0,81ca8a77af1b0ecd9f011a7f5c670a02e55724c99de0bc03bc74eec17393e98e,DIAGNOSTIC_COUNT
Richards.Richards,quickjs,512,2,Scheduler.prototype.addRunningTask,512,0,81ca8a77af1b0ecd9f011a7f5c670a02e55724c99de0bc03bc74eec17393e98e,DIAGNOSTIC_COUNT
Richards.Richards,quickjs,512,2,Scheduler.prototype.addTask,3072,0,81ca8a77af1b0ecd9f011a7f5c670a02e55724c99de0bc03bc74eec17393e98e,DIAGNOSTIC_COUNT
Richards.Richards,quickjs,512,2,TaskControlBlock.prototype.setRunning,512,0,81ca8a77af1b0ecd9f011a7f5c670a02e55724c99de0bc03bc74eec17393e98e,DIAGNOSTIC_COUNT
Richards.Richards,quickjs,512,2,Scheduler.prototype.addWorkerTask,512,0,81ca8a77af1b0ecd9f011a7f5c670a02e55724c99de0bc03bc74eec17393e98e,DIAGNOSTIC_COUNT
Richards.Richards,quickjs,512,2,Scheduler.prototype.addHandlerTask,1024,0,81ca8a77af1b0ecd9f011a7f5c670a02e55724c99de0bc03bc74eec17393e98e,DIAGNOSTIC_COUNT
Richards.Richards,quickjs,512,2,Scheduler.prototype.addDeviceTask,1024,0,81ca8a77af1b0ecd9f011a7f5c670a02e55724c99de0bc03bc74eec17393e98e,DIAGNOSTIC_COUNT
Richards.Richards,quickjs,512,2,Scheduler.prototype.schedule,512,0,81ca8a77af1b0ecd9f011a7f5c670a02e55724c99de0bc03bc74eec17393e98e,DIAGNOSTIC_COUNT
Richards.Richards,quickjs,512,2,TaskControlBlock.prototype.isHeldOrSuspended,5463552,0,81ca8a77af1b0ecd9f011a7f5c670a02e55724c99de0bc03bc74eec17393e98e,DIAGNOSTIC_COUNT
Richards.Richards,quickjs,512,2,TaskControlBlock.prototype.run,3365376,0,81ca8a77af1b0ecd9f011a7f5c670a02e55724c99de0bc03bc74eec17393e98e,DIAGNOSTIC_COUNT
Richards.Richards,quickjs,512,2,HandlerTask.prototype.run,1191936,0,81ca8a77af1b0ecd9f011a7f5c670a02e55724c99de0bc03bc74eec17393e98e,DIAGNOSTIC_COUNT
Richards.Richards,quickjs,512,2,Packet.prototype.addTo,1028096,0,81ca8a77af1b0ecd9f011a7f5c670a02e55724c99de0bc03bc74eec17393e98e,DIAGNOSTIC_COUNT
Richards.Richards,quickjs,512,2,Scheduler.prototype.suspendCurrent,1189888,0,81ca8a77af1b0ecd9f011a7f5c670a02e55724c99de0bc03bc74eec17393e98e,DIAGNOSTIC_COUNT
Richards.Richards,quickjs,512,2,TaskControlBlock.prototype.markAsSuspended,1189888,0,81ca8a77af1b0ecd9f011a7f5c670a02e55724c99de0bc03bc74eec17393e98e,DIAGNOSTIC_COUNT
Richards.Richards,quickjs,512,2,WorkerTask.prototype.run,239616,0,81ca8a77af1b0ecd9f011a7f5c670a02e55724c99de0bc03bc74eec17393e98e,DIAGNOSTIC_COUNT
Richards.Richards,quickjs,512,2,Scheduler.prototype.queue,1188864,0,81ca8a77af1b0ecd9f011a7f5c670a02e55724c99de0bc03bc74eec17393e98e,DIAGNOSTIC_COUNT
Richards.Richards,quickjs,512,2,TaskControlBlock.prototype.checkPriorityAdd,1188864,0,81ca8a77af1b0ecd9f011a7f5c670a02e55724c99de0bc03bc74eec17393e98e,DIAGNOSTIC_COUNT
Richards.Richards,quickjs,512,2,TaskControlBlock.prototype.markAsRunnable,757248,0,81ca8a77af1b0ecd9f011a7f5c670a02e55724c99de0bc03bc74eec17393e98e,DIAGNOSTIC_COUNT
Richards.Richards,quickjs,512,2,DeviceTask.prototype.run,1421824,0,81ca8a77af1b0ecd9f011a7f5c670a02e55724c99de0bc03bc74eec17393e98e,DIAGNOSTIC_COUNT
Richards.Richards,quickjs,512,2,Scheduler.prototype.holdCurrent,475136,0,81ca8a77af1b0ecd9f011a7f5c670a02e55724c99de0bc03bc74eec17393e98e,DIAGNOSTIC_COUNT
Richards.Richards,quickjs,512,2,TaskControlBlock.prototype.markAsHeld,475136,0,81ca8a77af1b0ecd9f011a7f5c670a02e55724c99de0bc03bc74eec17393e98e,DIAGNOSTIC_COUNT
Richards.Richards,quickjs,512,2,IdleTask.prototype.run,512000,0,81ca8a77af1b0ecd9f011a7f5c670a02e55724c99de0bc03bc74eec17393e98e,DIAGNOSTIC_COUNT
Richards.Richards,quickjs,512,2,Scheduler.prototype.release,511488,0,81ca8a77af1b0ecd9f011a7f5c670a02e55724c99de0bc03bc74eec17393e98e,DIAGNOSTIC_COUNT
Richards.Richards,quickjs,512,2,TaskControlBlock.prototype.markAsNotHeld,511488,0,81ca8a77af1b0ecd9f011a7f5c670a02e55724c99de0bc03bc74eec17393e98e,DIAGNOSTIC_COUNT
Richards.Richards,quickjs,512,3,runRichards,512,0,81ca8a77af1b0ecd9f011a7f5c670a02e55724c99de0bc03bc74eec17393e98e,DIAGNOSTIC_COUNT
Richards.Richards,quickjs,512,3,Scheduler.prototype.addIdleTask,512,0,81ca8a77af1b0ecd9f011a7f5c670a02e55724c99de0bc03bc74eec17393e98e,DIAGNOSTIC_COUNT
Richards.Richards,quickjs,512,3,Scheduler.prototype.addRunningTask,512,0,81ca8a77af1b0ecd9f011a7f5c670a02e55724c99de0bc03bc74eec17393e98e,DIAGNOSTIC_COUNT
Richards.Richards,quickjs,512,3,Scheduler.prototype.addTask,3072,0,81ca8a77af1b0ecd9f011a7f5c670a02e55724c99de0bc03bc74eec17393e98e,DIAGNOSTIC_COUNT
Richards.Richards,quickjs,512,3,TaskControlBlock.prototype.setRunning,512,0,81ca8a77af1b0ecd9f011a7f5c670a02e55724c99de0bc03bc74eec17393e98e,DIAGNOSTIC_COUNT
Richards.Richards,quickjs,512,3,Scheduler.prototype.addWorkerTask,512,0,81ca8a77af1b0ecd9f011a7f5c670a02e55724c99de0bc03bc74eec17393e98e,DIAGNOSTIC_COUNT
Richards.Richards,quickjs,512,3,Scheduler.prototype.addHandlerTask,1024,0,81ca8a77af1b0ecd9f011a7f5c670a02e55724c99de0bc03bc74eec17393e98e,DIAGNOSTIC_COUNT
Richards.Richards,quickjs,512,3,Scheduler.prototype.addDeviceTask,1024,0,81ca8a77af1b0ecd9f011a7f5c670a02e55724c99de0bc03bc74eec17393e98e,DIAGNOSTIC_COUNT
Richards.Richards,quickjs,512,3,Scheduler.prototype.schedule,512,0,81ca8a77af1b0ecd9f011a7f5c670a02e55724c99de0bc03bc74eec17393e98e,DIAGNOSTIC_COUNT
Richards.Richards,quickjs,512,3,TaskControlBlock.prototype.isHeldOrSuspended,5463552,0,81ca8a77af1b0ecd9f011a7f5c670a02e55724c99de0bc03bc74eec17393e98e,DIAGNOSTIC_COUNT
Richards.Richards,quickjs,512,3,TaskControlBlock.prototype.run,3365376,0,81ca8a77af1b0ecd9f011a7f5c670a02e55724c99de0bc03bc74eec17393e98e,DIAGNOSTIC_COUNT
Richards.Richards,quickjs,512,3,HandlerTask.prototype.run,1191936,0,81ca8a77af1b0ecd9f011a7f5c670a02e55724c99de0bc03bc74eec17393e98e,DIAGNOSTIC_COUNT
Richards.Richards,quickjs,512,3,Packet.prototype.addTo,1028096,0,81ca8a77af1b0ecd9f011a7f5c670a02e55724c99de0bc03bc74eec17393e98e,DIAGNOSTIC_COUNT
Richards.Richards,quickjs,512,3,Scheduler.prototype.suspendCurrent,1189888,0,81ca8a77af1b0ecd9f011a7f5c670a02e55724c99de0bc03bc74eec17393e98e,DIAGNOSTIC_COUNT
Richards.Richards,quickjs,512,3,TaskControlBlock.prototype.markAsSuspended,1189888,0,81ca8a77af1b0ecd9f011a7f5c670a02e55724c99de0bc03bc74eec17393e98e,DIAGNOSTIC_COUNT
Richards.Richards,quickjs,512,3,WorkerTask.prototype.run,239616,0,81ca8a77af1b0ecd9f011a7f5c670a02e55724c99de0bc03bc74eec17393e98e,DIAGNOSTIC_COUNT
Richards.Richards,quickjs,512,3,Scheduler.prototype.queue,1188864,0,81ca8a77af1b0ecd9f011a7f5c670a02e55724c99de0bc03bc74eec17393e98e,DIAGNOSTIC_COUNT
Richards.Richards,quickjs,512,3,TaskControlBlock.prototype.checkPriorityAdd,1188864,0,81ca8a77af1b0ecd9f011a7f5c670a02e55724c99de0bc03bc74eec17393e98e,DIAGNOSTIC_COUNT
Richards.Richards,quickjs,512,3,TaskControlBlock.prototype.markAsRunnable,757248,0,81ca8a77af1b0ecd9f011a7f5c670a02e55724c99de0bc03bc74eec17393e98e,DIAGNOSTIC_COUNT
Richards.Richards,quickjs,512,3,DeviceTask.prototype.run,1421824,0,81ca8a77af1b0ecd9f011a7f5c670a02e55724c99de0bc03bc74eec17393e98e,DIAGNOSTIC_COUNT
Richards.Richards,quickjs,512,3,Scheduler.prototype.holdCurrent,475136,0,81ca8a77af1b0ecd9f011a7f5c670a02e55724c99de0bc03bc74eec17393e98e,DIAGNOSTIC_COUNT
Richards.Richards,quickjs,512,3,TaskControlBlock.prototype.markAsHeld,475136,0,81ca8a77af1b0ecd9f011a7f5c670a02e55724c99de0bc03bc74eec17393e98e,DIAGNOSTIC_COUNT
Richards.Richards,quickjs,512,3,IdleTask.prototype.run,512000,0,81ca8a77af1b0ecd9f011a7f5c670a02e55724c99de0bc03bc74eec17393e98e,DIAGNOSTIC_COUNT
Richards.Richards,quickjs,512,3,Scheduler.prototype.release,511488,0,81ca8a77af1b0ecd9f011a7f5c670a02e55724c99de0bc03bc74eec17393e98e,DIAGNOSTIC_COUNT
Richards.Richards,quickjs,512,3,TaskControlBlock.prototype.markAsNotHeld,511488,0,81ca8a77af1b0ecd9f011a7f5c670a02e55724c99de0bc03bc74eec17393e98e,DIAGNOSTIC_COUNT
Richards.Richards,v8,512,1,runRichards,512,0,81ca8a77af1b0ecd9f011a7f5c670a02e55724c99de0bc03bc74eec17393e98e,DIAGNOSTIC_COUNT
Richards.Richards,v8,512,1,Scheduler.prototype.addIdleTask,512,0,81ca8a77af1b0ecd9f011a7f5c670a02e55724c99de0bc03bc74eec17393e98e,DIAGNOSTIC_COUNT
Richards.Richards,v8,512,1,Scheduler.prototype.addRunningTask,512,0,81ca8a77af1b0ecd9f011a7f5c670a02e55724c99de0bc03bc74eec17393e98e,DIAGNOSTIC_COUNT
Richards.Richards,v8,512,1,Scheduler.prototype.addTask,3072,0,81ca8a77af1b0ecd9f011a7f5c670a02e55724c99de0bc03bc74eec17393e98e,DIAGNOSTIC_COUNT
Richards.Richards,v8,512,1,TaskControlBlock.prototype.setRunning,512,0,81ca8a77af1b0ecd9f011a7f5c670a02e55724c99de0bc03bc74eec17393e98e,DIAGNOSTIC_COUNT
Richards.Richards,v8,512,1,Scheduler.prototype.addWorkerTask,512,0,81ca8a77af1b0ecd9f011a7f5c670a02e55724c99de0bc03bc74eec17393e98e,DIAGNOSTIC_COUNT
Richards.Richards,v8,512,1,Scheduler.prototype.addHandlerTask,1024,0,81ca8a77af1b0ecd9f011a7f5c670a02e55724c99de0bc03bc74eec17393e98e,DIAGNOSTIC_COUNT
Richards.Richards,v8,512,1,Scheduler.prototype.addDeviceTask,1024,0,81ca8a77af1b0ecd9f011a7f5c670a02e55724c99de0bc03bc74eec17393e98e,DIAGNOSTIC_COUNT
Richards.Richards,v8,512,1,Scheduler.prototype.schedule,512,0,81ca8a77af1b0ecd9f011a7f5c670a02e55724c99de0bc03bc74eec17393e98e,DIAGNOSTIC_COUNT
Richards.Richards,v8,512,1,TaskControlBlock.prototype.isHeldOrSuspended,5463552,0,81ca8a77af1b0ecd9f011a7f5c670a02e55724c99de0bc03bc74eec17393e98e,DIAGNOSTIC_COUNT
Richards.Richards,v8,512,1,TaskControlBlock.prototype.run,3365376,0,81ca8a77af1b0ecd9f011a7f5c670a02e55724c99de0bc03bc74eec17393e98e,DIAGNOSTIC_COUNT
Richards.Richards,v8,512,1,HandlerTask.prototype.run,1191936,0,81ca8a77af1b0ecd9f011a7f5c670a02e55724c99de0bc03bc74eec17393e98e,DIAGNOSTIC_COUNT
Richards.Richards,v8,512,1,Packet.prototype.addTo,1028096,0,81ca8a77af1b0ecd9f011a7f5c670a02e55724c99de0bc03bc74eec17393e98e,DIAGNOSTIC_COUNT
Richards.Richards,v8,512,1,Scheduler.prototype.suspendCurrent,1189888,0,81ca8a77af1b0ecd9f011a7f5c670a02e55724c99de0bc03bc74eec17393e98e,DIAGNOSTIC_COUNT
Richards.Richards,v8,512,1,TaskControlBlock.prototype.markAsSuspended,1189888,0,81ca8a77af1b0ecd9f011a7f5c670a02e55724c99de0bc03bc74eec17393e98e,DIAGNOSTIC_COUNT
Richards.Richards,v8,512,1,WorkerTask.prototype.run,239616,0,81ca8a77af1b0ecd9f011a7f5c670a02e55724c99de0bc03bc74eec17393e98e,DIAGNOSTIC_COUNT
Richards.Richards,v8,512,1,Scheduler.prototype.queue,1188864,0,81ca8a77af1b0ecd9f011a7f5c670a02e55724c99de0bc03bc74eec17393e98e,DIAGNOSTIC_COUNT
Richards.Richards,v8,512,1,TaskControlBlock.prototype.checkPriorityAdd,1188864,0,81ca8a77af1b0ecd9f011a7f5c670a02e55724c99de0bc03bc74eec17393e98e,DIAGNOSTIC_COUNT
Richards.Richards,v8,512,1,TaskControlBlock.prototype.markAsRunnable,757248,0,81ca8a77af1b0ecd9f011a7f5c670a02e55724c99de0bc03bc74eec17393e98e,DIAGNOSTIC_COUNT
Richards.Richards,v8,512,1,DeviceTask.prototype.run,1421824,0,81ca8a77af1b0ecd9f011a7f5c670a02e55724c99de0bc03bc74eec17393e98e,DIAGNOSTIC_COUNT
Richards.Richards,v8,512,1,Scheduler.prototype.holdCurrent,475136,0,81ca8a77af1b0ecd9f011a7f5c670a02e55724c99de0bc03bc74eec17393e98e,DIAGNOSTIC_COUNT
Richards.Richards,v8,512,1,TaskControlBlock.prototype.markAsHeld,475136,0,81ca8a77af1b0ecd9f011a7f5c670a02e55724c99de0bc03bc74eec17393e98e,DIAGNOSTIC_COUNT
Richards.Richards,v8,512,1,IdleTask.prototype.run,512000,0,81ca8a77af1b0ecd9f011a7f5c670a02e55724c99de0bc03bc74eec17393e98e,DIAGNOSTIC_COUNT
Richards.Richards,v8,512,1,Scheduler.prototype.release,511488,0,81ca8a77af1b0ecd9f011a7f5c670a02e55724c99de0bc03bc74eec17393e98e,DIAGNOSTIC_COUNT
Richards.Richards,v8,512,1,TaskControlBlock.prototype.markAsNotHeld,511488,0,81ca8a77af1b0ecd9f011a7f5c670a02e55724c99de0bc03bc74eec17393e98e,DIAGNOSTIC_COUNT
Richards.Richards,v8,512,2,runRichards,512,0,81ca8a77af1b0ecd9f011a7f5c670a02e55724c99de0bc03bc74eec17393e98e,DIAGNOSTIC_COUNT
Richards.Richards,v8,512,2,Scheduler.prototype.addIdleTask,512,0,81ca8a77af1b0ecd9f011a7f5c670a02e55724c99de0bc03bc74eec17393e98e,DIAGNOSTIC_COUNT
Richards.Richards,v8,512,2,Scheduler.prototype.addRunningTask,512,0,81ca8a77af1b0ecd9f011a7f5c670a02e55724c99de0bc03bc74eec17393e98e,DIAGNOSTIC_COUNT
Richards.Richards,v8,512,2,Scheduler.prototype.addTask,3072,0,81ca8a77af1b0ecd9f011a7f5c670a02e55724c99de0bc03bc74eec17393e98e,DIAGNOSTIC_COUNT
Richards.Richards,v8,512,2,TaskControlBlock.prototype.setRunning,512,0,81ca8a77af1b0ecd9f011a7f5c670a02e55724c99de0bc03bc74eec17393e98e,DIAGNOSTIC_COUNT
Richards.Richards,v8,512,2,Scheduler.prototype.addWorkerTask,512,0,81ca8a77af1b0ecd9f011a7f5c670a02e55724c99de0bc03bc74eec17393e98e,DIAGNOSTIC_COUNT
Richards.Richards,v8,512,2,Scheduler.prototype.addHandlerTask,1024,0,81ca8a77af1b0ecd9f011a7f5c670a02e55724c99de0bc03bc74eec17393e98e,DIAGNOSTIC_COUNT
Richards.Richards,v8,512,2,Scheduler.prototype.addDeviceTask,1024,0,81ca8a77af1b0ecd9f011a7f5c670a02e55724c99de0bc03bc74eec17393e98e,DIAGNOSTIC_COUNT
Richards.Richards,v8,512,2,Scheduler.prototype.schedule,512,0,81ca8a77af1b0ecd9f011a7f5c670a02e55724c99de0bc03bc74eec17393e98e,DIAGNOSTIC_COUNT
Richards.Richards,v8,512,2,TaskControlBlock.prototype.isHeldOrSuspended,5463552,0,81ca8a77af1b0ecd9f011a7f5c670a02e55724c99de0bc03bc74eec17393e98e,DIAGNOSTIC_COUNT
Richards.Richards,v8,512,2,TaskControlBlock.prototype.run,3365376,0,81ca8a77af1b0ecd9f011a7f5c670a02e55724c99de0bc03bc74eec17393e98e,DIAGNOSTIC_COUNT
Richards.Richards,v8,512,2,HandlerTask.prototype.run,1191936,0,81ca8a77af1b0ecd9f011a7f5c670a02e55724c99de0bc03bc74eec17393e98e,DIAGNOSTIC_COUNT
Richards.Richards,v8,512,2,Packet.prototype.addTo,1028096,0,81ca8a77af1b0ecd9f011a7f5c670a02e55724c99de0bc03bc74eec17393e98e,DIAGNOSTIC_COUNT
Richards.Richards,v8,512,2,Scheduler.prototype.suspendCurrent,1189888,0,81ca8a77af1b0ecd9f011a7f5c670a02e55724c99de0bc03bc74eec17393e98e,DIAGNOSTIC_COUNT
Richards.Richards,v8,512,2,TaskControlBlock.prototype.markAsSuspended,1189888,0,81ca8a77af1b0ecd9f011a7f5c670a02e55724c99de0bc03bc74eec17393e98e,DIAGNOSTIC_COUNT
Richards.Richards,v8,512,2,WorkerTask.prototype.run,239616,0,81ca8a77af1b0ecd9f011a7f5c670a02e55724c99de0bc03bc74eec17393e98e,DIAGNOSTIC_COUNT
Richards.Richards,v8,512,2,Scheduler.prototype.queue,1188864,0,81ca8a77af1b0ecd9f011a7f5c670a02e55724c99de0bc03bc74eec17393e98e,DIAGNOSTIC_COUNT
Richards.Richards,v8,512,2,TaskControlBlock.prototype.checkPriorityAdd,1188864,0,81ca8a77af1b0ecd9f011a7f5c670a02e55724c99de0bc03bc74eec17393e98e,DIAGNOSTIC_COUNT
Richards.Richards,v8,512,2,TaskControlBlock.prototype.markAsRunnable,757248,0,81ca8a77af1b0ecd9f011a7f5c670a02e55724c99de0bc03bc74eec17393e98e,DIAGNOSTIC_COUNT
Richards.Richards,v8,512,2,DeviceTask.prototype.run,1421824,0,81ca8a77af1b0ecd9f011a7f5c670a02e55724c99de0bc03bc74eec17393e98e,DIAGNOSTIC_COUNT
Richards.Richards,v8,512,2,Scheduler.prototype.holdCurrent,475136,0,81ca8a77af1b0ecd9f011a7f5c670a02e55724c99de0bc03bc74eec17393e98e,DIAGNOSTIC_COUNT
Richards.Richards,v8,512,2,TaskControlBlock.prototype.markAsHeld,475136,0,81ca8a77af1b0ecd9f011a7f5c670a02e55724c99de0bc03bc74eec17393e98e,DIAGNOSTIC_COUNT
Richards.Richards,v8,512,2,IdleTask.prototype.run,512000,0,81ca8a77af1b0ecd9f011a7f5c670a02e55724c99de0bc03bc74eec17393e98e,DIAGNOSTIC_COUNT
Richards.Richards,v8,512,2,Scheduler.prototype.release,511488,0,81ca8a77af1b0ecd9f011a7f5c670a02e55724c99de0bc03bc74eec17393e98e,DIAGNOSTIC_COUNT
Richards.Richards,v8,512,2,TaskControlBlock.prototype.markAsNotHeld,511488,0,81ca8a77af1b0ecd9f011a7f5c670a02e55724c99de0bc03bc74eec17393e98e,DIAGNOSTIC_COUNT
Richards.Richards,v8,512,3,runRichards,512,0,81ca8a77af1b0ecd9f011a7f5c670a02e55724c99de0bc03bc74eec17393e98e,DIAGNOSTIC_COUNT
Richards.Richards,v8,512,3,Scheduler.prototype.addIdleTask,512,0,81ca8a77af1b0ecd9f011a7f5c670a02e55724c99de0bc03bc74eec17393e98e,DIAGNOSTIC_COUNT
Richards.Richards,v8,512,3,Scheduler.prototype.addRunningTask,512,0,81ca8a77af1b0ecd9f011a7f5c670a02e55724c99de0bc03bc74eec17393e98e,DIAGNOSTIC_COUNT
Richards.Richards,v8,512,3,Scheduler.prototype.addTask,3072,0,81ca8a77af1b0ecd9f011a7f5c670a02e55724c99de0bc03bc74eec17393e98e,DIAGNOSTIC_COUNT
Richards.Richards,v8,512,3,TaskControlBlock.prototype.setRunning,512,0,81ca8a77af1b0ecd9f011a7f5c670a02e55724c99de0bc03bc74eec17393e98e,DIAGNOSTIC_COUNT
Richards.Richards,v8,512,3,Scheduler.prototype.addWorkerTask,512,0,81ca8a77af1b0ecd9f011a7f5c670a02e55724c99de0bc03bc74eec17393e98e,DIAGNOSTIC_COUNT
Richards.Richards,v8,512,3,Scheduler.prototype.addHandlerTask,1024,0,81ca8a77af1b0ecd9f011a7f5c670a02e55724c99de0bc03bc74eec17393e98e,DIAGNOSTIC_COUNT
Richards.Richards,v8,512,3,Scheduler.prototype.addDeviceTask,1024,0,81ca8a77af1b0ecd9f011a7f5c670a02e55724c99de0bc03bc74eec17393e98e,DIAGNOSTIC_COUNT
Richards.Richards,v8,512,3,Scheduler.prototype.schedule,512,0,81ca8a77af1b0ecd9f011a7f5c670a02e55724c99de0bc03bc74eec17393e98e,DIAGNOSTIC_COUNT
Richards.Richards,v8,512,3,TaskControlBlock.prototype.isHeldOrSuspended,5463552,0,81ca8a77af1b0ecd9f011a7f5c670a02e55724c99de0bc03bc74eec17393e98e,DIAGNOSTIC_COUNT
Richards.Richards,v8,512,3,TaskControlBlock.prototype.run,3365376,0,81ca8a77af1b0ecd9f011a7f5c670a02e55724c99de0bc03bc74eec17393e98e,DIAGNOSTIC_COUNT
Richards.Richards,v8,512,3,HandlerTask.prototype.run,1191936,0,81ca8a77af1b0ecd9f011a7f5c670a02e55724c99de0bc03bc74eec17393e98e,DIAGNOSTIC_COUNT
Richards.Richards,v8,512,3,Packet.prototype.addTo,1028096,0,81ca8a77af1b0ecd9f011a7f5c670a02e55724c99de0bc03bc74eec17393e98e,DIAGNOSTIC_COUNT
Richards.Richards,v8,512,3,Scheduler.prototype.suspendCurrent,1189888,0,81ca8a77af1b0ecd9f011a7f5c670a02e55724c99de0bc03bc74eec17393e98e,DIAGNOSTIC_COUNT
Richards.Richards,v8,512,3,TaskControlBlock.prototype.markAsSuspended,1189888,0,81ca8a77af1b0ecd9f011a7f5c670a02e55724c99de0bc03bc74eec17393e98e,DIAGNOSTIC_COUNT
Richards.Richards,v8,512,3,WorkerTask.prototype.run,239616,0,81ca8a77af1b0ecd9f011a7f5c670a02e55724c99de0bc03bc74eec17393e98e,DIAGNOSTIC_COUNT
Richards.Richards,v8,512,3,Scheduler.prototype.queue,1188864,0,81ca8a77af1b0ecd9f011a7f5c670a02e55724c99de0bc03bc74eec17393e98e,DIAGNOSTIC_COUNT
Richards.Richards,v8,512,3,TaskControlBlock.prototype.checkPriorityAdd,1188864,0,81ca8a77af1b0ecd9f011a7f5c670a02e55724c99de0bc03bc74eec17393e98e,DIAGNOSTIC_COUNT
Richards.Richards,v8,512,3,TaskControlBlock.prototype.markAsRunnable,757248,0,81ca8a77af1b0ecd9f011a7f5c670a02e55724c99de0bc03bc74eec17393e98e,DIAGNOSTIC_COUNT
Richards.Richards,v8,512,3,DeviceTask.prototype.run,1421824,0,81ca8a77af1b0ecd9f011a7f5c670a02e55724c99de0bc03bc74eec17393e98e,DIAGNOSTIC_COUNT
Richards.Richards,v8,512,3,Scheduler.prototype.holdCurrent,475136,0,81ca8a77af1b0ecd9f011a7f5c670a02e55724c99de0bc03bc74eec17393e98e,DIAGNOSTIC_COUNT
Richards.Richards,v8,512,3,TaskControlBlock.prototype.markAsHeld,475136,0,81ca8a77af1b0ecd9f011a7f5c670a02e55724c99de0bc03bc74eec17393e98e,DIAGNOSTIC_COUNT
Richards.Richards,v8,512,3,IdleTask.prototype.run,512000,0,81ca8a77af1b0ecd9f011a7f5c670a02e55724c99de0bc03bc74eec17393e98e,DIAGNOSTIC_COUNT
Richards.Richards,v8,512,3,Scheduler.prototype.release,511488,0,81ca8a77af1b0ecd9f011a7f5c670a02e55724c99de0bc03bc74eec17393e98e,DIAGNOSTIC_COUNT
Richards.Richards,v8,512,3,TaskControlBlock.prototype.markAsNotHeld,511488,0,81ca8a77af1b0ecd9f011a7f5c670a02e55724c99de0bc03bc74eec17393e98e,DIAGNOSTIC_COUNT
Richards.Richards,jsc,512,1,runRichards,512,0,81ca8a77af1b0ecd9f011a7f5c670a02e55724c99de0bc03bc74eec17393e98e,DIAGNOSTIC_COUNT
Richards.Richards,jsc,512,1,Scheduler.prototype.addIdleTask,512,0,81ca8a77af1b0ecd9f011a7f5c670a02e55724c99de0bc03bc74eec17393e98e,DIAGNOSTIC_COUNT
Richards.Richards,jsc,512,1,Scheduler.prototype.addRunningTask,512,0,81ca8a77af1b0ecd9f011a7f5c670a02e55724c99de0bc03bc74eec17393e98e,DIAGNOSTIC_COUNT
Richards.Richards,jsc,512,1,Scheduler.prototype.addTask,3072,0,81ca8a77af1b0ecd9f011a7f5c670a02e55724c99de0bc03bc74eec17393e98e,DIAGNOSTIC_COUNT
Richards.Richards,jsc,512,1,TaskControlBlock.prototype.setRunning,512,0,81ca8a77af1b0ecd9f011a7f5c670a02e55724c99de0bc03bc74eec17393e98e,DIAGNOSTIC_COUNT
Richards.Richards,jsc,512,1,Scheduler.prototype.addWorkerTask,512,0,81ca8a77af1b0ecd9f011a7f5c670a02e55724c99de0bc03bc74eec17393e98e,DIAGNOSTIC_COUNT
Richards.Richards,jsc,512,1,Scheduler.prototype.addHandlerTask,1024,0,81ca8a77af1b0ecd9f011a7f5c670a02e55724c99de0bc03bc74eec17393e98e,DIAGNOSTIC_COUNT
Richards.Richards,jsc,512,1,Scheduler.prototype.addDeviceTask,1024,0,81ca8a77af1b0ecd9f011a7f5c670a02e55724c99de0bc03bc74eec17393e98e,DIAGNOSTIC_COUNT
Richards.Richards,jsc,512,1,Scheduler.prototype.schedule,512,0,81ca8a77af1b0ecd9f011a7f5c670a02e55724c99de0bc03bc74eec17393e98e,DIAGNOSTIC_COUNT
Richards.Richards,jsc,512,1,TaskControlBlock.prototype.isHeldOrSuspended,5463552,0,81ca8a77af1b0ecd9f011a7f5c670a02e55724c99de0bc03bc74eec17393e98e,DIAGNOSTIC_COUNT
Richards.Richards,jsc,512,1,TaskControlBlock.prototype.run,3365376,0,81ca8a77af1b0ecd9f011a7f5c670a02e55724c99de0bc03bc74eec17393e98e,DIAGNOSTIC_COUNT
Richards.Richards,jsc,512,1,HandlerTask.prototype.run,1191936,0,81ca8a77af1b0ecd9f011a7f5c670a02e55724c99de0bc03bc74eec17393e98e,DIAGNOSTIC_COUNT
Richards.Richards,jsc,512,1,Packet.prototype.addTo,1028096,0,81ca8a77af1b0ecd9f011a7f5c670a02e55724c99de0bc03bc74eec17393e98e,DIAGNOSTIC_COUNT
Richards.Richards,jsc,512,1,Scheduler.prototype.suspendCurrent,1189888,0,81ca8a77af1b0ecd9f011a7f5c670a02e55724c99de0bc03bc74eec17393e98e,DIAGNOSTIC_COUNT
Richards.Richards,jsc,512,1,TaskControlBlock.prototype.markAsSuspended,1189888,0,81ca8a77af1b0ecd9f011a7f5c670a02e55724c99de0bc03bc74eec17393e98e,DIAGNOSTIC_COUNT
Richards.Richards,jsc,512,1,WorkerTask.prototype.run,239616,0,81ca8a77af1b0ecd9f011a7f5c670a02e55724c99de0bc03bc74eec17393e98e,DIAGNOSTIC_COUNT
Richards.Richards,jsc,512,1,Scheduler.prototype.queue,1188864,0,81ca8a77af1b0ecd9f011a7f5c670a02e55724c99de0bc03bc74eec17393e98e,DIAGNOSTIC_COUNT
Richards.Richards,jsc,512,1,TaskControlBlock.prototype.checkPriorityAdd,1188864,0,81ca8a77af1b0ecd9f011a7f5c670a02e55724c99de0bc03bc74eec17393e98e,DIAGNOSTIC_COUNT
Richards.Richards,jsc,512,1,TaskControlBlock.prototype.markAsRunnable,757248,0,81ca8a77af1b0ecd9f011a7f5c670a02e55724c99de0bc03bc74eec17393e98e,DIAGNOSTIC_COUNT
Richards.Richards,jsc,512,1,DeviceTask.prototype.run,1421824,0,81ca8a77af1b0ecd9f011a7f5c670a02e55724c99de0bc03bc74eec17393e98e,DIAGNOSTIC_COUNT
Richards.Richards,jsc,512,1,Scheduler.prototype.holdCurrent,475136,0,81ca8a77af1b0ecd9f011a7f5c670a02e55724c99de0bc03bc74eec17393e98e,DIAGNOSTIC_COUNT
Richards.Richards,jsc,512,1,TaskControlBlock.prototype.markAsHeld,475136,0,81ca8a77af1b0ecd9f011a7f5c670a02e55724c99de0bc03bc74eec17393e98e,DIAGNOSTIC_COUNT
Richards.Richards,jsc,512,1,IdleTask.prototype.run,512000,0,81ca8a77af1b0ecd9f011a7f5c670a02e55724c99de0bc03bc74eec17393e98e,DIAGNOSTIC_COUNT
Richards.Richards,jsc,512,1,Scheduler.prototype.release,511488,0,81ca8a77af1b0ecd9f011a7f5c670a02e55724c99de0bc03bc74eec17393e98e,DIAGNOSTIC_COUNT
Richards.Richards,jsc,512,1,TaskControlBlock.prototype.markAsNotHeld,511488,0,81ca8a77af1b0ecd9f011a7f5c670a02e55724c99de0bc03bc74eec17393e98e,DIAGNOSTIC_COUNT
Richards.Richards,jsc,512,2,runRichards,512,0,81ca8a77af1b0ecd9f011a7f5c670a02e55724c99de0bc03bc74eec17393e98e,DIAGNOSTIC_COUNT
Richards.Richards,jsc,512,2,Scheduler.prototype.addIdleTask,512,0,81ca8a77af1b0ecd9f011a7f5c670a02e55724c99de0bc03bc74eec17393e98e,DIAGNOSTIC_COUNT
Richards.Richards,jsc,512,2,Scheduler.prototype.addRunningTask,512,0,81ca8a77af1b0ecd9f011a7f5c670a02e55724c99de0bc03bc74eec17393e98e,DIAGNOSTIC_COUNT
Richards.Richards,jsc,512,2,Scheduler.prototype.addTask,3072,0,81ca8a77af1b0ecd9f011a7f5c670a02e55724c99de0bc03bc74eec17393e98e,DIAGNOSTIC_COUNT
Richards.Richards,jsc,512,2,TaskControlBlock.prototype.setRunning,512,0,81ca8a77af1b0ecd9f011a7f5c670a02e55724c99de0bc03bc74eec17393e98e,DIAGNOSTIC_COUNT
Richards.Richards,jsc,512,2,Scheduler.prototype.addWorkerTask,512,0,81ca8a77af1b0ecd9f011a7f5c670a02e55724c99de0bc03bc74eec17393e98e,DIAGNOSTIC_COUNT
Richards.Richards,jsc,512,2,Scheduler.prototype.addHandlerTask,1024,0,81ca8a77af1b0ecd9f011a7f5c670a02e55724c99de0bc03bc74eec17393e98e,DIAGNOSTIC_COUNT
Richards.Richards,jsc,512,2,Scheduler.prototype.addDeviceTask,1024,0,81ca8a77af1b0ecd9f011a7f5c670a02e55724c99de0bc03bc74eec17393e98e,DIAGNOSTIC_COUNT
Richards.Richards,jsc,512,2,Scheduler.prototype.schedule,512,0,81ca8a77af1b0ecd9f011a7f5c670a02e55724c99de0bc03bc74eec17393e98e,DIAGNOSTIC_COUNT
Richards.Richards,jsc,512,2,TaskControlBlock.prototype.isHeldOrSuspended,5463552,0,81ca8a77af1b0ecd9f011a7f5c670a02e55724c99de0bc03bc74eec17393e98e,DIAGNOSTIC_COUNT
Richards.Richards,jsc,512,2,TaskControlBlock.prototype.run,3365376,0,81ca8a77af1b0ecd9f011a7f5c670a02e55724c99de0bc03bc74eec17393e98e,DIAGNOSTIC_COUNT
Richards.Richards,jsc,512,2,HandlerTask.prototype.run,1191936,0,81ca8a77af1b0ecd9f011a7f5c670a02e55724c99de0bc03bc74eec17393e98e,DIAGNOSTIC_COUNT
Richards.Richards,jsc,512,2,Packet.prototype.addTo,1028096,0,81ca8a77af1b0ecd9f011a7f5c670a02e55724c99de0bc03bc74eec17393e98e,DIAGNOSTIC_COUNT
Richards.Richards,jsc,512,2,Scheduler.prototype.suspendCurrent,1189888,0,81ca8a77af1b0ecd9f011a7f5c670a02e55724c99de0bc03bc74eec17393e98e,DIAGNOSTIC_COUNT
Richards.Richards,jsc,512,2,TaskControlBlock.prototype.markAsSuspended,1189888,0,81ca8a77af1b0ecd9f011a7f5c670a02e55724c99de0bc03bc74eec17393e98e,DIAGNOSTIC_COUNT
Richards.Richards,jsc,512,2,WorkerTask.prototype.run,239616,0,81ca8a77af1b0ecd9f011a7f5c670a02e55724c99de0bc03bc74eec17393e98e,DIAGNOSTIC_COUNT
Richards.Richards,jsc,512,2,Scheduler.prototype.queue,1188864,0,81ca8a77af1b0ecd9f011a7f5c670a02e55724c99de0bc03bc74eec17393e98e,DIAGNOSTIC_COUNT
Richards.Richards,jsc,512,2,TaskControlBlock.prototype.checkPriorityAdd,1188864,0,81ca8a77af1b0ecd9f011a7f5c670a02e55724c99de0bc03bc74eec17393e98e,DIAGNOSTIC_COUNT
Richards.Richards,jsc,512,2,TaskControlBlock.prototype.markAsRunnable,757248,0,81ca8a77af1b0ecd9f011a7f5c670a02e55724c99de0bc03bc74eec17393e98e,DIAGNOSTIC_COUNT
Richards.Richards,jsc,512,2,DeviceTask.prototype.run,1421824,0,81ca8a77af1b0ecd9f011a7f5c670a02e55724c99de0bc03bc74eec17393e98e,DIAGNOSTIC_COUNT
Richards.Richards,jsc,512,2,Scheduler.prototype.holdCurrent,475136,0,81ca8a77af1b0ecd9f011a7f5c670a02e55724c99de0bc03bc74eec17393e98e,DIAGNOSTIC_COUNT
Richards.Richards,jsc,512,2,TaskControlBlock.prototype.markAsHeld,475136,0,81ca8a77af1b0ecd9f011a7f5c670a02e55724c99de0bc03bc74eec17393e98e,DIAGNOSTIC_COUNT
Richards.Richards,jsc,512,2,IdleTask.prototype.run,512000,0,81ca8a77af1b0ecd9f011a7f5c670a02e55724c99de0bc03bc74eec17393e98e,DIAGNOSTIC_COUNT
Richards.Richards,jsc,512,2,Scheduler.prototype.release,511488,0,81ca8a77af1b0ecd9f011a7f5c670a02e55724c99de0bc03bc74eec17393e98e,DIAGNOSTIC_COUNT
Richards.Richards,jsc,512,2,TaskControlBlock.prototype.markAsNotHeld,511488,0,81ca8a77af1b0ecd9f011a7f5c670a02e55724c99de0bc03bc74eec17393e98e,DIAGNOSTIC_COUNT
Richards.Richards,jsc,512,3,runRichards,512,0,81ca8a77af1b0ecd9f011a7f5c670a02e55724c99de0bc03bc74eec17393e98e,DIAGNOSTIC_COUNT
Richards.Richards,jsc,512,3,Scheduler.prototype.addIdleTask,512,0,81ca8a77af1b0ecd9f011a7f5c670a02e55724c99de0bc03bc74eec17393e98e,DIAGNOSTIC_COUNT
Richards.Richards,jsc,512,3,Scheduler.prototype.addRunningTask,512,0,81ca8a77af1b0ecd9f011a7f5c670a02e55724c99de0bc03bc74eec17393e98e,DIAGNOSTIC_COUNT
Richards.Richards,jsc,512,3,Scheduler.prototype.addTask,3072,0,81ca8a77af1b0ecd9f011a7f5c670a02e55724c99de0bc03bc74eec17393e98e,DIAGNOSTIC_COUNT
Richards.Richards,jsc,512,3,TaskControlBlock.prototype.setRunning,512,0,81ca8a77af1b0ecd9f011a7f5c670a02e55724c99de0bc03bc74eec17393e98e,DIAGNOSTIC_COUNT
Richards.Richards,jsc,512,3,Scheduler.prototype.addWorkerTask,512,0,81ca8a77af1b0ecd9f011a7f5c670a02e55724c99de0bc03bc74eec17393e98e,DIAGNOSTIC_COUNT
Richards.Richards,jsc,512,3,Scheduler.prototype.addHandlerTask,1024,0,81ca8a77af1b0ecd9f011a7f5c670a02e55724c99de0bc03bc74eec17393e98e,DIAGNOSTIC_COUNT
Richards.Richards,jsc,512,3,Scheduler.prototype.addDeviceTask,1024,0,81ca8a77af1b0ecd9f011a7f5c670a02e55724c99de0bc03bc74eec17393e98e,DIAGNOSTIC_COUNT
Richards.Richards,jsc,512,3,Scheduler.prototype.schedule,512,0,81ca8a77af1b0ecd9f011a7f5c670a02e55724c99de0bc03bc74eec17393e98e,DIAGNOSTIC_COUNT
Richards.Richards,jsc,512,3,TaskControlBlock.prototype.isHeldOrSuspended,5463552,0,81ca8a77af1b0ecd9f011a7f5c670a02e55724c99de0bc03bc74eec17393e98e,DIAGNOSTIC_COUNT
Richards.Richards,jsc,512,3,TaskControlBlock.prototype.run,3365376,0,81ca8a77af1b0ecd9f011a7f5c670a02e55724c99de0bc03bc74eec17393e98e,DIAGNOSTIC_COUNT
Richards.Richards,jsc,512,3,HandlerTask.prototype.run,1191936,0,81ca8a77af1b0ecd9f011a7f5c670a02e55724c99de0bc03bc74eec17393e98e,DIAGNOSTIC_COUNT
Richards.Richards,jsc,512,3,Packet.prototype.addTo,1028096,0,81ca8a77af1b0ecd9f011a7f5c670a02e55724c99de0bc03bc74eec17393e98e,DIAGNOSTIC_COUNT
Richards.Richards,jsc,512,3,Scheduler.prototype.suspendCurrent,1189888,0,81ca8a77af1b0ecd9f011a7f5c670a02e55724c99de0bc03bc74eec17393e98e,DIAGNOSTIC_COUNT
Richards.Richards,jsc,512,3,TaskControlBlock.prototype.markAsSuspended,1189888,0,81ca8a77af1b0ecd9f011a7f5c670a02e55724c99de0bc03bc74eec17393e98e,DIAGNOSTIC_COUNT
Richards.Richards,jsc,512,3,WorkerTask.prototype.run,239616,0,81ca8a77af1b0ecd9f011a7f5c670a02e55724c99de0bc03bc74eec17393e98e,DIAGNOSTIC_COUNT
Richards.Richards,jsc,512,3,Scheduler.prototype.queue,1188864,0,81ca8a77af1b0ecd9f011a7f5c670a02e55724c99de0bc03bc74eec17393e98e,DIAGNOSTIC_COUNT
Richards.Richards,jsc,512,3,TaskControlBlock.prototype.checkPriorityAdd,1188864,0,81ca8a77af1b0ecd9f011a7f5c670a02e55724c99de0bc03bc74eec17393e98e,DIAGNOSTIC_COUNT
Richards.Richards,jsc,512,3,TaskControlBlock.prototype.markAsRunnable,757248,0,81ca8a77af1b0ecd9f011a7f5c670a02e55724c99de0bc03bc74eec17393e98e,DIAGNOSTIC_COUNT
Richards.Richards,jsc,512,3,DeviceTask.prototype.run,1421824,0,81ca8a77af1b0ecd9f011a7f5c670a02e55724c99de0bc03bc74eec17393e98e,DIAGNOSTIC_COUNT
Richards.Richards,jsc,512,3,Scheduler.prototype.holdCurrent,475136,0,81ca8a77af1b0ecd9f011a7f5c670a02e55724c99de0bc03bc74eec17393e98e,DIAGNOSTIC_COUNT
Richards.Richards,jsc,512,3,TaskControlBlock.prototype.markAsHeld,475136,0,81ca8a77af1b0ecd9f011a7f5c670a02e55724c99de0bc03bc74eec17393e98e,DIAGNOSTIC_COUNT
Richards.Richards,jsc,512,3,IdleTask.prototype.run,512000,0,81ca8a77af1b0ecd9f011a7f5c670a02e55724c99de0bc03bc74eec17393e98e,DIAGNOSTIC_COUNT
Richards.Richards,jsc,512,3,Scheduler.prototype.release,511488,0,81ca8a77af1b0ecd9f011a7f5c670a02e55724c99de0bc03bc74eec17393e98e,DIAGNOSTIC_COUNT
Richards.Richards,jsc,512,3,TaskControlBlock.prototype.markAsNotHeld,511488,0,81ca8a77af1b0ecd9f011a7f5c670a02e55724c99de0bc03bc74eec17393e98e,DIAGNOSTIC_COUNT
NavierStokes.NavierStokes,quickjs,1,1,vel_step,15,14,8bdc197256aae2caf3c83c03cfead69c16dafd9722b83b774ff7bfd95ef0c1b5,DIAGNOSTIC_COUNT
NavierStokes.NavierStokes,quickjs,1,1,diffuse2,15,14,8bdc197256aae2caf3c83c03cfead69c16dafd9722b83b774ff7bfd95ef0c1b5,DIAGNOSTIC_COUNT
NavierStokes.NavierStokes,quickjs,1,1,lin_solve2,15,14,8bdc197256aae2caf3c83c03cfead69c16dafd9722b83b774ff7bfd95ef0c1b5,DIAGNOSTIC_COUNT
NavierStokes.NavierStokes,quickjs,1,1,set_bnd,810,14,8bdc197256aae2caf3c83c03cfead69c16dafd9722b83b774ff7bfd95ef0c1b5,DIAGNOSTIC_COUNT
NavierStokes.NavierStokes,quickjs,1,1,project,30,14,8bdc197256aae2caf3c83c03cfead69c16dafd9722b83b774ff7bfd95ef0c1b5,DIAGNOSTIC_COUNT
NavierStokes.NavierStokes,quickjs,1,1,lin_solve,45,14,8bdc197256aae2caf3c83c03cfead69c16dafd9722b83b774ff7bfd95ef0c1b5,DIAGNOSTIC_COUNT
NavierStokes.NavierStokes,quickjs,1,1,advect,45,14,8bdc197256aae2caf3c83c03cfead69c16dafd9722b83b774ff7bfd95ef0c1b5,DIAGNOSTIC_COUNT
NavierStokes.NavierStokes,quickjs,1,1,dens_step,15,14,8bdc197256aae2caf3c83c03cfead69c16dafd9722b83b774ff7bfd95ef0c1b5,DIAGNOSTIC_COUNT
NavierStokes.NavierStokes,quickjs,1,1,diffuse,15,14,8bdc197256aae2caf3c83c03cfead69c16dafd9722b83b774ff7bfd95ef0c1b5,DIAGNOSTIC_COUNT
NavierStokes.NavierStokes,v8,1,1,vel_step,15,14,8bdc197256aae2caf3c83c03cfead69c16dafd9722b83b774ff7bfd95ef0c1b5,DIAGNOSTIC_COUNT
NavierStokes.NavierStokes,v8,1,1,diffuse2,15,14,8bdc197256aae2caf3c83c03cfead69c16dafd9722b83b774ff7bfd95ef0c1b5,DIAGNOSTIC_COUNT
NavierStokes.NavierStokes,v8,1,1,lin_solve2,15,14,8bdc197256aae2caf3c83c03cfead69c16dafd9722b83b774ff7bfd95ef0c1b5,DIAGNOSTIC_COUNT
NavierStokes.NavierStokes,v8,1,1,set_bnd,810,14,8bdc197256aae2caf3c83c03cfead69c16dafd9722b83b774ff7bfd95ef0c1b5,DIAGNOSTIC_COUNT
NavierStokes.NavierStokes,v8,1,1,project,30,14,8bdc197256aae2caf3c83c03cfead69c16dafd9722b83b774ff7bfd95ef0c1b5,DIAGNOSTIC_COUNT
NavierStokes.NavierStokes,v8,1,1,lin_solve,45,14,8bdc197256aae2caf3c83c03cfead69c16dafd9722b83b774ff7bfd95ef0c1b5,DIAGNOSTIC_COUNT
NavierStokes.NavierStokes,v8,1,1,advect,45,14,8bdc197256aae2caf3c83c03cfead69c16dafd9722b83b774ff7bfd95ef0c1b5,DIAGNOSTIC_COUNT
NavierStokes.NavierStokes,v8,1,1,dens_step,15,14,8bdc197256aae2caf3c83c03cfead69c16dafd9722b83b774ff7bfd95ef0c1b5,DIAGNOSTIC_COUNT
NavierStokes.NavierStokes,v8,1,1,diffuse,15,14,8bdc197256aae2caf3c83c03cfead69c16dafd9722b83b774ff7bfd95ef0c1b5,DIAGNOSTIC_COUNT
NavierStokes.NavierStokes,jsc,1,1,vel_step,15,14,8bdc197256aae2caf3c83c03cfead69c16dafd9722b83b774ff7bfd95ef0c1b5,DIAGNOSTIC_COUNT
NavierStokes.NavierStokes,jsc,1,1,diffuse2,15,14,8bdc197256aae2caf3c83c03cfead69c16dafd9722b83b774ff7bfd95ef0c1b5,DIAGNOSTIC_COUNT
NavierStokes.NavierStokes,jsc,1,1,lin_solve2,15,14,8bdc197256aae2caf3c83c03cfead69c16dafd9722b83b774ff7bfd95ef0c1b5,DIAGNOSTIC_COUNT
NavierStokes.NavierStokes,jsc,1,1,set_bnd,810,14,8bdc197256aae2caf3c83c03cfead69c16dafd9722b83b774ff7bfd95ef0c1b5,DIAGNOSTIC_COUNT
NavierStokes.NavierStokes,jsc,1,1,project,30,14,8bdc197256aae2caf3c83c03cfead69c16dafd9722b83b774ff7bfd95ef0c1b5,DIAGNOSTIC_COUNT
NavierStokes.NavierStokes,jsc,1,1,lin_solve,45,14,8bdc197256aae2caf3c83c03cfead69c16dafd9722b83b774ff7bfd95ef0c1b5,DIAGNOSTIC_COUNT
NavierStokes.NavierStokes,jsc,1,1,advect,45,14,8bdc197256aae2caf3c83c03cfead69c16dafd9722b83b774ff7bfd95ef0c1b5,DIAGNOSTIC_COUNT
NavierStokes.NavierStokes,jsc,1,1,dens_step,15,14,8bdc197256aae2caf3c83c03cfead69c16dafd9722b83b774ff7bfd95ef0c1b5,DIAGNOSTIC_COUNT
NavierStokes.NavierStokes,jsc,1,1,diffuse,15,14,8bdc197256aae2caf3c83c03cfead69c16dafd9722b83b774ff7bfd95ef0c1b5,DIAGNOSTIC_COUNT
NavierStokes.NavierStokes,quickjs,2,1,vel_step,15,13,92d506277b2986b2cc3d0d2827907fceffdafcf433dcdcf60c26a8c541bffd5e,DIAGNOSTIC_COUNT
NavierStokes.NavierStokes,quickjs,2,1,diffuse2,15,13,92d506277b2986b2cc3d0d2827907fceffdafcf433dcdcf60c26a8c541bffd5e,DIAGNOSTIC_COUNT
NavierStokes.NavierStokes,quickjs,2,1,lin_solve2,15,13,92d506277b2986b2cc3d0d2827907fceffdafcf433dcdcf60c26a8c541bffd5e,DIAGNOSTIC_COUNT
NavierStokes.NavierStokes,quickjs,2,1,set_bnd,810,13,92d506277b2986b2cc3d0d2827907fceffdafcf433dcdcf60c26a8c541bffd5e,DIAGNOSTIC_COUNT
NavierStokes.NavierStokes,quickjs,2,1,project,30,13,92d506277b2986b2cc3d0d2827907fceffdafcf433dcdcf60c26a8c541bffd5e,DIAGNOSTIC_COUNT
NavierStokes.NavierStokes,quickjs,2,1,lin_solve,45,13,92d506277b2986b2cc3d0d2827907fceffdafcf433dcdcf60c26a8c541bffd5e,DIAGNOSTIC_COUNT
NavierStokes.NavierStokes,quickjs,2,1,advect,45,13,92d506277b2986b2cc3d0d2827907fceffdafcf433dcdcf60c26a8c541bffd5e,DIAGNOSTIC_COUNT
NavierStokes.NavierStokes,quickjs,2,1,dens_step,15,13,92d506277b2986b2cc3d0d2827907fceffdafcf433dcdcf60c26a8c541bffd5e,DIAGNOSTIC_COUNT
NavierStokes.NavierStokes,quickjs,2,1,diffuse,15,13,92d506277b2986b2cc3d0d2827907fceffdafcf433dcdcf60c26a8c541bffd5e,DIAGNOSTIC_COUNT
NavierStokes.NavierStokes,v8,2,1,vel_step,15,13,92d506277b2986b2cc3d0d2827907fceffdafcf433dcdcf60c26a8c541bffd5e,DIAGNOSTIC_COUNT
NavierStokes.NavierStokes,v8,2,1,diffuse2,15,13,92d506277b2986b2cc3d0d2827907fceffdafcf433dcdcf60c26a8c541bffd5e,DIAGNOSTIC_COUNT
NavierStokes.NavierStokes,v8,2,1,lin_solve2,15,13,92d506277b2986b2cc3d0d2827907fceffdafcf433dcdcf60c26a8c541bffd5e,DIAGNOSTIC_COUNT
NavierStokes.NavierStokes,v8,2,1,set_bnd,810,13,92d506277b2986b2cc3d0d2827907fceffdafcf433dcdcf60c26a8c541bffd5e,DIAGNOSTIC_COUNT
NavierStokes.NavierStokes,v8,2,1,project,30,13,92d506277b2986b2cc3d0d2827907fceffdafcf433dcdcf60c26a8c541bffd5e,DIAGNOSTIC_COUNT
NavierStokes.NavierStokes,v8,2,1,lin_solve,45,13,92d506277b2986b2cc3d0d2827907fceffdafcf433dcdcf60c26a8c541bffd5e,DIAGNOSTIC_COUNT
NavierStokes.NavierStokes,v8,2,1,advect,45,13,92d506277b2986b2cc3d0d2827907fceffdafcf433dcdcf60c26a8c541bffd5e,DIAGNOSTIC_COUNT
NavierStokes.NavierStokes,v8,2,1,dens_step,15,13,92d506277b2986b2cc3d0d2827907fceffdafcf433dcdcf60c26a8c541bffd5e,DIAGNOSTIC_COUNT
NavierStokes.NavierStokes,v8,2,1,diffuse,15,13,92d506277b2986b2cc3d0d2827907fceffdafcf433dcdcf60c26a8c541bffd5e,DIAGNOSTIC_COUNT
NavierStokes.NavierStokes,jsc,2,1,vel_step,15,13,92d506277b2986b2cc3d0d2827907fceffdafcf433dcdcf60c26a8c541bffd5e,DIAGNOSTIC_COUNT
NavierStokes.NavierStokes,jsc,2,1,diffuse2,15,13,92d506277b2986b2cc3d0d2827907fceffdafcf433dcdcf60c26a8c541bffd5e,DIAGNOSTIC_COUNT
NavierStokes.NavierStokes,jsc,2,1,lin_solve2,15,13,92d506277b2986b2cc3d0d2827907fceffdafcf433dcdcf60c26a8c541bffd5e,DIAGNOSTIC_COUNT
NavierStokes.NavierStokes,jsc,2,1,set_bnd,810,13,92d506277b2986b2cc3d0d2827907fceffdafcf433dcdcf60c26a8c541bffd5e,DIAGNOSTIC_COUNT
NavierStokes.NavierStokes,jsc,2,1,project,30,13,92d506277b2986b2cc3d0d2827907fceffdafcf433dcdcf60c26a8c541bffd5e,DIAGNOSTIC_COUNT
NavierStokes.NavierStokes,jsc,2,1,lin_solve,45,13,92d506277b2986b2cc3d0d2827907fceffdafcf433dcdcf60c26a8c541bffd5e,DIAGNOSTIC_COUNT
NavierStokes.NavierStokes,jsc,2,1,advect,45,13,92d506277b2986b2cc3d0d2827907fceffdafcf433dcdcf60c26a8c541bffd5e,DIAGNOSTIC_COUNT
NavierStokes.NavierStokes,jsc,2,1,dens_step,15,13,92d506277b2986b2cc3d0d2827907fceffdafcf433dcdcf60c26a8c541bffd5e,DIAGNOSTIC_COUNT
NavierStokes.NavierStokes,jsc,2,1,diffuse,15,13,92d506277b2986b2cc3d0d2827907fceffdafcf433dcdcf60c26a8c541bffd5e,DIAGNOSTIC_COUNT
NavierStokes.NavierStokes,quickjs,32,1,vel_step,32,0,1748fb567874230e04ed86dc8d77f49e920c7916941ab8b7fa48672e87ddc290,DIAGNOSTIC_COUNT
NavierStokes.NavierStokes,quickjs,32,1,diffuse2,32,0,1748fb567874230e04ed86dc8d77f49e920c7916941ab8b7fa48672e87ddc290,DIAGNOSTIC_COUNT
NavierStokes.NavierStokes,quickjs,32,1,lin_solve2,32,0,1748fb567874230e04ed86dc8d77f49e920c7916941ab8b7fa48672e87ddc290,DIAGNOSTIC_COUNT
NavierStokes.NavierStokes,quickjs,32,1,set_bnd,1728,0,1748fb567874230e04ed86dc8d77f49e920c7916941ab8b7fa48672e87ddc290,DIAGNOSTIC_COUNT
NavierStokes.NavierStokes,quickjs,32,1,project,64,0,1748fb567874230e04ed86dc8d77f49e920c7916941ab8b7fa48672e87ddc290,DIAGNOSTIC_COUNT
NavierStokes.NavierStokes,quickjs,32,1,lin_solve,96,0,1748fb567874230e04ed86dc8d77f49e920c7916941ab8b7fa48672e87ddc290,DIAGNOSTIC_COUNT
NavierStokes.NavierStokes,quickjs,32,1,advect,96,0,1748fb567874230e04ed86dc8d77f49e920c7916941ab8b7fa48672e87ddc290,DIAGNOSTIC_COUNT
NavierStokes.NavierStokes,quickjs,32,1,dens_step,32,0,1748fb567874230e04ed86dc8d77f49e920c7916941ab8b7fa48672e87ddc290,DIAGNOSTIC_COUNT
NavierStokes.NavierStokes,quickjs,32,1,diffuse,32,0,1748fb567874230e04ed86dc8d77f49e920c7916941ab8b7fa48672e87ddc290,DIAGNOSTIC_COUNT
NavierStokes.NavierStokes,quickjs,32,2,vel_step,32,0,1748fb567874230e04ed86dc8d77f49e920c7916941ab8b7fa48672e87ddc290,DIAGNOSTIC_COUNT
NavierStokes.NavierStokes,quickjs,32,2,diffuse2,32,0,1748fb567874230e04ed86dc8d77f49e920c7916941ab8b7fa48672e87ddc290,DIAGNOSTIC_COUNT
NavierStokes.NavierStokes,quickjs,32,2,lin_solve2,32,0,1748fb567874230e04ed86dc8d77f49e920c7916941ab8b7fa48672e87ddc290,DIAGNOSTIC_COUNT
NavierStokes.NavierStokes,quickjs,32,2,set_bnd,1728,0,1748fb567874230e04ed86dc8d77f49e920c7916941ab8b7fa48672e87ddc290,DIAGNOSTIC_COUNT
NavierStokes.NavierStokes,quickjs,32,2,project,64,0,1748fb567874230e04ed86dc8d77f49e920c7916941ab8b7fa48672e87ddc290,DIAGNOSTIC_COUNT
NavierStokes.NavierStokes,quickjs,32,2,lin_solve,96,0,1748fb567874230e04ed86dc8d77f49e920c7916941ab8b7fa48672e87ddc290,DIAGNOSTIC_COUNT
NavierStokes.NavierStokes,quickjs,32,2,advect,96,0,1748fb567874230e04ed86dc8d77f49e920c7916941ab8b7fa48672e87ddc290,DIAGNOSTIC_COUNT
NavierStokes.NavierStokes,quickjs,32,2,dens_step,32,0,1748fb567874230e04ed86dc8d77f49e920c7916941ab8b7fa48672e87ddc290,DIAGNOSTIC_COUNT
NavierStokes.NavierStokes,quickjs,32,2,diffuse,32,0,1748fb567874230e04ed86dc8d77f49e920c7916941ab8b7fa48672e87ddc290,DIAGNOSTIC_COUNT
NavierStokes.NavierStokes,quickjs,32,3,vel_step,32,0,1748fb567874230e04ed86dc8d77f49e920c7916941ab8b7fa48672e87ddc290,DIAGNOSTIC_COUNT
NavierStokes.NavierStokes,quickjs,32,3,diffuse2,32,0,1748fb567874230e04ed86dc8d77f49e920c7916941ab8b7fa48672e87ddc290,DIAGNOSTIC_COUNT
NavierStokes.NavierStokes,quickjs,32,3,lin_solve2,32,0,1748fb567874230e04ed86dc8d77f49e920c7916941ab8b7fa48672e87ddc290,DIAGNOSTIC_COUNT
NavierStokes.NavierStokes,quickjs,32,3,set_bnd,1728,0,1748fb567874230e04ed86dc8d77f49e920c7916941ab8b7fa48672e87ddc290,DIAGNOSTIC_COUNT
NavierStokes.NavierStokes,quickjs,32,3,project,64,0,1748fb567874230e04ed86dc8d77f49e920c7916941ab8b7fa48672e87ddc290,DIAGNOSTIC_COUNT
NavierStokes.NavierStokes,quickjs,32,3,lin_solve,96,0,1748fb567874230e04ed86dc8d77f49e920c7916941ab8b7fa48672e87ddc290,DIAGNOSTIC_COUNT
NavierStokes.NavierStokes,quickjs,32,3,advect,96,0,1748fb567874230e04ed86dc8d77f49e920c7916941ab8b7fa48672e87ddc290,DIAGNOSTIC_COUNT
NavierStokes.NavierStokes,quickjs,32,3,dens_step,32,0,1748fb567874230e04ed86dc8d77f49e920c7916941ab8b7fa48672e87ddc290,DIAGNOSTIC_COUNT
NavierStokes.NavierStokes,quickjs,32,3,diffuse,32,0,1748fb567874230e04ed86dc8d77f49e920c7916941ab8b7fa48672e87ddc290,DIAGNOSTIC_COUNT
NavierStokes.NavierStokes,v8,32,1,vel_step,32,0,1748fb567874230e04ed86dc8d77f49e920c7916941ab8b7fa48672e87ddc290,DIAGNOSTIC_COUNT
NavierStokes.NavierStokes,v8,32,1,diffuse2,32,0,1748fb567874230e04ed86dc8d77f49e920c7916941ab8b7fa48672e87ddc290,DIAGNOSTIC_COUNT
NavierStokes.NavierStokes,v8,32,1,lin_solve2,32,0,1748fb567874230e04ed86dc8d77f49e920c7916941ab8b7fa48672e87ddc290,DIAGNOSTIC_COUNT
NavierStokes.NavierStokes,v8,32,1,set_bnd,1728,0,1748fb567874230e04ed86dc8d77f49e920c7916941ab8b7fa48672e87ddc290,DIAGNOSTIC_COUNT
NavierStokes.NavierStokes,v8,32,1,project,64,0,1748fb567874230e04ed86dc8d77f49e920c7916941ab8b7fa48672e87ddc290,DIAGNOSTIC_COUNT
NavierStokes.NavierStokes,v8,32,1,lin_solve,96,0,1748fb567874230e04ed86dc8d77f49e920c7916941ab8b7fa48672e87ddc290,DIAGNOSTIC_COUNT
NavierStokes.NavierStokes,v8,32,1,advect,96,0,1748fb567874230e04ed86dc8d77f49e920c7916941ab8b7fa48672e87ddc290,DIAGNOSTIC_COUNT
NavierStokes.NavierStokes,v8,32,1,dens_step,32,0,1748fb567874230e04ed86dc8d77f49e920c7916941ab8b7fa48672e87ddc290,DIAGNOSTIC_COUNT
NavierStokes.NavierStokes,v8,32,1,diffuse,32,0,1748fb567874230e04ed86dc8d77f49e920c7916941ab8b7fa48672e87ddc290,DIAGNOSTIC_COUNT
NavierStokes.NavierStokes,v8,32,2,vel_step,32,0,1748fb567874230e04ed86dc8d77f49e920c7916941ab8b7fa48672e87ddc290,DIAGNOSTIC_COUNT
NavierStokes.NavierStokes,v8,32,2,diffuse2,32,0,1748fb567874230e04ed86dc8d77f49e920c7916941ab8b7fa48672e87ddc290,DIAGNOSTIC_COUNT
NavierStokes.NavierStokes,v8,32,2,lin_solve2,32,0,1748fb567874230e04ed86dc8d77f49e920c7916941ab8b7fa48672e87ddc290,DIAGNOSTIC_COUNT
NavierStokes.NavierStokes,v8,32,2,set_bnd,1728,0,1748fb567874230e04ed86dc8d77f49e920c7916941ab8b7fa48672e87ddc290,DIAGNOSTIC_COUNT
NavierStokes.NavierStokes,v8,32,2,project,64,0,1748fb567874230e04ed86dc8d77f49e920c7916941ab8b7fa48672e87ddc290,DIAGNOSTIC_COUNT
NavierStokes.NavierStokes,v8,32,2,lin_solve,96,0,1748fb567874230e04ed86dc8d77f49e920c7916941ab8b7fa48672e87ddc290,DIAGNOSTIC_COUNT
NavierStokes.NavierStokes,v8,32,2,advect,96,0,1748fb567874230e04ed86dc8d77f49e920c7916941ab8b7fa48672e87ddc290,DIAGNOSTIC_COUNT
NavierStokes.NavierStokes,v8,32,2,dens_step,32,0,1748fb567874230e04ed86dc8d77f49e920c7916941ab8b7fa48672e87ddc290,DIAGNOSTIC_COUNT
NavierStokes.NavierStokes,v8,32,2,diffuse,32,0,1748fb567874230e04ed86dc8d77f49e920c7916941ab8b7fa48672e87ddc290,DIAGNOSTIC_COUNT
NavierStokes.NavierStokes,v8,32,3,vel_step,32,0,1748fb567874230e04ed86dc8d77f49e920c7916941ab8b7fa48672e87ddc290,DIAGNOSTIC_COUNT
NavierStokes.NavierStokes,v8,32,3,diffuse2,32,0,1748fb567874230e04ed86dc8d77f49e920c7916941ab8b7fa48672e87ddc290,DIAGNOSTIC_COUNT
NavierStokes.NavierStokes,v8,32,3,lin_solve2,32,0,1748fb567874230e04ed86dc8d77f49e920c7916941ab8b7fa48672e87ddc290,DIAGNOSTIC_COUNT
NavierStokes.NavierStokes,v8,32,3,set_bnd,1728,0,1748fb567874230e04ed86dc8d77f49e920c7916941ab8b7fa48672e87ddc290,DIAGNOSTIC_COUNT
NavierStokes.NavierStokes,v8,32,3,project,64,0,1748fb567874230e04ed86dc8d77f49e920c7916941ab8b7fa48672e87ddc290,DIAGNOSTIC_COUNT
NavierStokes.NavierStokes,v8,32,3,lin_solve,96,0,1748fb567874230e04ed86dc8d77f49e920c7916941ab8b7fa48672e87ddc290,DIAGNOSTIC_COUNT
NavierStokes.NavierStokes,v8,32,3,advect,96,0,1748fb567874230e04ed86dc8d77f49e920c7916941ab8b7fa48672e87ddc290,DIAGNOSTIC_COUNT
NavierStokes.NavierStokes,v8,32,3,dens_step,32,0,1748fb567874230e04ed86dc8d77f49e920c7916941ab8b7fa48672e87ddc290,DIAGNOSTIC_COUNT
NavierStokes.NavierStokes,v8,32,3,diffuse,32,0,1748fb567874230e04ed86dc8d77f49e920c7916941ab8b7fa48672e87ddc290,DIAGNOSTIC_COUNT
NavierStokes.NavierStokes,jsc,32,1,vel_step,32,0,1748fb567874230e04ed86dc8d77f49e920c7916941ab8b7fa48672e87ddc290,DIAGNOSTIC_COUNT
NavierStokes.NavierStokes,jsc,32,1,diffuse2,32,0,1748fb567874230e04ed86dc8d77f49e920c7916941ab8b7fa48672e87ddc290,DIAGNOSTIC_COUNT
NavierStokes.NavierStokes,jsc,32,1,lin_solve2,32,0,1748fb567874230e04ed86dc8d77f49e920c7916941ab8b7fa48672e87ddc290,DIAGNOSTIC_COUNT
NavierStokes.NavierStokes,jsc,32,1,set_bnd,1728,0,1748fb567874230e04ed86dc8d77f49e920c7916941ab8b7fa48672e87ddc290,DIAGNOSTIC_COUNT
NavierStokes.NavierStokes,jsc,32,1,project,64,0,1748fb567874230e04ed86dc8d77f49e920c7916941ab8b7fa48672e87ddc290,DIAGNOSTIC_COUNT
NavierStokes.NavierStokes,jsc,32,1,lin_solve,96,0,1748fb567874230e04ed86dc8d77f49e920c7916941ab8b7fa48672e87ddc290,DIAGNOSTIC_COUNT
NavierStokes.NavierStokes,jsc,32,1,advect,96,0,1748fb567874230e04ed86dc8d77f49e920c7916941ab8b7fa48672e87ddc290,DIAGNOSTIC_COUNT
NavierStokes.NavierStokes,jsc,32,1,dens_step,32,0,1748fb567874230e04ed86dc8d77f49e920c7916941ab8b7fa48672e87ddc290,DIAGNOSTIC_COUNT
NavierStokes.NavierStokes,jsc,32,1,diffuse,32,0,1748fb567874230e04ed86dc8d77f49e920c7916941ab8b7fa48672e87ddc290,DIAGNOSTIC_COUNT
NavierStokes.NavierStokes,jsc,32,2,vel_step,32,0,1748fb567874230e04ed86dc8d77f49e920c7916941ab8b7fa48672e87ddc290,DIAGNOSTIC_COUNT
NavierStokes.NavierStokes,jsc,32,2,diffuse2,32,0,1748fb567874230e04ed86dc8d77f49e920c7916941ab8b7fa48672e87ddc290,DIAGNOSTIC_COUNT
NavierStokes.NavierStokes,jsc,32,2,lin_solve2,32,0,1748fb567874230e04ed86dc8d77f49e920c7916941ab8b7fa48672e87ddc290,DIAGNOSTIC_COUNT
NavierStokes.NavierStokes,jsc,32,2,set_bnd,1728,0,1748fb567874230e04ed86dc8d77f49e920c7916941ab8b7fa48672e87ddc290,DIAGNOSTIC_COUNT
NavierStokes.NavierStokes,jsc,32,2,project,64,0,1748fb567874230e04ed86dc8d77f49e920c7916941ab8b7fa48672e87ddc290,DIAGNOSTIC_COUNT
NavierStokes.NavierStokes,jsc,32,2,lin_solve,96,0,1748fb567874230e04ed86dc8d77f49e920c7916941ab8b7fa48672e87ddc290,DIAGNOSTIC_COUNT
NavierStokes.NavierStokes,jsc,32,2,advect,96,0,1748fb567874230e04ed86dc8d77f49e920c7916941ab8b7fa48672e87ddc290,DIAGNOSTIC_COUNT
NavierStokes.NavierStokes,jsc,32,2,dens_step,32,0,1748fb567874230e04ed86dc8d77f49e920c7916941ab8b7fa48672e87ddc290,DIAGNOSTIC_COUNT
NavierStokes.NavierStokes,jsc,32,2,diffuse,32,0,1748fb567874230e04ed86dc8d77f49e920c7916941ab8b7fa48672e87ddc290,DIAGNOSTIC_COUNT
NavierStokes.NavierStokes,jsc,32,3,vel_step,32,0,1748fb567874230e04ed86dc8d77f49e920c7916941ab8b7fa48672e87ddc290,DIAGNOSTIC_COUNT
NavierStokes.NavierStokes,jsc,32,3,diffuse2,32,0,1748fb567874230e04ed86dc8d77f49e920c7916941ab8b7fa48672e87ddc290,DIAGNOSTIC_COUNT
NavierStokes.NavierStokes,jsc,32,3,lin_solve2,32,0,1748fb567874230e04ed86dc8d77f49e920c7916941ab8b7fa48672e87ddc290,DIAGNOSTIC_COUNT
NavierStokes.NavierStokes,jsc,32,3,set_bnd,1728,0,1748fb567874230e04ed86dc8d77f49e920c7916941ab8b7fa48672e87ddc290,DIAGNOSTIC_COUNT
NavierStokes.NavierStokes,jsc,32,3,project,64,0,1748fb567874230e04ed86dc8d77f49e920c7916941ab8b7fa48672e87ddc290,DIAGNOSTIC_COUNT
NavierStokes.NavierStokes,jsc,32,3,lin_solve,96,0,1748fb567874230e04ed86dc8d77f49e920c7916941ab8b7fa48672e87ddc290,DIAGNOSTIC_COUNT
NavierStokes.NavierStokes,jsc,32,3,advect,96,0,1748fb567874230e04ed86dc8d77f49e920c7916941ab8b7fa48672e87ddc290,DIAGNOSTIC_COUNT
NavierStokes.NavierStokes,jsc,32,3,dens_step,32,0,1748fb567874230e04ed86dc8d77f49e920c7916941ab8b7fa48672e87ddc290,DIAGNOSTIC_COUNT
NavierStokes.NavierStokes,jsc,32,3,diffuse,32,0,1748fb567874230e04ed86dc8d77f49e920c7916941ab8b7fa48672e87ddc290,DIAGNOSTIC_COUNT
