case,engine,rep,original_N,event,raw,enabled_ns,running_ns,valid_unscaled,whole_child_process_per_Run,scope
Richards.Richards,quickjs,1,512,cycles,6885594917,1719440000,1719440000,True,13448427.572265625,after child barrier before exec through exit; not internal Run only
Richards.Richards,quickjs,1,512,instructions,17984497969,1719440000,1719440000,True,35125972.595703125,after child barrier before exec through exit; not internal Run only
Richards.Richards,quickjs,1,512,branches,2749132507,1719440000,1719440000,True,5369399.427734375,after child barrier before exec through exit; not internal Run only
Richards.Richards,quickjs,1,512,branch-misses,14714714,1719440000,1719440000,True,28739.67578125,after child barrier before exec through exit; not internal Run only
Richards.Richards,quickjs,1,512,task-clock,1718998800,1718998800,1718998800,True,3357419.53125,after child barrier before exec through exit; not internal Run only
Richards.Richards,quickjs,2,512,cycles,6812060235,1697775100,1697775100,True,13304805.146484375,after child barrier before exec through exit; not internal Run only
Richards.Richards,quickjs,2,512,instructions,17984502658,1697755400,1697755400,True,35125981.75390625,after child barrier before exec through exit; not internal Run only
Richards.Richards,quickjs,2,512,branches,2749135543,1697742700,1697742700,True,5369405.357421875,after child barrier before exec through exit; not internal Run only
Richards.Richards,quickjs,2,512,branch-misses,14757537,1697729100,1697729100,True,28823.314453125,after child barrier before exec through exit; not internal Run only
Richards.Richards,quickjs,2,512,task-clock,1697289200,1697289200,1697289200,True,3315017.96875,after child barrier before exec through exit; not internal Run only
Richards.Richards,quickjs,3,512,cycles,6872435883,1721602900,1721602900,True,13422726.333984375,after child barrier before exec through exit; not internal Run only
Richards.Richards,quickjs,3,512,instructions,17984511981,1721580500,1721580500,True,35125999.962890625,after child barrier before exec through exit; not internal Run only
Richards.Richards,quickjs,3,512,branches,2749140340,1721567600,1721567600,True,5369414.7265625,after child barrier before exec through exit; not internal Run only
Richards.Richards,quickjs,3,512,branch-misses,14818953,1721553600,1721553600,True,28943.267578125,after child barrier before exec through exit; not internal Run only
Richards.Richards,quickjs,3,512,task-clock,1721210200,1721210200,1721210200,True,3361738.671875,after child barrier before exec through exit; not internal Run only
Richards.Richards,v8,1,512,cycles,4195367488,1133169700,1133169700,True,8194077.125,after child barrier before exec through exit; not internal Run only
Richards.Richards,v8,1,512,instructions,16296671360,1133149600,1133149600,True,31829436.25,after child barrier before exec through exit; not internal Run only
Richards.Richards,v8,1,512,branches,3033416806,1133134500,1133134500,True,5924642.19921875,after child barrier before exec through exit; not internal Run only
Richards.Richards,v8,1,512,branch-misses,8557040,1133134500,1133134500,True,16712.96875,after child barrier before exec through exit; not internal Run only
Richards.Richards,v8,1,512,task-clock,1131996000,1131996000,1131996000,True,2210929.6875,after child barrier before exec through exit; not internal Run only
Richards.Richards,v8,2,512,cycles,4176416628,1068076300,1068076300,True,8157063.7265625,after child barrier before exec through exit; not internal Run only
Richards.Richards,v8,2,512,instructions,16296689975,1068057800,1068057800,True,31829472.607421875,after child barrier before exec through exit; not internal Run only
Richards.Richards,v8,2,512,branches,3033422804,1068038800,1068038800,True,5924653.9140625,after child barrier before exec through exit; not internal Run only
Richards.Richards,v8,2,512,branch-misses,8575570,1068038800,1068038800,True,16749.16015625,after child barrier before exec through exit; not internal Run only
Richards.Richards,v8,2,512,task-clock,1066714100,1066714100,1066714100,True,2083425.9765625,after child barrier before exec through exit; not internal Run only
Richards.Richards,v8,3,512,cycles,4233161119,1096107400,1096107400,True,8267892.810546875,after child barrier before exec through exit; not internal Run only
Richards.Richards,v8,3,512,instructions,16296667609,1096107400,1096107400,True,31829428.923828125,after child barrier before exec through exit; not internal Run only
Richards.Richards,v8,3,512,branches,3033415221,1096107400,1096107400,True,5924639.103515625,after child barrier before exec through exit; not internal Run only
Richards.Richards,v8,3,512,branch-misses,8735184,1096107400,1096107400,True,17060.90625,after child barrier before exec through exit; not internal Run only
Richards.Richards,v8,3,512,task-clock,1095018400,1095018400,1095018400,True,2138707.8125,after child barrier before exec through exit; not internal Run only
Richards.Richards,jsc,1,512,cycles,4077186526,1069168300,1069168300,True,7963254.93359375,after child barrier before exec through exit; not internal Run only
Richards.Richards,jsc,1,512,instructions,13384653552,1069147200,1069147200,True,26141901.46875,after child barrier before exec through exit; not internal Run only
Richards.Richards,jsc,1,512,branches,2913145584,1069132700,1069132700,True,5689737.46875,after child barrier before exec through exit; not internal Run only
Richards.Richards,jsc,1,512,branch-misses,8880966,1069116600,1069116600,True,17345.63671875,after child barrier before exec through exit; not internal Run only
Richards.Richards,jsc,1,512,task-clock,1066326700,1066326700,1066326700,True,2082669.3359375,after child barrier before exec through exit; not internal Run only
Richards.Richards,jsc,2,512,cycles,3989138170,1009475600,1009475600,True,7791285.48828125,after child barrier before exec through exit; not internal Run only
Richards.Richards,jsc,2,512,instructions,13384531340,1009454100,1009454100,True,26141662.7734375,after child barrier before exec through exit; not internal Run only
Richards.Richards,jsc,2,512,branches,2913113936,1009439400,1009439400,True,5689675.65625,after child barrier before exec through exit; not internal Run only
Richards.Richards,jsc,2,512,branch-misses,8493053,1009423400,1009423400,True,16587.994140625,after child barrier before exec through exit; not internal Run only
Richards.Richards,jsc,2,512,task-clock,1007015900,1007015900,1007015900,True,1966827.9296875,after child barrier before exec through exit; not internal Run only
Richards.Richards,jsc,3,512,cycles,4002373011,1022852800,1022852800,True,7817134.787109375,after child barrier before exec through exit; not internal Run only
Richards.Richards,jsc,3,512,instructions,13384584841,1022833000,1022833000,True,26141767.267578125,after child barrier before exec through exit; not internal Run only
Richards.Richards,jsc,3,512,branches,2913128601,1022820100,1022820100,True,5689704.298828125,after child barrier before exec through exit; not internal Run only
Richards.Richards,jsc,3,512,branch-misses,8619508,1022806000,1022806000,True,16834.9765625,after child barrier before exec through exit; not internal Run only
Richards.Richards,jsc,3,512,task-clock,1020146300,1020146300,1020146300,True,1992473.2421875,after child barrier before exec through exit; not internal Run only
NavierStokes.NavierStokes,quickjs,1,32,cycles,7229187848,1834593500,1834593500,True,225912120.25,after child barrier before exec through exit; not internal Run only
NavierStokes.NavierStokes,quickjs,1,32,instructions,24921687084,1834570700,1834570700,True,778802721.375,after child barrier before exec through exit; not internal Run only
NavierStokes.NavierStokes,quickjs,1,32,branches,4154661394,1834556000,1834556000,True,129833168.5625,after child barrier before exec through exit; not internal Run only
NavierStokes.NavierStokes,quickjs,1,32,branch-misses,1416917,1834539800,1834539800,True,44278.65625,after child barrier before exec through exit; not internal Run only
NavierStokes.NavierStokes,quickjs,1,32,task-clock,1834043000,1834043000,1834043000,True,57313843.75,after child barrier before exec through exit; not internal Run only
NavierStokes.NavierStokes,quickjs,2,32,cycles,7421227116,1880398200,1880398200,True,231913347.375,after child barrier before exec through exit; not internal Run only
NavierStokes.NavierStokes,quickjs,2,32,instructions,24921687372,1880378300,1880378300,True,778802730.375,after child barrier before exec through exit; not internal Run only
NavierStokes.NavierStokes,quickjs,2,32,branches,4154661165,1880365300,1880365300,True,129833161.40625,after child barrier before exec through exit; not internal Run only
NavierStokes.NavierStokes,quickjs,2,32,branch-misses,1390712,1880343000,1880343000,True,43459.75,after child barrier before exec through exit; not internal Run only
NavierStokes.NavierStokes,quickjs,2,32,task-clock,1879947700,1879947700,1879947700,True,58748365.625,after child barrier before exec through exit; not internal Run only
NavierStokes.NavierStokes,quickjs,3,32,cycles,7158611075,1790190100,1790190100,True,223706596.09375,after child barrier before exec through exit; not internal Run only
NavierStokes.NavierStokes,quickjs,3,32,instructions,24921690066,1790168300,1790168300,True,778802814.5625,after child barrier before exec through exit; not internal Run only
NavierStokes.NavierStokes,quickjs,3,32,branches,4154661787,1790153300,1790153300,True,129833180.84375,after child barrier before exec through exit; not internal Run only
NavierStokes.NavierStokes,quickjs,3,32,branch-misses,1322621,1790137100,1790137100,True,41331.90625,after child barrier before exec through exit; not internal Run only
NavierStokes.NavierStokes,quickjs,3,32,task-clock,1789792200,1789792200,1789792200,True,55931006.25,after child barrier before exec through exit; not internal Run only
NavierStokes.NavierStokes,v8,1,32,cycles,8682414592,2222538500,2222538500,True,271325456.0,after child barrier before exec through exit; not internal Run only
NavierStokes.NavierStokes,v8,1,32,instructions,40467435846,2222517200,2222517200,True,1264607370.1875,after child barrier before exec through exit; not internal Run only
NavierStokes.NavierStokes,v8,1,32,branches,6898531230,2222498500,2222498500,True,215579100.9375,after child barrier before exec through exit; not internal Run only
NavierStokes.NavierStokes,v8,1,32,branch-misses,2918079,2222498500,2222498500,True,91189.96875,after child barrier before exec through exit; not internal Run only
NavierStokes.NavierStokes,v8,1,32,task-clock,2220261600,2220261600,2220261600,True,69383175.0,after child barrier before exec through exit; not internal Run only
NavierStokes.NavierStokes,v8,2,32,cycles,9221790583,2372976500,2372976500,True,288180955.71875,after child barrier before exec through exit; not internal Run only
NavierStokes.NavierStokes,v8,2,32,instructions,40467560770,2372956800,2372956800,True,1264611274.0625,after child barrier before exec through exit; not internal Run only
NavierStokes.NavierStokes,v8,2,32,branches,6898567368,2372944200,2372944200,True,215580230.25,after child barrier before exec through exit; not internal Run only
NavierStokes.NavierStokes,v8,2,32,branch-misses,3082217,2372886800,2372886800,True,96319.28125,after child barrier before exec through exit; not internal Run only
NavierStokes.NavierStokes,v8,2,32,task-clock,2370764500,2370764500,2370764500,True,74086390.625,after child barrier before exec through exit; not internal Run only
NavierStokes.NavierStokes,v8,3,32,cycles,8744042395,2258036100,2258036100,True,273251324.84375,after child barrier before exec through exit; not internal Run only
NavierStokes.NavierStokes,v8,3,32,instructions,40467471557,2258017200,2258017200,True,1264608486.15625,after child barrier before exec through exit; not internal Run only
NavierStokes.NavierStokes,v8,3,32,branches,6898549220,2258004300,2258004300,True,215579663.125,after child barrier before exec through exit; not internal Run only
NavierStokes.NavierStokes,v8,3,32,branch-misses,3020339,2257990300,2257990300,True,94385.59375,after child barrier before exec through exit; not internal Run only
NavierStokes.NavierStokes,v8,3,32,task-clock,2255795900,2255795900,2255795900,True,70493621.875,after child barrier before exec through exit; not internal Run only
NavierStokes.NavierStokes,jsc,1,32,cycles,6930594732,1746248900,1746248900,True,216581085.375,after child barrier before exec through exit; not internal Run only
NavierStokes.NavierStokes,jsc,1,32,instructions,23218654723,1746229000,1746229000,True,725582960.09375,after child barrier before exec through exit; not internal Run only
NavierStokes.NavierStokes,jsc,1,32,branches,5948217373,1746215600,1746215600,True,185881792.90625,after child barrier before exec through exit; not internal Run only
NavierStokes.NavierStokes,jsc,1,32,branch-misses,854991,1746194800,1746194800,True,26718.46875,after child barrier before exec through exit; not internal Run only
NavierStokes.NavierStokes,jsc,1,32,task-clock,1745362900,1745362900,1745362900,True,54542590.625,after child barrier before exec through exit; not internal Run only
NavierStokes.NavierStokes,jsc,2,32,cycles,6967675672,1751118200,1751118200,True,217739864.75,after child barrier before exec through exit; not internal Run only
NavierStokes.NavierStokes,jsc,2,32,instructions,23218642829,1751097300,1751097300,True,725582588.40625,after child barrier before exec through exit; not internal Run only
NavierStokes.NavierStokes,jsc,2,32,branches,5948212201,1751084100,1751084100,True,185881631.28125,after child barrier before exec through exit; not internal Run only
NavierStokes.NavierStokes,jsc,2,32,branch-misses,833991,1751070000,1751070000,True,26062.21875,after child barrier before exec through exit; not internal Run only
NavierStokes.NavierStokes,jsc,2,32,task-clock,1750071200,1750071200,1750071200,True,54689725.0,after child barrier before exec through exit; not internal Run only
NavierStokes.NavierStokes,jsc,3,32,cycles,6907641149,1737479700,1737479700,True,215863785.90625,after child barrier before exec through exit; not internal Run only
NavierStokes.NavierStokes,jsc,3,32,instructions,23218664187,1737459100,1737459100,True,725583255.84375,after child barrier before exec through exit; not internal Run only
NavierStokes.NavierStokes,jsc,3,32,branches,5948217901,1737446400,1737446400,True,185881809.40625,after child barrier before exec through exit; not internal Run only
NavierStokes.NavierStokes,jsc,3,32,branch-misses,821230,1737432700,1737432700,True,25663.4375,after child barrier before exec through exit; not internal Run only
NavierStokes.NavierStokes,jsc,3,32,task-clock,1736605400,1736605400,1736605400,True,54268918.75,after child barrier before exec through exit; not internal Run only
