profile,total_ticks,regex_code_range_ticks,unknown_top_PC,parser_sha256,scope
NavierStokes.NavierStokes.v8.1,2032,0,63,03564cb567036a2c8b28f8593dac4d0441336157026d2e3aa89635bb9ca72bcf,whole process; top PC only
NavierStokes.NavierStokes.v8.2,2112,0,66,03564cb567036a2c8b28f8593dac4d0441336157026d2e3aa89635bb9ca72bcf,whole process; top PC only
NavierStokes.NavierStokes.v8.3,2050,0,69,03564cb567036a2c8b28f8593dac4d0441336157026d2e3aa89635bb9ca72bcf,whole process; top PC only
RegExp.RegExp.v8.1,1229,130,121,03564cb567036a2c8b28f8593dac4d0441336157026d2e3aa89635bb9ca72bcf,whole process; top PC only
RegExp.RegExp.v8.2,1207,150,101,03564cb567036a2c8b28f8593dac4d0441336157026d2e3aa89635bb9ca72bcf,whole process; top PC only
RegExp.RegExp.v8.3,1178,141,111,03564cb567036a2c8b28f8593dac4d0441336157026d2e3aa89635bb9ca72bcf,whole process; top PC only
Richards.Richards.v8.1,1020,0,4,03564cb567036a2c8b28f8593dac4d0441336157026d2e3aa89635bb9ca72bcf,whole process; top PC only
Richards.Richards.v8.2,1017,0,4,03564cb567036a2c8b28f8593dac4d0441336157026d2e3aa89635bb9ca72bcf,whole process; top PC only
Richards.Richards.v8.3,1042,0,6,03564cb567036a2c8b28f8593dac4d0441336157026d2e3aa89635bb9ca72bcf,whole process; top PC only
regexp.mapped,1184,124,103,03564cb567036a2c8b28f8593dac4d0441336157026d2e3aa89635bb9ca72bcf,whole process; top PC only
