case,rep,original_N,opcode,name,executions,scope
Richards.Richards,1,512,1,push_i32,254466,whole process; instrumented diagnostic qjs
Richards.Richards,1,512,4,push_atom_value,17,whole process; instrumented diagnostic qjs
Richards.Richards,1,512,7,null,21895173,whole process; instrumented diagnostic qjs
Richards.Richards,1,512,8,push_this,20728834,whole process; instrumented diagnostic qjs
Richards.Richards,1,512,9,push_false,3,whole process; instrumented diagnostic qjs
Richards.Richards,1,512,10,push_true,1,whole process; instrumented diagnostic qjs
Richards.Richards,1,512,11,object,4,whole process; instrumented diagnostic qjs
Richards.Richards,1,512,14,drop,8117765,whole process; instrumented diagnostic qjs
Richards.Richards,1,512,17,dup,5479431,whole process; instrumented diagnostic qjs
Richards.Richards,1,512,21,insert2,49,whole process; instrumented diagnostic qjs
Richards.Richards,1,512,33,call_constructor,15362,whole process; instrumented diagnostic qjs
Richards.Richards,1,512,36,call_method,12798984,whole process; instrumented diagnostic qjs
Richards.Richards,1,512,37,tail_call_method,7919618,whole process; instrumented diagnostic qjs
Richards.Richards,1,512,38,array_from,3,whole process; instrumented diagnostic qjs
Richards.Richards,1,512,40,return,9857029,whole process; instrumented diagnostic qjs
Richards.Richards,1,512,41,return_undef,2952711,whole process; instrumented diagnostic qjs
Richards.Richards,1,512,56,get_var,21153353,whole process; instrumented diagnostic qjs
Richards.Richards,1,512,57,put_var,22,whole process; instrumented diagnostic qjs
Richards.Richards,1,512,61,get_field,79984695,whole process; instrumented diagnostic qjs
Richards.Richards,1,512,62,get_field2,23373834,whole process; instrumented diagnostic qjs
Richards.Richards,1,512,63,put_field,25951806,whole process; instrumented diagnostic qjs
Richards.Richards,1,512,67,get_array_el,2177026,whole process; instrumented diagnostic qjs
Richards.Richards,1,512,70,put_array_el,482304,whole process; instrumented diagnostic qjs
Richards.Richards,1,512,73,define_field,24,whole process; instrumented diagnostic qjs
Richards.Richards,1,512,74,set_name,2,whole process; instrumented diagnostic qjs
Richards.Richards,1,512,88,get_arg,3077,whole process; instrumented diagnostic qjs
Richards.Richards,1,512,92,put_var_ref,8,whole process; instrumented diagnostic qjs
Richards.Richards,1,512,104,if_false,1191936,whole process; instrumented diagnostic qjs
Richards.Richards,1,512,140,dec,512000,whole process; instrumented diagnostic qjs
Richards.Richards,1,512,141,inc,2143232,whole process; instrumented diagnostic qjs
Richards.Richards,1,512,145,inc_loc,479744,whole process; instrumented diagnostic qjs
Richards.Richards,1,512,147,not,1,whole process; instrumented diagnostic qjs
Richards.Richards,1,512,148,lnot,1,whole process; instrumented diagnostic qjs
Richards.Richards,1,512,153,div,1,whole process; instrumented diagnostic qjs
Richards.Richards,1,512,155,add,476673,whole process; instrumented diagnostic qjs
Richards.Richards,1,512,156,sub,1,whole process; instrumented diagnostic qjs
Richards.Richards,1,512,159,sar,511488,whole process; instrumented diagnostic qjs
Richards.Richards,1,512,161,lt,1636866,whole process; instrumented diagnostic qjs
Richards.Richards,1,512,163,gt,1747968,whole process; instrumented diagnostic qjs
Richards.Richards,1,512,167,eq,18003968,whole process; instrumented diagnostic qjs
Richards.Richards,1,512,168,neq,14767104,whole process; instrumented diagnostic qjs
Richards.Richards,1,512,169,strict_eq,5,whole process; instrumented diagnostic qjs
Richards.Richards,1,512,170,strict_neq,3,whole process; instrumented diagnostic qjs
Richards.Richards,1,512,171,and,6486528,whole process; instrumented diagnostic qjs
Richards.Richards,1,512,172,xor,254464,whole process; instrumented diagnostic qjs
Richards.Richards,1,512,173,or,2422273,whole process; instrumented diagnostic qjs
Richards.Richards,1,512,179,push_0,6732809,whole process; instrumented diagnostic qjs
Richards.Richards,1,512,180,push_1,1518084,whole process; instrumented diagnostic qjs
Richards.Richards,1,512,181,push_2,2,whole process; instrumented diagnostic qjs
Richards.Richards,1,512,182,push_3,1,whole process; instrumented diagnostic qjs
Richards.Richards,1,512,183,push_4,3,whole process; instrumented diagnostic qjs
Richards.Richards,1,512,184,push_5,1,whole process; instrumented diagnostic qjs
Richards.Richards,1,512,185,push_6,1,whole process; instrumented diagnostic qjs
Richards.Richards,1,512,187,push_i8,479233,whole process; instrumented diagnostic qjs
Richards.Richards,1,512,188,push_i16,2565,whole process; instrumented diagnostic qjs
Richards.Richards,1,512,189,push_const8,1,whole process; instrumented diagnostic qjs
Richards.Richards,1,512,190,fclosure8,65,whole process; instrumented diagnostic qjs
Richards.Richards,1,512,192,get_loc8,523,whole process; instrumented diagnostic qjs
Richards.Richards,1,512,193,put_loc8,7,whole process; instrumented diagnostic qjs
Richards.Richards,1,512,194,set_loc8,1,whole process; instrumented diagnostic qjs
Richards.Richards,1,512,195,get_loc0,66344465,whole process; instrumented diagnostic qjs
Richards.Richards,1,512,196,get_loc1,25248263,whole process; instrumented diagnostic qjs
Richards.Richards,1,512,197,get_loc2,10329091,whole process; instrumented diagnostic qjs
Richards.Richards,1,512,198,get_loc3,515,whole process; instrumented diagnostic qjs
Richards.Richards,1,512,199,put_loc0,15740470,whole process; instrumented diagnostic qjs
Richards.Richards,1,512,200,put_loc1,7862785,whole process; instrumented diagnostic qjs
Richards.Richards,1,512,201,put_loc2,2220032,whole process; instrumented diagnostic qjs
Richards.Richards,1,512,202,put_loc3,1,whole process; instrumented diagnostic qjs
Richards.Richards,1,512,203,set_loc0,3274243,whole process; instrumented diagnostic qjs
Richards.Richards,1,512,204,set_loc1,1,whole process; instrumented diagnostic qjs
Richards.Richards,1,512,205,set_loc2,1,whole process; instrumented diagnostic qjs
Richards.Richards,1,512,207,get_arg0,14491138,whole process; instrumented diagnostic qjs
Richards.Richards,1,512,208,get_arg1,1203714,whole process; instrumented diagnostic qjs
Richards.Richards,1,512,209,get_arg2,14850,whole process; instrumented diagnostic qjs
Richards.Richards,1,512,210,get_arg3,10241,whole process; instrumented diagnostic qjs
Richards.Richards,1,512,219,get_var_ref0,2,whole process; instrumented diagnostic qjs
Richards.Richards,1,512,220,get_var_ref1,2,whole process; instrumented diagnostic qjs
Richards.Richards,1,512,224,put_var_ref1,1,whole process; instrumented diagnostic qjs
Richards.Richards,1,512,225,put_var_ref2,1,whole process; instrumented diagnostic qjs
Richards.Richards,1,512,226,put_var_ref3,1,whole process; instrumented diagnostic qjs
Richards.Richards,1,512,231,get_length,1,whole process; instrumented diagnostic qjs
Richards.Richards,1,512,232,if_false8,29784590,whole process; instrumented diagnostic qjs
Richards.Richards,1,512,233,if_true8,5464070,whole process; instrumented diagnostic qjs
Richards.Richards,1,512,234,goto8,7332352,whole process; instrumented diagnostic qjs
Richards.Richards,1,512,236,call0,6,whole process; instrumented diagnostic qjs
Richards.Richards,1,512,241,is_null,2,whole process; instrumented diagnostic qjs
Richards.Richards,1,512,243,typeof_is_function,1,whole process; instrumented diagnostic qjs
Richards.Richards,2,512,1,push_i32,254466,whole process; instrumented diagnostic qjs
Richards.Richards,2,512,4,push_atom_value,17,whole process; instrumented diagnostic qjs
Richards.Richards,2,512,7,null,21895173,whole process; instrumented diagnostic qjs
Richards.Richards,2,512,8,push_this,20728834,whole process; instrumented diagnostic qjs
Richards.Richards,2,512,9,push_false,3,whole process; instrumented diagnostic qjs
Richards.Richards,2,512,10,push_true,1,whole process; instrumented diagnostic qjs
Richards.Richards,2,512,11,object,4,whole process; instrumented diagnostic qjs
Richards.Richards,2,512,14,drop,8117765,whole process; instrumented diagnostic qjs
Richards.Richards,2,512,17,dup,5479431,whole process; instrumented diagnostic qjs
Richards.Richards,2,512,21,insert2,49,whole process; instrumented diagnostic qjs
Richards.Richards,2,512,33,call_constructor,15362,whole process; instrumented diagnostic qjs
Richards.Richards,2,512,36,call_method,12798984,whole process; instrumented diagnostic qjs
Richards.Richards,2,512,37,tail_call_method,7919618,whole process; instrumented diagnostic qjs
Richards.Richards,2,512,38,array_from,3,whole process; instrumented diagnostic qjs
Richards.Richards,2,512,40,return,9857029,whole process; instrumented diagnostic qjs
Richards.Richards,2,512,41,return_undef,2952711,whole process; instrumented diagnostic qjs
Richards.Richards,2,512,56,get_var,21153353,whole process; instrumented diagnostic qjs
Richards.Richards,2,512,57,put_var,22,whole process; instrumented diagnostic qjs
Richards.Richards,2,512,61,get_field,79984695,whole process; instrumented diagnostic qjs
Richards.Richards,2,512,62,get_field2,23373834,whole process; instrumented diagnostic qjs
Richards.Richards,2,512,63,put_field,25951806,whole process; instrumented diagnostic qjs
Richards.Richards,2,512,67,get_array_el,2177026,whole process; instrumented diagnostic qjs
Richards.Richards,2,512,70,put_array_el,482304,whole process; instrumented diagnostic qjs
Richards.Richards,2,512,73,define_field,24,whole process; instrumented diagnostic qjs
Richards.Richards,2,512,74,set_name,2,whole process; instrumented diagnostic qjs
Richards.Richards,2,512,88,get_arg,3077,whole process; instrumented diagnostic qjs
Richards.Richards,2,512,92,put_var_ref,8,whole process; instrumented diagnostic qjs
Richards.Richards,2,512,104,if_false,1191936,whole process; instrumented diagnostic qjs
Richards.Richards,2,512,140,dec,512000,whole process; instrumented diagnostic qjs
Richards.Richards,2,512,141,inc,2143232,whole process; instrumented diagnostic qjs
Richards.Richards,2,512,145,inc_loc,479744,whole process; instrumented diagnostic qjs
Richards.Richards,2,512,147,not,1,whole process; instrumented diagnostic qjs
Richards.Richards,2,512,148,lnot,1,whole process; instrumented diagnostic qjs
Richards.Richards,2,512,153,div,1,whole process; instrumented diagnostic qjs
Richards.Richards,2,512,155,add,476673,whole process; instrumented diagnostic qjs
Richards.Richards,2,512,156,sub,1,whole process; instrumented diagnostic qjs
Richards.Richards,2,512,159,sar,511488,whole process; instrumented diagnostic qjs
Richards.Richards,2,512,161,lt,1636866,whole process; instrumented diagnostic qjs
Richards.Richards,2,512,163,gt,1747968,whole process; instrumented diagnostic qjs
Richards.Richards,2,512,167,eq,18003968,whole process; instrumented diagnostic qjs
Richards.Richards,2,512,168,neq,14767104,whole process; instrumented diagnostic qjs
Richards.Richards,2,512,169,strict_eq,5,whole process; instrumented diagnostic qjs
Richards.Richards,2,512,170,strict_neq,3,whole process; instrumented diagnostic qjs
Richards.Richards,2,512,171,and,6486528,whole process; instrumented diagnostic qjs
Richards.Richards,2,512,172,xor,254464,whole process; instrumented diagnostic qjs
Richards.Richards,2,512,173,or,2422273,whole process; instrumented diagnostic qjs
Richards.Richards,2,512,179,push_0,6732809,whole process; instrumented diagnostic qjs
Richards.Richards,2,512,180,push_1,1518084,whole process; instrumented diagnostic qjs
Richards.Richards,2,512,181,push_2,2,whole process; instrumented diagnostic qjs
Richards.Richards,2,512,182,push_3,1,whole process; instrumented diagnostic qjs
Richards.Richards,2,512,183,push_4,3,whole process; instrumented diagnostic qjs
Richards.Richards,2,512,184,push_5,1,whole process; instrumented diagnostic qjs
Richards.Richards,2,512,185,push_6,1,whole process; instrumented diagnostic qjs
Richards.Richards,2,512,187,push_i8,479233,whole process; instrumented diagnostic qjs
Richards.Richards,2,512,188,push_i16,2565,whole process; instrumented diagnostic qjs
Richards.Richards,2,512,189,push_const8,1,whole process; instrumented diagnostic qjs
Richards.Richards,2,512,190,fclosure8,65,whole process; instrumented diagnostic qjs
Richards.Richards,2,512,192,get_loc8,523,whole process; instrumented diagnostic qjs
Richards.Richards,2,512,193,put_loc8,7,whole process; instrumented diagnostic qjs
Richards.Richards,2,512,194,set_loc8,1,whole process; instrumented diagnostic qjs
Richards.Richards,2,512,195,get_loc0,66344465,whole process; instrumented diagnostic qjs
Richards.Richards,2,512,196,get_loc1,25248263,whole process; instrumented diagnostic qjs
Richards.Richards,2,512,197,get_loc2,10329091,whole process; instrumented diagnostic qjs
Richards.Richards,2,512,198,get_loc3,515,whole process; instrumented diagnostic qjs
Richards.Richards,2,512,199,put_loc0,15740470,whole process; instrumented diagnostic qjs
Richards.Richards,2,512,200,put_loc1,7862785,whole process; instrumented diagnostic qjs
Richards.Richards,2,512,201,put_loc2,2220032,whole process; instrumented diagnostic qjs
Richards.Richards,2,512,202,put_loc3,1,whole process; instrumented diagnostic qjs
Richards.Richards,2,512,203,set_loc0,3274243,whole process; instrumented diagnostic qjs
Richards.Richards,2,512,204,set_loc1,1,whole process; instrumented diagnostic qjs
Richards.Richards,2,512,205,set_loc2,1,whole process; instrumented diagnostic qjs
Richards.Richards,2,512,207,get_arg0,14491138,whole process; instrumented diagnostic qjs
Richards.Richards,2,512,208,get_arg1,1203714,whole process; instrumented diagnostic qjs
Richards.Richards,2,512,209,get_arg2,14850,whole process; instrumented diagnostic qjs
Richards.Richards,2,512,210,get_arg3,10241,whole process; instrumented diagnostic qjs
Richards.Richards,2,512,219,get_var_ref0,2,whole process; instrumented diagnostic qjs
Richards.Richards,2,512,220,get_var_ref1,2,whole process; instrumented diagnostic qjs
Richards.Richards,2,512,224,put_var_ref1,1,whole process; instrumented diagnostic qjs
Richards.Richards,2,512,225,put_var_ref2,1,whole process; instrumented diagnostic qjs
Richards.Richards,2,512,226,put_var_ref3,1,whole process; instrumented diagnostic qjs
Richards.Richards,2,512,231,get_length,1,whole process; instrumented diagnostic qjs
Richards.Richards,2,512,232,if_false8,29784590,whole process; instrumented diagnostic qjs
Richards.Richards,2,512,233,if_true8,5464070,whole process; instrumented diagnostic qjs
Richards.Richards,2,512,234,goto8,7332352,whole process; instrumented diagnostic qjs
Richards.Richards,2,512,236,call0,6,whole process; instrumented diagnostic qjs
Richards.Richards,2,512,241,is_null,2,whole process; instrumented diagnostic qjs
Richards.Richards,2,512,243,typeof_is_function,1,whole process; instrumented diagnostic qjs
Richards.Richards,3,512,1,push_i32,254466,whole process; instrumented diagnostic qjs
Richards.Richards,3,512,4,push_atom_value,17,whole process; instrumented diagnostic qjs
Richards.Richards,3,512,7,null,21895173,whole process; instrumented diagnostic qjs
Richards.Richards,3,512,8,push_this,20728834,whole process; instrumented diagnostic qjs
Richards.Richards,3,512,9,push_false,3,whole process; instrumented diagnostic qjs
Richards.Richards,3,512,10,push_true,1,whole process; instrumented diagnostic qjs
Richards.Richards,3,512,11,object,4,whole process; instrumented diagnostic qjs
Richards.Richards,3,512,14,drop,8117765,whole process; instrumented diagnostic qjs
Richards.Richards,3,512,17,dup,5479431,whole process; instrumented diagnostic qjs
Richards.Richards,3,512,21,insert2,49,whole process; instrumented diagnostic qjs
Richards.Richards,3,512,33,call_constructor,15362,whole process; instrumented diagnostic qjs
Richards.Richards,3,512,36,call_method,12798984,whole process; instrumented diagnostic qjs
Richards.Richards,3,512,37,tail_call_method,7919618,whole process; instrumented diagnostic qjs
Richards.Richards,3,512,38,array_from,3,whole process; instrumented diagnostic qjs
Richards.Richards,3,512,40,return,9857029,whole process; instrumented diagnostic qjs
Richards.Richards,3,512,41,return_undef,2952711,whole process; instrumented diagnostic qjs
Richards.Richards,3,512,56,get_var,21153353,whole process; instrumented diagnostic qjs
Richards.Richards,3,512,57,put_var,22,whole process; instrumented diagnostic qjs
Richards.Richards,3,512,61,get_field,79984695,whole process; instrumented diagnostic qjs
Richards.Richards,3,512,62,get_field2,23373834,whole process; instrumented diagnostic qjs
Richards.Richards,3,512,63,put_field,25951806,whole process; instrumented diagnostic qjs
Richards.Richards,3,512,67,get_array_el,2177026,whole process; instrumented diagnostic qjs
Richards.Richards,3,512,70,put_array_el,482304,whole process; instrumented diagnostic qjs
Richards.Richards,3,512,73,define_field,24,whole process; instrumented diagnostic qjs
Richards.Richards,3,512,74,set_name,2,whole process; instrumented diagnostic qjs
Richards.Richards,3,512,88,get_arg,3077,whole process; instrumented diagnostic qjs
Richards.Richards,3,512,92,put_var_ref,8,whole process; instrumented diagnostic qjs
Richards.Richards,3,512,104,if_false,1191936,whole process; instrumented diagnostic qjs
Richards.Richards,3,512,140,dec,512000,whole process; instrumented diagnostic qjs
Richards.Richards,3,512,141,inc,2143232,whole process; instrumented diagnostic qjs
Richards.Richards,3,512,145,inc_loc,479744,whole process; instrumented diagnostic qjs
Richards.Richards,3,512,147,not,1,whole process; instrumented diagnostic qjs
Richards.Richards,3,512,148,lnot,1,whole process; instrumented diagnostic qjs
Richards.Richards,3,512,153,div,1,whole process; instrumented diagnostic qjs
Richards.Richards,3,512,155,add,476673,whole process; instrumented diagnostic qjs
Richards.Richards,3,512,156,sub,1,whole process; instrumented diagnostic qjs
Richards.Richards,3,512,159,sar,511488,whole process; instrumented diagnostic qjs
Richards.Richards,3,512,161,lt,1636866,whole process; instrumented diagnostic qjs
Richards.Richards,3,512,163,gt,1747968,whole process; instrumented diagnostic qjs
Richards.Richards,3,512,167,eq,18003968,whole process; instrumented diagnostic qjs
Richards.Richards,3,512,168,neq,14767104,whole process; instrumented diagnostic qjs
Richards.Richards,3,512,169,strict_eq,5,whole process; instrumented diagnostic qjs
Richards.Richards,3,512,170,strict_neq,3,whole process; instrumented diagnostic qjs
Richards.Richards,3,512,171,and,6486528,whole process; instrumented diagnostic qjs
Richards.Richards,3,512,172,xor,254464,whole process; instrumented diagnostic qjs
Richards.Richards,3,512,173,or,2422273,whole process; instrumented diagnostic qjs
Richards.Richards,3,512,179,push_0,6732809,whole process; instrumented diagnostic qjs
Richards.Richards,3,512,180,push_1,1518084,whole process; instrumented diagnostic qjs
Richards.Richards,3,512,181,push_2,2,whole process; instrumented diagnostic qjs
Richards.Richards,3,512,182,push_3,1,whole process; instrumented diagnostic qjs
Richards.Richards,3,512,183,push_4,3,whole process; instrumented diagnostic qjs
Richards.Richards,3,512,184,push_5,1,whole process; instrumented diagnostic qjs
Richards.Richards,3,512,185,push_6,1,whole process; instrumented diagnostic qjs
Richards.Richards,3,512,187,push_i8,479233,whole process; instrumented diagnostic qjs
Richards.Richards,3,512,188,push_i16,2565,whole process; instrumented diagnostic qjs
Richards.Richards,3,512,189,push_const8,1,whole process; instrumented diagnostic qjs
Richards.Richards,3,512,190,fclosure8,65,whole process; instrumented diagnostic qjs
Richards.Richards,3,512,192,get_loc8,523,whole process; instrumented diagnostic qjs
Richards.Richards,3,512,193,put_loc8,7,whole process; instrumented diagnostic qjs
Richards.Richards,3,512,194,set_loc8,1,whole process; instrumented diagnostic qjs
Richards.Richards,3,512,195,get_loc0,66344465,whole process; instrumented diagnostic qjs
Richards.Richards,3,512,196,get_loc1,25248263,whole process; instrumented diagnostic qjs
Richards.Richards,3,512,197,get_loc2,10329091,whole process; instrumented diagnostic qjs
Richards.Richards,3,512,198,get_loc3,515,whole process; instrumented diagnostic qjs
Richards.Richards,3,512,199,put_loc0,15740470,whole process; instrumented diagnostic qjs
Richards.Richards,3,512,200,put_loc1,7862785,whole process; instrumented diagnostic qjs
Richards.Richards,3,512,201,put_loc2,2220032,whole process; instrumented diagnostic qjs
Richards.Richards,3,512,202,put_loc3,1,whole process; instrumented diagnostic qjs
Richards.Richards,3,512,203,set_loc0,3274243,whole process; instrumented diagnostic qjs
Richards.Richards,3,512,204,set_loc1,1,whole process; instrumented diagnostic qjs
Richards.Richards,3,512,205,set_loc2,1,whole process; instrumented diagnostic qjs
Richards.Richards,3,512,207,get_arg0,14491138,whole process; instrumented diagnostic qjs
Richards.Richards,3,512,208,get_arg1,1203714,whole process; instrumented diagnostic qjs
Richards.Richards,3,512,209,get_arg2,14850,whole process; instrumented diagnostic qjs
Richards.Richards,3,512,210,get_arg3,10241,whole process; instrumented diagnostic qjs
Richards.Richards,3,512,219,get_var_ref0,2,whole process; instrumented diagnostic qjs
Richards.Richards,3,512,220,get_var_ref1,2,whole process; instrumented diagnostic qjs
Richards.Richards,3,512,224,put_var_ref1,1,whole process; instrumented diagnostic qjs
Richards.Richards,3,512,225,put_var_ref2,1,whole process; instrumented diagnostic qjs
Richards.Richards,3,512,226,put_var_ref3,1,whole process; instrumented diagnostic qjs
Richards.Richards,3,512,231,get_length,1,whole process; instrumented diagnostic qjs
Richards.Richards,3,512,232,if_false8,29784590,whole process; instrumented diagnostic qjs
Richards.Richards,3,512,233,if_true8,5464070,whole process; instrumented diagnostic qjs
Richards.Richards,3,512,234,goto8,7332352,whole process; instrumented diagnostic qjs
Richards.Richards,3,512,236,call0,6,whole process; instrumented diagnostic qjs
Richards.Richards,3,512,241,is_null,2,whole process; instrumented diagnostic qjs
Richards.Richards,3,512,243,typeof_is_function,1,whole process; instrumented diagnostic qjs
NavierStokes.NavierStokes,1,32,1,push_i32,4,whole process; instrumented diagnostic qjs
NavierStokes.NavierStokes,1,32,4,push_atom_value,17,whole process; instrumented diagnostic qjs
NavierStokes.NavierStokes,1,32,7,null,9,whole process; instrumented diagnostic qjs
NavierStokes.NavierStokes,1,32,8,push_this,68,whole process; instrumented diagnostic qjs
NavierStokes.NavierStokes,1,32,9,push_false,3,whole process; instrumented diagnostic qjs
NavierStokes.NavierStokes,1,32,10,push_true,3,whole process; instrumented diagnostic qjs
NavierStokes.NavierStokes,1,32,11,object,4,whole process; instrumented diagnostic qjs
NavierStokes.NavierStokes,1,32,14,drop,4055,whole process; instrumented diagnostic qjs
NavierStokes.NavierStokes,1,32,17,dup,99,whole process; instrumented diagnostic qjs
NavierStokes.NavierStokes,1,32,21,insert2,19,whole process; instrumented diagnostic qjs
NavierStokes.NavierStokes,1,32,22,insert3,22243900,whole process; instrumented diagnostic qjs
NavierStokes.NavierStokes,1,32,33,call_constructor,85,whole process; instrumented diagnostic qjs
NavierStokes.NavierStokes,1,32,34,call,416,whole process; instrumented diagnostic qjs
NavierStokes.NavierStokes,1,32,36,call_method,2063,whole process; instrumented diagnostic qjs
NavierStokes.NavierStokes,1,32,37,tail_call_method,2,whole process; instrumented diagnostic qjs
NavierStokes.NavierStokes,1,32,38,array_from,3,whole process; instrumented diagnostic qjs
NavierStokes.NavierStokes,1,32,40,return,8,whole process; instrumented diagnostic qjs
NavierStokes.NavierStokes,1,32,41,return_undef,4404,whole process; instrumented diagnostic qjs
NavierStokes.NavierStokes,1,32,56,get_var,304,whole process; instrumented diagnostic qjs
NavierStokes.NavierStokes,1,32,57,put_var,78,whole process; instrumented diagnostic qjs
NavierStokes.NavierStokes,1,32,61,get_field,26,whole process; instrumented diagnostic qjs
NavierStokes.NavierStokes,1,32,62,get_field2,2165,whole process; instrumented diagnostic qjs
NavierStokes.NavierStokes,1,32,63,put_field,589,whole process; instrumented diagnostic qjs
NavierStokes.NavierStokes,1,32,67,get_array_el,105969638,whole process; instrumented diagnostic qjs
NavierStokes.NavierStokes,1,32,69,get_array_el3,3719552,whole process; instrumented diagnostic qjs
NavierStokes.NavierStokes,1,32,70,put_array_el,32679816,whole process; instrumented diagnostic qjs
NavierStokes.NavierStokes,1,32,73,define_field,24,whole process; instrumented diagnostic qjs
NavierStokes.NavierStokes,1,32,74,set_name,3,whole process; instrumented diagnostic qjs
NavierStokes.NavierStokes,1,32,88,get_arg,1573480,whole process; instrumented diagnostic qjs
NavierStokes.NavierStokes,1,32,91,get_var_ref,231048,whole process; instrumented diagnostic qjs
NavierStokes.NavierStokes,1,32,92,put_var_ref,25,whole process; instrumented diagnostic qjs
NavierStokes.NavierStokes,1,32,104,if_false,1614048,whole process; instrumented diagnostic qjs
NavierStokes.NavierStokes,1,32,138,neg,66880,whole process; instrumented diagnostic qjs
NavierStokes.NavierStokes,1,32,141,inc,74981376,whole process; instrumented diagnostic qjs
NavierStokes.NavierStokes,1,32,142,post_dec,27,whole process; instrumented diagnostic qjs
NavierStokes.NavierStokes,1,32,143,post_inc,37,whole process; instrumented diagnostic qjs
NavierStokes.NavierStokes,1,32,145,inc_loc,29748688,whole process; instrumented diagnostic qjs
NavierStokes.NavierStokes,1,32,147,not,200,whole process; instrumented diagnostic qjs
NavierStokes.NavierStokes,1,32,148,lnot,1,whole process; instrumented diagnostic qjs
NavierStokes.NavierStokes,1,32,152,mul,64368169,whole process; instrumented diagnostic qjs
NavierStokes.NavierStokes,1,32,153,div,129,whole process; instrumented diagnostic qjs
NavierStokes.NavierStokes,1,32,155,add,102712750,whole process; instrumented diagnostic qjs
NavierStokes.NavierStokes,1,32,156,sub,15926529,whole process; instrumented diagnostic qjs
NavierStokes.NavierStokes,1,32,161,lt,6405465,whole process; instrumented diagnostic qjs
NavierStokes.NavierStokes,1,32,162,lte,25482470,whole process; instrumented diagnostic qjs
NavierStokes.NavierStokes,1,32,163,gt,3142978,whole process; instrumented diagnostic qjs
NavierStokes.NavierStokes,1,32,167,eq,64,whole process; instrumented diagnostic qjs
NavierStokes.NavierStokes,1,32,168,neq,3,whole process; instrumented diagnostic qjs
NavierStokes.NavierStokes,1,32,169,strict_eq,3525,whole process; instrumented diagnostic qjs
NavierStokes.NavierStokes,1,32,170,strict_neq,3,whole process; instrumented diagnostic qjs
NavierStokes.NavierStokes,1,32,173,or,3145728,whole process; instrumented diagnostic qjs
NavierStokes.NavierStokes,1,32,179,push_0,4783867,whole process; instrumented diagnostic qjs
NavierStokes.NavierStokes,1,32,180,push_1,7565734,whole process; instrumented diagnostic qjs
NavierStokes.NavierStokes,1,32,181,push_2,1737,whole process; instrumented diagnostic qjs
NavierStokes.NavierStokes,1,32,183,push_4,128,whole process; instrumented diagnostic qjs
NavierStokes.NavierStokes,1,32,184,push_5,321,whole process; instrumented diagnostic qjs
NavierStokes.NavierStokes,1,32,187,push_i8,786,whole process; instrumented diagnostic qjs
NavierStokes.NavierStokes,1,32,188,push_i16,745,whole process; instrumented diagnostic qjs
NavierStokes.NavierStokes,1,32,189,push_const8,3155780,whole process; instrumented diagnostic qjs
NavierStokes.NavierStokes,1,32,190,fclosure8,502,whole process; instrumented diagnostic qjs
NavierStokes.NavierStokes,1,32,192,get_loc8,132172564,whole process; instrumented diagnostic qjs
NavierStokes.NavierStokes,1,32,193,put_loc8,37319245,whole process; instrumented diagnostic qjs
NavierStokes.NavierStokes,1,32,194,set_loc8,56098817,whole process; instrumented diagnostic qjs
NavierStokes.NavierStokes,1,32,195,get_loc0,11704248,whole process; instrumented diagnostic qjs
NavierStokes.NavierStokes,1,32,196,get_loc1,68999154,whole process; instrumented diagnostic qjs
NavierStokes.NavierStokes,1,32,197,get_loc2,23795909,whole process; instrumented diagnostic qjs
NavierStokes.NavierStokes,1,32,198,get_loc3,23592471,whole process; instrumented diagnostic qjs
NavierStokes.NavierStokes,1,32,199,put_loc0,3650,whole process; instrumented diagnostic qjs
NavierStokes.NavierStokes,1,32,200,put_loc1,173992,whole process; instrumented diagnostic qjs
NavierStokes.NavierStokes,1,32,201,put_loc2,182049,whole process; instrumented diagnostic qjs
NavierStokes.NavierStokes,1,32,202,put_loc3,8354,whole process; instrumented diagnostic qjs
NavierStokes.NavierStokes,1,32,203,set_loc0,5,whole process; instrumented diagnostic qjs
NavierStokes.NavierStokes,1,32,204,set_loc1,20979713,whole process; instrumented diagnostic qjs
NavierStokes.NavierStokes,1,32,205,set_loc2,1,whole process; instrumented diagnostic qjs
NavierStokes.NavierStokes,1,32,206,set_loc3,1048576,whole process; instrumented diagnostic qjs
NavierStokes.NavierStokes,1,32,207,get_arg0,5843380,whole process; instrumented diagnostic qjs
NavierStokes.NavierStokes,1,32,208,get_arg1,93775272,whole process; instrumented diagnostic qjs
NavierStokes.NavierStokes,1,32,209,get_arg2,35720130,whole process; instrumented diagnostic qjs
NavierStokes.NavierStokes,1,32,210,get_arg3,24118785,whole process; instrumented diagnostic qjs
NavierStokes.NavierStokes,1,32,211,put_arg0,64,whole process; instrumented diagnostic qjs
NavierStokes.NavierStokes,1,32,212,put_arg1,64,whole process; instrumented diagnostic qjs
NavierStokes.NavierStokes,1,32,213,put_arg2,64,whole process; instrumented diagnostic qjs
NavierStokes.NavierStokes,1,32,214,put_arg3,64,whole process; instrumented diagnostic qjs
NavierStokes.NavierStokes,1,32,219,get_var_ref0,4599819,whole process; instrumented diagnostic qjs
NavierStokes.NavierStokes,1,32,220,get_var_ref1,4185922,whole process; instrumented diagnostic qjs
NavierStokes.NavierStokes,1,32,221,get_var_ref2,26038405,whole process; instrumented diagnostic qjs
NavierStokes.NavierStokes,1,32,222,get_var_ref3,113505,whole process; instrumented diagnostic qjs
NavierStokes.NavierStokes,1,32,223,put_var_ref0,5,whole process; instrumented diagnostic qjs
NavierStokes.NavierStokes,1,32,224,put_var_ref1,6,whole process; instrumented diagnostic qjs
NavierStokes.NavierStokes,1,32,225,put_var_ref2,1,whole process; instrumented diagnostic qjs
NavierStokes.NavierStokes,1,32,226,put_var_ref3,4,whole process; instrumented diagnostic qjs
NavierStokes.NavierStokes,1,32,231,get_length,1,whole process; instrumented diagnostic qjs
NavierStokes.NavierStokes,1,32,232,if_false8,33420464,whole process; instrumented diagnostic qjs
NavierStokes.NavierStokes,1,32,233,if_true8,8,whole process; instrumented diagnostic qjs
NavierStokes.NavierStokes,1,32,234,goto8,26953876,whole process; instrumented diagnostic qjs
NavierStokes.NavierStokes,1,32,235,goto16,1585152,whole process; instrumented diagnostic qjs
NavierStokes.NavierStokes,1,32,236,call0,8,whole process; instrumented diagnostic qjs
NavierStokes.NavierStokes,1,32,237,call1,70,whole process; instrumented diagnostic qjs
NavierStokes.NavierStokes,1,32,238,call2,1728,whole process; instrumented diagnostic qjs
NavierStokes.NavierStokes,1,32,239,call3,128,whole process; instrumented diagnostic qjs
NavierStokes.NavierStokes,1,32,241,is_null,2,whole process; instrumented diagnostic qjs
NavierStokes.NavierStokes,1,32,243,typeof_is_function,1,whole process; instrumented diagnostic qjs
NavierStokes.NavierStokes,2,32,1,push_i32,4,whole process; instrumented diagnostic qjs
NavierStokes.NavierStokes,2,32,4,push_atom_value,17,whole process; instrumented diagnostic qjs
NavierStokes.NavierStokes,2,32,7,null,9,whole process; instrumented diagnostic qjs
NavierStokes.NavierStokes,2,32,8,push_this,68,whole process; instrumented diagnostic qjs
NavierStokes.NavierStokes,2,32,9,push_false,3,whole process; instrumented diagnostic qjs
NavierStokes.NavierStokes,2,32,10,push_true,3,whole process; instrumented diagnostic qjs
NavierStokes.NavierStokes,2,32,11,object,4,whole process; instrumented diagnostic qjs
NavierStokes.NavierStokes,2,32,14,drop,4055,whole process; instrumented diagnostic qjs
NavierStokes.NavierStokes,2,32,17,dup,99,whole process; instrumented diagnostic qjs
NavierStokes.NavierStokes,2,32,21,insert2,19,whole process; instrumented diagnostic qjs
NavierStokes.NavierStokes,2,32,22,insert3,22243900,whole process; instrumented diagnostic qjs
NavierStokes.NavierStokes,2,32,33,call_constructor,85,whole process; instrumented diagnostic qjs
NavierStokes.NavierStokes,2,32,34,call,416,whole process; instrumented diagnostic qjs
NavierStokes.NavierStokes,2,32,36,call_method,2063,whole process; instrumented diagnostic qjs
NavierStokes.NavierStokes,2,32,37,tail_call_method,2,whole process; instrumented diagnostic qjs
NavierStokes.NavierStokes,2,32,38,array_from,3,whole process; instrumented diagnostic qjs
NavierStokes.NavierStokes,2,32,40,return,8,whole process; instrumented diagnostic qjs
NavierStokes.NavierStokes,2,32,41,return_undef,4404,whole process; instrumented diagnostic qjs
NavierStokes.NavierStokes,2,32,56,get_var,304,whole process; instrumented diagnostic qjs
NavierStokes.NavierStokes,2,32,57,put_var,78,whole process; instrumented diagnostic qjs
NavierStokes.NavierStokes,2,32,61,get_field,26,whole process; instrumented diagnostic qjs
NavierStokes.NavierStokes,2,32,62,get_field2,2165,whole process; instrumented diagnostic qjs
NavierStokes.NavierStokes,2,32,63,put_field,589,whole process; instrumented diagnostic qjs
NavierStokes.NavierStokes,2,32,67,get_array_el,105969638,whole process; instrumented diagnostic qjs
NavierStokes.NavierStokes,2,32,69,get_array_el3,3719552,whole process; instrumented diagnostic qjs
NavierStokes.NavierStokes,2,32,70,put_array_el,32679816,whole process; instrumented diagnostic qjs
NavierStokes.NavierStokes,2,32,73,define_field,24,whole process; instrumented diagnostic qjs
NavierStokes.NavierStokes,2,32,74,set_name,3,whole process; instrumented diagnostic qjs
NavierStokes.NavierStokes,2,32,88,get_arg,1573480,whole process; instrumented diagnostic qjs
NavierStokes.NavierStokes,2,32,91,get_var_ref,231048,whole process; instrumented diagnostic qjs
NavierStokes.NavierStokes,2,32,92,put_var_ref,25,whole process; instrumented diagnostic qjs
NavierStokes.NavierStokes,2,32,104,if_false,1614048,whole process; instrumented diagnostic qjs
NavierStokes.NavierStokes,2,32,138,neg,66880,whole process; instrumented diagnostic qjs
NavierStokes.NavierStokes,2,32,141,inc,74981376,whole process; instrumented diagnostic qjs
NavierStokes.NavierStokes,2,32,142,post_dec,27,whole process; instrumented diagnostic qjs
NavierStokes.NavierStokes,2,32,143,post_inc,37,whole process; instrumented diagnostic qjs
NavierStokes.NavierStokes,2,32,145,inc_loc,29748688,whole process; instrumented diagnostic qjs
NavierStokes.NavierStokes,2,32,147,not,200,whole process; instrumented diagnostic qjs
NavierStokes.NavierStokes,2,32,148,lnot,1,whole process; instrumented diagnostic qjs
NavierStokes.NavierStokes,2,32,152,mul,64368169,whole process; instrumented diagnostic qjs
NavierStokes.NavierStokes,2,32,153,div,129,whole process; instrumented diagnostic qjs
NavierStokes.NavierStokes,2,32,155,add,102712750,whole process; instrumented diagnostic qjs
NavierStokes.NavierStokes,2,32,156,sub,15926529,whole process; instrumented diagnostic qjs
NavierStokes.NavierStokes,2,32,161,lt,6405465,whole process; instrumented diagnostic qjs
NavierStokes.NavierStokes,2,32,162,lte,25482470,whole process; instrumented diagnostic qjs
NavierStokes.NavierStokes,2,32,163,gt,3142978,whole process; instrumented diagnostic qjs
NavierStokes.NavierStokes,2,32,167,eq,64,whole process; instrumented diagnostic qjs
NavierStokes.NavierStokes,2,32,168,neq,3,whole process; instrumented diagnostic qjs
NavierStokes.NavierStokes,2,32,169,strict_eq,3525,whole process; instrumented diagnostic qjs
NavierStokes.NavierStokes,2,32,170,strict_neq,3,whole process; instrumented diagnostic qjs
NavierStokes.NavierStokes,2,32,173,or,3145728,whole process; instrumented diagnostic qjs
NavierStokes.NavierStokes,2,32,179,push_0,4783867,whole process; instrumented diagnostic qjs
NavierStokes.NavierStokes,2,32,180,push_1,7565734,whole process; instrumented diagnostic qjs
NavierStokes.NavierStokes,2,32,181,push_2,1737,whole process; instrumented diagnostic qjs
NavierStokes.NavierStokes,2,32,183,push_4,128,whole process; instrumented diagnostic qjs
NavierStokes.NavierStokes,2,32,184,push_5,321,whole process; instrumented diagnostic qjs
NavierStokes.NavierStokes,2,32,187,push_i8,786,whole process; instrumented diagnostic qjs
NavierStokes.NavierStokes,2,32,188,push_i16,745,whole process; instrumented diagnostic qjs
NavierStokes.NavierStokes,2,32,189,push_const8,3155780,whole process; instrumented diagnostic qjs
NavierStokes.NavierStokes,2,32,190,fclosure8,502,whole process; instrumented diagnostic qjs
NavierStokes.NavierStokes,2,32,192,get_loc8,132172564,whole process; instrumented diagnostic qjs
NavierStokes.NavierStokes,2,32,193,put_loc8,37319245,whole process; instrumented diagnostic qjs
NavierStokes.NavierStokes,2,32,194,set_loc8,56098817,whole process; instrumented diagnostic qjs
NavierStokes.NavierStokes,2,32,195,get_loc0,11704248,whole process; instrumented diagnostic qjs
NavierStokes.NavierStokes,2,32,196,get_loc1,68999154,whole process; instrumented diagnostic qjs
NavierStokes.NavierStokes,2,32,197,get_loc2,23795909,whole process; instrumented diagnostic qjs
NavierStokes.NavierStokes,2,32,198,get_loc3,23592471,whole process; instrumented diagnostic qjs
NavierStokes.NavierStokes,2,32,199,put_loc0,3650,whole process; instrumented diagnostic qjs
NavierStokes.NavierStokes,2,32,200,put_loc1,173992,whole process; instrumented diagnostic qjs
NavierStokes.NavierStokes,2,32,201,put_loc2,182049,whole process; instrumented diagnostic qjs
NavierStokes.NavierStokes,2,32,202,put_loc3,8354,whole process; instrumented diagnostic qjs
NavierStokes.NavierStokes,2,32,203,set_loc0,5,whole process; instrumented diagnostic qjs
NavierStokes.NavierStokes,2,32,204,set_loc1,20979713,whole process; instrumented diagnostic qjs
NavierStokes.NavierStokes,2,32,205,set_loc2,1,whole process; instrumented diagnostic qjs
NavierStokes.NavierStokes,2,32,206,set_loc3,1048576,whole process; instrumented diagnostic qjs
NavierStokes.NavierStokes,2,32,207,get_arg0,5843380,whole process; instrumented diagnostic qjs
NavierStokes.NavierStokes,2,32,208,get_arg1,93775272,whole process; instrumented diagnostic qjs
NavierStokes.NavierStokes,2,32,209,get_arg2,35720130,whole process; instrumented diagnostic qjs
NavierStokes.NavierStokes,2,32,210,get_arg3,24118785,whole process; instrumented diagnostic qjs
NavierStokes.NavierStokes,2,32,211,put_arg0,64,whole process; instrumented diagnostic qjs
NavierStokes.NavierStokes,2,32,212,put_arg1,64,whole process; instrumented diagnostic qjs
NavierStokes.NavierStokes,2,32,213,put_arg2,64,whole process; instrumented diagnostic qjs
NavierStokes.NavierStokes,2,32,214,put_arg3,64,whole process; instrumented diagnostic qjs
NavierStokes.NavierStokes,2,32,219,get_var_ref0,4599819,whole process; instrumented diagnostic qjs
NavierStokes.NavierStokes,2,32,220,get_var_ref1,4185922,whole process; instrumented diagnostic qjs
NavierStokes.NavierStokes,2,32,221,get_var_ref2,26038405,whole process; instrumented diagnostic qjs
NavierStokes.NavierStokes,2,32,222,get_var_ref3,113505,whole process; instrumented diagnostic qjs
NavierStokes.NavierStokes,2,32,223,put_var_ref0,5,whole process; instrumented diagnostic qjs
NavierStokes.NavierStokes,2,32,224,put_var_ref1,6,whole process; instrumented diagnostic qjs
NavierStokes.NavierStokes,2,32,225,put_var_ref2,1,whole process; instrumented diagnostic qjs
NavierStokes.NavierStokes,2,32,226,put_var_ref3,4,whole process; instrumented diagnostic qjs
NavierStokes.NavierStokes,2,32,231,get_length,1,whole process; instrumented diagnostic qjs
NavierStokes.NavierStokes,2,32,232,if_false8,33420464,whole process; instrumented diagnostic qjs
NavierStokes.NavierStokes,2,32,233,if_true8,8,whole process; instrumented diagnostic qjs
NavierStokes.NavierStokes,2,32,234,goto8,26953876,whole process; instrumented diagnostic qjs
NavierStokes.NavierStokes,2,32,235,goto16,1585152,whole process; instrumented diagnostic qjs
NavierStokes.NavierStokes,2,32,236,call0,8,whole process; instrumented diagnostic qjs
NavierStokes.NavierStokes,2,32,237,call1,70,whole process; instrumented diagnostic qjs
NavierStokes.NavierStokes,2,32,238,call2,1728,whole process; instrumented diagnostic qjs
NavierStokes.NavierStokes,2,32,239,call3,128,whole process; instrumented diagnostic qjs
NavierStokes.NavierStokes,2,32,241,is_null,2,whole process; instrumented diagnostic qjs
NavierStokes.NavierStokes,2,32,243,typeof_is_function,1,whole process; instrumented diagnostic qjs
NavierStokes.NavierStokes,3,32,1,push_i32,4,whole process; instrumented diagnostic qjs
NavierStokes.NavierStokes,3,32,4,push_atom_value,17,whole process; instrumented diagnostic qjs
NavierStokes.NavierStokes,3,32,7,null,9,whole process; instrumented diagnostic qjs
NavierStokes.NavierStokes,3,32,8,push_this,68,whole process; instrumented diagnostic qjs
NavierStokes.NavierStokes,3,32,9,push_false,3,whole process; instrumented diagnostic qjs
NavierStokes.NavierStokes,3,32,10,push_true,3,whole process; instrumented diagnostic qjs
NavierStokes.NavierStokes,3,32,11,object,4,whole process; instrumented diagnostic qjs
NavierStokes.NavierStokes,3,32,14,drop,4055,whole process; instrumented diagnostic qjs
NavierStokes.NavierStokes,3,32,17,dup,99,whole process; instrumented diagnostic qjs
NavierStokes.NavierStokes,3,32,21,insert2,19,whole process; instrumented diagnostic qjs
NavierStokes.NavierStokes,3,32,22,insert3,22243900,whole process; instrumented diagnostic qjs
NavierStokes.NavierStokes,3,32,33,call_constructor,85,whole process; instrumented diagnostic qjs
NavierStokes.NavierStokes,3,32,34,call,416,whole process; instrumented diagnostic qjs
NavierStokes.NavierStokes,3,32,36,call_method,2063,whole process; instrumented diagnostic qjs
NavierStokes.NavierStokes,3,32,37,tail_call_method,2,whole process; instrumented diagnostic qjs
NavierStokes.NavierStokes,3,32,38,array_from,3,whole process; instrumented diagnostic qjs
NavierStokes.NavierStokes,3,32,40,return,8,whole process; instrumented diagnostic qjs
NavierStokes.NavierStokes,3,32,41,return_undef,4404,whole process; instrumented diagnostic qjs
NavierStokes.NavierStokes,3,32,56,get_var,304,whole process; instrumented diagnostic qjs
NavierStokes.NavierStokes,3,32,57,put_var,78,whole process; instrumented diagnostic qjs
NavierStokes.NavierStokes,3,32,61,get_field,26,whole process; instrumented diagnostic qjs
NavierStokes.NavierStokes,3,32,62,get_field2,2165,whole process; instrumented diagnostic qjs
NavierStokes.NavierStokes,3,32,63,put_field,589,whole process; instrumented diagnostic qjs
NavierStokes.NavierStokes,3,32,67,get_array_el,105969638,whole process; instrumented diagnostic qjs
NavierStokes.NavierStokes,3,32,69,get_array_el3,3719552,whole process; instrumented diagnostic qjs
NavierStokes.NavierStokes,3,32,70,put_array_el,32679816,whole process; instrumented diagnostic qjs
NavierStokes.NavierStokes,3,32,73,define_field,24,whole process; instrumented diagnostic qjs
NavierStokes.NavierStokes,3,32,74,set_name,3,whole process; instrumented diagnostic qjs
NavierStokes.NavierStokes,3,32,88,get_arg,1573480,whole process; instrumented diagnostic qjs
NavierStokes.NavierStokes,3,32,91,get_var_ref,231048,whole process; instrumented diagnostic qjs
NavierStokes.NavierStokes,3,32,92,put_var_ref,25,whole process; instrumented diagnostic qjs
NavierStokes.NavierStokes,3,32,104,if_false,1614048,whole process; instrumented diagnostic qjs
NavierStokes.NavierStokes,3,32,138,neg,66880,whole process; instrumented diagnostic qjs
NavierStokes.NavierStokes,3,32,141,inc,74981376,whole process; instrumented diagnostic qjs
NavierStokes.NavierStokes,3,32,142,post_dec,27,whole process; instrumented diagnostic qjs
NavierStokes.NavierStokes,3,32,143,post_inc,37,whole process; instrumented diagnostic qjs
NavierStokes.NavierStokes,3,32,145,inc_loc,29748688,whole process; instrumented diagnostic qjs
NavierStokes.NavierStokes,3,32,147,not,200,whole process; instrumented diagnostic qjs
NavierStokes.NavierStokes,3,32,148,lnot,1,whole process; instrumented diagnostic qjs
NavierStokes.NavierStokes,3,32,152,mul,64368169,whole process; instrumented diagnostic qjs
NavierStokes.NavierStokes,3,32,153,div,129,whole process; instrumented diagnostic qjs
NavierStokes.NavierStokes,3,32,155,add,102712750,whole process; instrumented diagnostic qjs
NavierStokes.NavierStokes,3,32,156,sub,15926529,whole process; instrumented diagnostic qjs
NavierStokes.NavierStokes,3,32,161,lt,6405465,whole process; instrumented diagnostic qjs
NavierStokes.NavierStokes,3,32,162,lte,25482470,whole process; instrumented diagnostic qjs
NavierStokes.NavierStokes,3,32,163,gt,3142978,whole process; instrumented diagnostic qjs
NavierStokes.NavierStokes,3,32,167,eq,64,whole process; instrumented diagnostic qjs
NavierStokes.NavierStokes,3,32,168,neq,3,whole process; instrumented diagnostic qjs
NavierStokes.NavierStokes,3,32,169,strict_eq,3525,whole process; instrumented diagnostic qjs
NavierStokes.NavierStokes,3,32,170,strict_neq,3,whole process; instrumented diagnostic qjs
NavierStokes.NavierStokes,3,32,173,or,3145728,whole process; instrumented diagnostic qjs
NavierStokes.NavierStokes,3,32,179,push_0,4783867,whole process; instrumented diagnostic qjs
NavierStokes.NavierStokes,3,32,180,push_1,7565734,whole process; instrumented diagnostic qjs
NavierStokes.NavierStokes,3,32,181,push_2,1737,whole process; instrumented diagnostic qjs
NavierStokes.NavierStokes,3,32,183,push_4,128,whole process; instrumented diagnostic qjs
NavierStokes.NavierStokes,3,32,184,push_5,321,whole process; instrumented diagnostic qjs
NavierStokes.NavierStokes,3,32,187,push_i8,786,whole process; instrumented diagnostic qjs
NavierStokes.NavierStokes,3,32,188,push_i16,745,whole process; instrumented diagnostic qjs
NavierStokes.NavierStokes,3,32,189,push_const8,3155780,whole process; instrumented diagnostic qjs
NavierStokes.NavierStokes,3,32,190,fclosure8,502,whole process; instrumented diagnostic qjs
NavierStokes.NavierStokes,3,32,192,get_loc8,132172564,whole process; instrumented diagnostic qjs
NavierStokes.NavierStokes,3,32,193,put_loc8,37319245,whole process; instrumented diagnostic qjs
NavierStokes.NavierStokes,3,32,194,set_loc8,56098817,whole process; instrumented diagnostic qjs
NavierStokes.NavierStokes,3,32,195,get_loc0,11704248,whole process; instrumented diagnostic qjs
NavierStokes.NavierStokes,3,32,196,get_loc1,68999154,whole process; instrumented diagnostic qjs
NavierStokes.NavierStokes,3,32,197,get_loc2,23795909,whole process; instrumented diagnostic qjs
NavierStokes.NavierStokes,3,32,198,get_loc3,23592471,whole process; instrumented diagnostic qjs
NavierStokes.NavierStokes,3,32,199,put_loc0,3650,whole process; instrumented diagnostic qjs
NavierStokes.NavierStokes,3,32,200,put_loc1,173992,whole process; instrumented diagnostic qjs
NavierStokes.NavierStokes,3,32,201,put_loc2,182049,whole process; instrumented diagnostic qjs
NavierStokes.NavierStokes,3,32,202,put_loc3,8354,whole process; instrumented diagnostic qjs
NavierStokes.NavierStokes,3,32,203,set_loc0,5,whole process; instrumented diagnostic qjs
NavierStokes.NavierStokes,3,32,204,set_loc1,20979713,whole process; instrumented diagnostic qjs
NavierStokes.NavierStokes,3,32,205,set_loc2,1,whole process; instrumented diagnostic qjs
NavierStokes.NavierStokes,3,32,206,set_loc3,1048576,whole process; instrumented diagnostic qjs
NavierStokes.NavierStokes,3,32,207,get_arg0,5843380,whole process; instrumented diagnostic qjs
NavierStokes.NavierStokes,3,32,208,get_arg1,93775272,whole process; instrumented diagnostic qjs
NavierStokes.NavierStokes,3,32,209,get_arg2,35720130,whole process; instrumented diagnostic qjs
NavierStokes.NavierStokes,3,32,210,get_arg3,24118785,whole process; instrumented diagnostic qjs
NavierStokes.NavierStokes,3,32,211,put_arg0,64,whole process; instrumented diagnostic qjs
NavierStokes.NavierStokes,3,32,212,put_arg1,64,whole process; instrumented diagnostic qjs
NavierStokes.NavierStokes,3,32,213,put_arg2,64,whole process; instrumented diagnostic qjs
NavierStokes.NavierStokes,3,32,214,put_arg3,64,whole process; instrumented diagnostic qjs
NavierStokes.NavierStokes,3,32,219,get_var_ref0,4599819,whole process; instrumented diagnostic qjs
NavierStokes.NavierStokes,3,32,220,get_var_ref1,4185922,whole process; instrumented diagnostic qjs
NavierStokes.NavierStokes,3,32,221,get_var_ref2,26038405,whole process; instrumented diagnostic qjs
NavierStokes.NavierStokes,3,32,222,get_var_ref3,113505,whole process; instrumented diagnostic qjs
NavierStokes.NavierStokes,3,32,223,put_var_ref0,5,whole process; instrumented diagnostic qjs
NavierStokes.NavierStokes,3,32,224,put_var_ref1,6,whole process; instrumented diagnostic qjs
NavierStokes.NavierStokes,3,32,225,put_var_ref2,1,whole process; instrumented diagnostic qjs
NavierStokes.NavierStokes,3,32,226,put_var_ref3,4,whole process; instrumented diagnostic qjs
NavierStokes.NavierStokes,3,32,231,get_length,1,whole process; instrumented diagnostic qjs
NavierStokes.NavierStokes,3,32,232,if_false8,33420464,whole process; instrumented diagnostic qjs
NavierStokes.NavierStokes,3,32,233,if_true8,8,whole process; instrumented diagnostic qjs
NavierStokes.NavierStokes,3,32,234,goto8,26953876,whole process; instrumented diagnostic qjs
NavierStokes.NavierStokes,3,32,235,goto16,1585152,whole process; instrumented diagnostic qjs
NavierStokes.NavierStokes,3,32,236,call0,8,whole process; instrumented diagnostic qjs
NavierStokes.NavierStokes,3,32,237,call1,70,whole process; instrumented diagnostic qjs
NavierStokes.NavierStokes,3,32,238,call2,1728,whole process; instrumented diagnostic qjs
NavierStokes.NavierStokes,3,32,239,call3,128,whole process; instrumented diagnostic qjs
NavierStokes.NavierStokes,3,32,241,is_null,2,whole process; instrumented diagnostic qjs
NavierStokes.NavierStokes,3,32,243,typeof_is_function,1,whole process; instrumented diagnostic qjs
