benchmark,case,engine,N,status,reason,exit_code,checksum,extra_validation_calls,warmup_calls,script_sha256,command,stdout_path,stderr_path
SunSpider,bitops-bitwise-and,quickjs,1,PASS,,0,0,0,0,3d873b86ae8f7730e773bd45ad2264304d0565d160599218b57dac19843fc49d,"[""/home/mzyx/three_engine_20261004/quickjs-04be246001599f5995fa2f2d8c91a0f198d3f34c/qjs"", ""-I"", ""/mnt/c/Users/mzyx/Desktop/0921/js-interpreter-bench/experiments/three_engine_baseline/adapters/quickjs.js"", ""/mnt/c/Users/mzyx/Desktop/0921/js-interpreter-bench/experiments/three_engine_baseline/generated/SunSpider.bitops-bitwise-and.N1.correctness.js""]",probes/correctness/SunSpider_bitops-bitwise-and_N1_quickjs/stdout.txt,probes/correctness/SunSpider_bitops-bitwise-and_N1_quickjs/stderr.txt
SunSpider,bitops-bitwise-and,v8,1,PASS,,0,0,0,0,3d873b86ae8f7730e773bd45ad2264304d0565d160599218b57dac19843fc49d,"[""/home/mzyx/three_engine_20261004/v8-linux64-rel-15.6.21/d8"", ""--snapshot_blob=/home/mzyx/three_engine_20261004/v8-linux64-rel-15.6.21/snapshot_blob.bin"", ""--max-opt=0"", ""--no-lazy"", ""/mnt/c/Users/mzyx/Desktop/0921/js-interpreter-bench/experiments/three_engine_baseline/adapters/v8.js"", ""/mnt/c/Users/mzyx/Desktop/0921/js-interpreter-bench/experiments/three_engine_baseline/generated/SunSpider.bitops-bitwise-and.N1.correctness.js""]",probes/correctness/SunSpider_bitops-bitwise-and_N1_v8/stdout.txt,probes/correctness/SunSpider_bitops-bitwise-and_N1_v8/stderr.txt
SunSpider,bitops-bitwise-and,jsc,1,PASS,,0,0,0,0,3d873b86ae8f7730e773bd45ad2264304d0565d160599218b57dac19843fc49d,"[""/home/mzyx/jsc_build_fd3406f/JSCOnly/Release/bin/jsc"", ""--useJIT=false"", ""--useLLInt=true"", ""--validateOptions=true"", ""/mnt/c/Users/mzyx/Desktop/0921/js-interpreter-bench/experiments/three_engine_baseline/adapters/jsc.js"", ""/mnt/c/Users/mzyx/Desktop/0921/js-interpreter-bench/experiments/three_engine_baseline/generated/SunSpider.bitops-bitwise-and.N1.correctness.js""]",probes/correctness/SunSpider_bitops-bitwise-and_N1_jsc/stdout.txt,probes/correctness/SunSpider_bitops-bitwise-and_N1_jsc/stderr.txt
SunSpider,bitops-bitwise-and,quickjs,2,PASS,,0,0,0,0,0cdd213c53b014855518f775ba226b19011816fc43b33ca59a8f01d1a06a8103,"[""/home/mzyx/three_engine_20261004/quickjs-04be246001599f5995fa2f2d8c91a0f198d3f34c/qjs"", ""-I"", ""/mnt/c/Users/mzyx/Desktop/0921/js-interpreter-bench/experiments/three_engine_baseline/adapters/quickjs.js"", ""/mnt/c/Users/mzyx/Desktop/0921/js-interpreter-bench/experiments/three_engine_baseline/generated/SunSpider.bitops-bitwise-and.N2.correctness.js""]",probes/correctness/SunSpider_bitops-bitwise-and_N2_quickjs/stdout.txt,probes/correctness/SunSpider_bitops-bitwise-and_N2_quickjs/stderr.txt
SunSpider,bitops-bitwise-and,v8,2,PASS,,0,0,0,0,0cdd213c53b014855518f775ba226b19011816fc43b33ca59a8f01d1a06a8103,"[""/home/mzyx/three_engine_20261004/v8-linux64-rel-15.6.21/d8"", ""--snapshot_blob=/home/mzyx/three_engine_20261004/v8-linux64-rel-15.6.21/snapshot_blob.bin"", ""--max-opt=0"", ""--no-lazy"", ""/mnt/c/Users/mzyx/Desktop/0921/js-interpreter-bench/experiments/three_engine_baseline/adapters/v8.js"", ""/mnt/c/Users/mzyx/Desktop/0921/js-interpreter-bench/experiments/three_engine_baseline/generated/SunSpider.bitops-bitwise-and.N2.correctness.js""]",probes/correctness/SunSpider_bitops-bitwise-and_N2_v8/stdout.txt,probes/correctness/SunSpider_bitops-bitwise-and_N2_v8/stderr.txt
SunSpider,bitops-bitwise-and,jsc,2,PASS,,0,0,0,0,0cdd213c53b014855518f775ba226b19011816fc43b33ca59a8f01d1a06a8103,"[""/home/mzyx/jsc_build_fd3406f/JSCOnly/Release/bin/jsc"", ""--useJIT=false"", ""--useLLInt=true"", ""--validateOptions=true"", ""/mnt/c/Users/mzyx/Desktop/0921/js-interpreter-bench/experiments/three_engine_baseline/adapters/jsc.js"", ""/mnt/c/Users/mzyx/Desktop/0921/js-interpreter-bench/experiments/three_engine_baseline/generated/SunSpider.bitops-bitwise-and.N2.correctness.js""]",probes/correctness/SunSpider_bitops-bitwise-and_N2_jsc/stdout.txt,probes/correctness/SunSpider_bitops-bitwise-and_N2_jsc/stderr.txt
SunSpider,bitops-bitwise-and,quickjs,16,PASS,,0,0,0,0,7866ad7866f2dd5d89d82937f0150e187728692dc958bfa72671aa82f733ed9c,"[""/home/mzyx/three_engine_20261004/quickjs-04be246001599f5995fa2f2d8c91a0f198d3f34c/qjs"", ""-I"", ""/mnt/c/Users/mzyx/Desktop/0921/js-interpreter-bench/experiments/three_engine_baseline/adapters/quickjs.js"", ""/mnt/c/Users/mzyx/Desktop/0921/js-interpreter-bench/experiments/three_engine_baseline/generated/SunSpider.bitops-bitwise-and.N16.correctness.js""]",probes/correctness/SunSpider_bitops-bitwise-and_N16_quickjs/stdout.txt,probes/correctness/SunSpider_bitops-bitwise-and_N16_quickjs/stderr.txt
SunSpider,bitops-bitwise-and,v8,16,PASS,,0,0,0,0,7866ad7866f2dd5d89d82937f0150e187728692dc958bfa72671aa82f733ed9c,"[""/home/mzyx/three_engine_20261004/v8-linux64-rel-15.6.21/d8"", ""--snapshot_blob=/home/mzyx/three_engine_20261004/v8-linux64-rel-15.6.21/snapshot_blob.bin"", ""--max-opt=0"", ""--no-lazy"", ""/mnt/c/Users/mzyx/Desktop/0921/js-interpreter-bench/experiments/three_engine_baseline/adapters/v8.js"", ""/mnt/c/Users/mzyx/Desktop/0921/js-interpreter-bench/experiments/three_engine_baseline/generated/SunSpider.bitops-bitwise-and.N16.correctness.js""]",probes/correctness/SunSpider_bitops-bitwise-and_N16_v8/stdout.txt,probes/correctness/SunSpider_bitops-bitwise-and_N16_v8/stderr.txt
SunSpider,bitops-bitwise-and,jsc,16,PASS,,0,0,0,0,7866ad7866f2dd5d89d82937f0150e187728692dc958bfa72671aa82f733ed9c,"[""/home/mzyx/jsc_build_fd3406f/JSCOnly/Release/bin/jsc"", ""--useJIT=false"", ""--useLLInt=true"", ""--validateOptions=true"", ""/mnt/c/Users/mzyx/Desktop/0921/js-interpreter-bench/experiments/three_engine_baseline/adapters/jsc.js"", ""/mnt/c/Users/mzyx/Desktop/0921/js-interpreter-bench/experiments/three_engine_baseline/generated/SunSpider.bitops-bitwise-and.N16.correctness.js""]",probes/correctness/SunSpider_bitops-bitwise-and_N16_jsc/stdout.txt,probes/correctness/SunSpider_bitops-bitwise-and_N16_jsc/stderr.txt
SunSpider,controlflow-recursive,quickjs,1,PASS,,0,57775,0,0,946fcc64999b92ee27ba519546fd8b4a5d3eb251a5ae308f1cc4c983e63fc697,"[""/home/mzyx/three_engine_20261004/quickjs-04be246001599f5995fa2f2d8c91a0f198d3f34c/qjs"", ""-I"", ""/mnt/c/Users/mzyx/Desktop/0921/js-interpreter-bench/experiments/three_engine_baseline/adapters/quickjs.js"", ""/mnt/c/Users/mzyx/Desktop/0921/js-interpreter-bench/experiments/three_engine_baseline/generated/SunSpider.controlflow-recursive.N1.correctness.js""]",probes/correctness/SunSpider_controlflow-recursive_N1_quickjs/stdout.txt,probes/correctness/SunSpider_controlflow-recursive_N1_quickjs/stderr.txt
SunSpider,controlflow-recursive,v8,1,PASS,,0,57775,0,0,946fcc64999b92ee27ba519546fd8b4a5d3eb251a5ae308f1cc4c983e63fc697,"[""/home/mzyx/three_engine_20261004/v8-linux64-rel-15.6.21/d8"", ""--snapshot_blob=/home/mzyx/three_engine_20261004/v8-linux64-rel-15.6.21/snapshot_blob.bin"", ""--max-opt=0"", ""--no-lazy"", ""/mnt/c/Users/mzyx/Desktop/0921/js-interpreter-bench/experiments/three_engine_baseline/adapters/v8.js"", ""/mnt/c/Users/mzyx/Desktop/0921/js-interpreter-bench/experiments/three_engine_baseline/generated/SunSpider.controlflow-recursive.N1.correctness.js""]",probes/correctness/SunSpider_controlflow-recursive_N1_v8/stdout.txt,probes/correctness/SunSpider_controlflow-recursive_N1_v8/stderr.txt
SunSpider,controlflow-recursive,jsc,1,PASS,,0,57775,0,0,946fcc64999b92ee27ba519546fd8b4a5d3eb251a5ae308f1cc4c983e63fc697,"[""/home/mzyx/jsc_build_fd3406f/JSCOnly/Release/bin/jsc"", ""--useJIT=false"", ""--useLLInt=true"", ""--validateOptions=true"", ""/mnt/c/Users/mzyx/Desktop/0921/js-interpreter-bench/experiments/three_engine_baseline/adapters/jsc.js"", ""/mnt/c/Users/mzyx/Desktop/0921/js-interpreter-bench/experiments/three_engine_baseline/generated/SunSpider.controlflow-recursive.N1.correctness.js""]",probes/correctness/SunSpider_controlflow-recursive_N1_jsc/stdout.txt,probes/correctness/SunSpider_controlflow-recursive_N1_jsc/stderr.txt
SunSpider,controlflow-recursive,quickjs,2,PASS,,0,57775,0,0,1c1b39319617d862b239f922846d3947fa10fddb6d06846c961c697a32f57062,"[""/home/mzyx/three_engine_20261004/quickjs-04be246001599f5995fa2f2d8c91a0f198d3f34c/qjs"", ""-I"", ""/mnt/c/Users/mzyx/Desktop/0921/js-interpreter-bench/experiments/three_engine_baseline/adapters/quickjs.js"", ""/mnt/c/Users/mzyx/Desktop/0921/js-interpreter-bench/experiments/three_engine_baseline/generated/SunSpider.controlflow-recursive.N2.correctness.js""]",probes/correctness/SunSpider_controlflow-recursive_N2_quickjs/stdout.txt,probes/correctness/SunSpider_controlflow-recursive_N2_quickjs/stderr.txt
SunSpider,controlflow-recursive,v8,2,PASS,,0,57775,0,0,1c1b39319617d862b239f922846d3947fa10fddb6d06846c961c697a32f57062,"[""/home/mzyx/three_engine_20261004/v8-linux64-rel-15.6.21/d8"", ""--snapshot_blob=/home/mzyx/three_engine_20261004/v8-linux64-rel-15.6.21/snapshot_blob.bin"", ""--max-opt=0"", ""--no-lazy"", ""/mnt/c/Users/mzyx/Desktop/0921/js-interpreter-bench/experiments/three_engine_baseline/adapters/v8.js"", ""/mnt/c/Users/mzyx/Desktop/0921/js-interpreter-bench/experiments/three_engine_baseline/generated/SunSpider.controlflow-recursive.N2.correctness.js""]",probes/correctness/SunSpider_controlflow-recursive_N2_v8/stdout.txt,probes/correctness/SunSpider_controlflow-recursive_N2_v8/stderr.txt
SunSpider,controlflow-recursive,jsc,2,PASS,,0,57775,0,0,1c1b39319617d862b239f922846d3947fa10fddb6d06846c961c697a32f57062,"[""/home/mzyx/jsc_build_fd3406f/JSCOnly/Release/bin/jsc"", ""--useJIT=false"", ""--useLLInt=true"", ""--validateOptions=true"", ""/mnt/c/Users/mzyx/Desktop/0921/js-interpreter-bench/experiments/three_engine_baseline/adapters/jsc.js"", ""/mnt/c/Users/mzyx/Desktop/0921/js-interpreter-bench/experiments/three_engine_baseline/generated/SunSpider.controlflow-recursive.N2.correctness.js""]",probes/correctness/SunSpider_controlflow-recursive_N2_jsc/stdout.txt,probes/correctness/SunSpider_controlflow-recursive_N2_jsc/stderr.txt
SunSpider,controlflow-recursive,quickjs,16,PASS,,0,57775,0,0,9988fee8b51f68deec4a253a5fddb016f71c899706fc3b3a7a800a3b7f7a7d29,"[""/home/mzyx/three_engine_20261004/quickjs-04be246001599f5995fa2f2d8c91a0f198d3f34c/qjs"", ""-I"", ""/mnt/c/Users/mzyx/Desktop/0921/js-interpreter-bench/experiments/three_engine_baseline/adapters/quickjs.js"", ""/mnt/c/Users/mzyx/Desktop/0921/js-interpreter-bench/experiments/three_engine_baseline/generated/SunSpider.controlflow-recursive.N16.correctness.js""]",probes/correctness/SunSpider_controlflow-recursive_N16_quickjs/stdout.txt,probes/correctness/SunSpider_controlflow-recursive_N16_quickjs/stderr.txt
SunSpider,controlflow-recursive,v8,16,PASS,,0,57775,0,0,9988fee8b51f68deec4a253a5fddb016f71c899706fc3b3a7a800a3b7f7a7d29,"[""/home/mzyx/three_engine_20261004/v8-linux64-rel-15.6.21/d8"", ""--snapshot_blob=/home/mzyx/three_engine_20261004/v8-linux64-rel-15.6.21/snapshot_blob.bin"", ""--max-opt=0"", ""--no-lazy"", ""/mnt/c/Users/mzyx/Desktop/0921/js-interpreter-bench/experiments/three_engine_baseline/adapters/v8.js"", ""/mnt/c/Users/mzyx/Desktop/0921/js-interpreter-bench/experiments/three_engine_baseline/generated/SunSpider.controlflow-recursive.N16.correctness.js""]",probes/correctness/SunSpider_controlflow-recursive_N16_v8/stdout.txt,probes/correctness/SunSpider_controlflow-recursive_N16_v8/stderr.txt
SunSpider,controlflow-recursive,jsc,16,PASS,,0,57775,0,0,9988fee8b51f68deec4a253a5fddb016f71c899706fc3b3a7a800a3b7f7a7d29,"[""/home/mzyx/jsc_build_fd3406f/JSCOnly/Release/bin/jsc"", ""--useJIT=false"", ""--useLLInt=true"", ""--validateOptions=true"", ""/mnt/c/Users/mzyx/Desktop/0921/js-interpreter-bench/experiments/three_engine_baseline/adapters/jsc.js"", ""/mnt/c/Users/mzyx/Desktop/0921/js-interpreter-bench/experiments/three_engine_baseline/generated/SunSpider.controlflow-recursive.N16.correctness.js""]",probes/correctness/SunSpider_controlflow-recursive_N16_jsc/stdout.txt,probes/correctness/SunSpider_controlflow-recursive_N16_jsc/stderr.txt
SunSpider,regexp-dna,quickjs,1,PASS,,0,249:300056,0,0,3cba9c9261ecb177ed5dd8504cb339971fd7743fbe972104d45a17912f159182,"[""/home/mzyx/three_engine_20261004/quickjs-04be246001599f5995fa2f2d8c91a0f198d3f34c/qjs"", ""-I"", ""/mnt/c/Users/mzyx/Desktop/0921/js-interpreter-bench/experiments/three_engine_baseline/adapters/quickjs.js"", ""/mnt/c/Users/mzyx/Desktop/0921/js-interpreter-bench/experiments/three_engine_baseline/generated/SunSpider.regexp-dna.N1.correctness.js""]",probes/correctness/SunSpider_regexp-dna_N1_quickjs/stdout.txt,probes/correctness/SunSpider_regexp-dna_N1_quickjs/stderr.txt
SunSpider,regexp-dna,v8,1,PASS,,0,249:300056,0,0,3cba9c9261ecb177ed5dd8504cb339971fd7743fbe972104d45a17912f159182,"[""/home/mzyx/three_engine_20261004/v8-linux64-rel-15.6.21/d8"", ""--snapshot_blob=/home/mzyx/three_engine_20261004/v8-linux64-rel-15.6.21/snapshot_blob.bin"", ""--max-opt=0"", ""--no-lazy"", ""/mnt/c/Users/mzyx/Desktop/0921/js-interpreter-bench/experiments/three_engine_baseline/adapters/v8.js"", ""/mnt/c/Users/mzyx/Desktop/0921/js-interpreter-bench/experiments/three_engine_baseline/generated/SunSpider.regexp-dna.N1.correctness.js""]",probes/correctness/SunSpider_regexp-dna_N1_v8/stdout.txt,probes/correctness/SunSpider_regexp-dna_N1_v8/stderr.txt
SunSpider,regexp-dna,jsc,1,PASS,,0,249:300056,0,0,3cba9c9261ecb177ed5dd8504cb339971fd7743fbe972104d45a17912f159182,"[""/home/mzyx/jsc_build_fd3406f/JSCOnly/Release/bin/jsc"", ""--useJIT=false"", ""--useLLInt=true"", ""--validateOptions=true"", ""/mnt/c/Users/mzyx/Desktop/0921/js-interpreter-bench/experiments/three_engine_baseline/adapters/jsc.js"", ""/mnt/c/Users/mzyx/Desktop/0921/js-interpreter-bench/experiments/three_engine_baseline/generated/SunSpider.regexp-dna.N1.correctness.js""]",probes/correctness/SunSpider_regexp-dna_N1_jsc/stdout.txt,probes/correctness/SunSpider_regexp-dna_N1_jsc/stderr.txt
SunSpider,regexp-dna,quickjs,2,PASS,,0,249:300056,0,0,b434e5a6c0e428ce44813edf0914ee7db4087844ebb14ca65d2e9ad11dbb723d,"[""/home/mzyx/three_engine_20261004/quickjs-04be246001599f5995fa2f2d8c91a0f198d3f34c/qjs"", ""-I"", ""/mnt/c/Users/mzyx/Desktop/0921/js-interpreter-bench/experiments/three_engine_baseline/adapters/quickjs.js"", ""/mnt/c/Users/mzyx/Desktop/0921/js-interpreter-bench/experiments/three_engine_baseline/generated/SunSpider.regexp-dna.N2.correctness.js""]",probes/correctness/SunSpider_regexp-dna_N2_quickjs/stdout.txt,probes/correctness/SunSpider_regexp-dna_N2_quickjs/stderr.txt
SunSpider,regexp-dna,v8,2,PASS,,0,249:300056,0,0,b434e5a6c0e428ce44813edf0914ee7db4087844ebb14ca65d2e9ad11dbb723d,"[""/home/mzyx/three_engine_20261004/v8-linux64-rel-15.6.21/d8"", ""--snapshot_blob=/home/mzyx/three_engine_20261004/v8-linux64-rel-15.6.21/snapshot_blob.bin"", ""--max-opt=0"", ""--no-lazy"", ""/mnt/c/Users/mzyx/Desktop/0921/js-interpreter-bench/experiments/three_engine_baseline/adapters/v8.js"", ""/mnt/c/Users/mzyx/Desktop/0921/js-interpreter-bench/experiments/three_engine_baseline/generated/SunSpider.regexp-dna.N2.correctness.js""]",probes/correctness/SunSpider_regexp-dna_N2_v8/stdout.txt,probes/correctness/SunSpider_regexp-dna_N2_v8/stderr.txt
SunSpider,regexp-dna,jsc,2,PASS,,0,249:300056,0,0,b434e5a6c0e428ce44813edf0914ee7db4087844ebb14ca65d2e9ad11dbb723d,"[""/home/mzyx/jsc_build_fd3406f/JSCOnly/Release/bin/jsc"", ""--useJIT=false"", ""--useLLInt=true"", ""--validateOptions=true"", ""/mnt/c/Users/mzyx/Desktop/0921/js-interpreter-bench/experiments/three_engine_baseline/adapters/jsc.js"", ""/mnt/c/Users/mzyx/Desktop/0921/js-interpreter-bench/experiments/three_engine_baseline/generated/SunSpider.regexp-dna.N2.correctness.js""]",probes/correctness/SunSpider_regexp-dna_N2_jsc/stdout.txt,probes/correctness/SunSpider_regexp-dna_N2_jsc/stderr.txt
SunSpider,regexp-dna,quickjs,16,PASS,,0,249:300056,0,0,97d4cfd13ef251b1867115ad66d975cbef31efa1280a56bd06983e7f914549f3,"[""/home/mzyx/three_engine_20261004/quickjs-04be246001599f5995fa2f2d8c91a0f198d3f34c/qjs"", ""-I"", ""/mnt/c/Users/mzyx/Desktop/0921/js-interpreter-bench/experiments/three_engine_baseline/adapters/quickjs.js"", ""/mnt/c/Users/mzyx/Desktop/0921/js-interpreter-bench/experiments/three_engine_baseline/generated/SunSpider.regexp-dna.N16.correctness.js""]",probes/correctness/SunSpider_regexp-dna_N16_quickjs/stdout.txt,probes/correctness/SunSpider_regexp-dna_N16_quickjs/stderr.txt
SunSpider,regexp-dna,v8,16,PASS,,0,249:300056,0,0,97d4cfd13ef251b1867115ad66d975cbef31efa1280a56bd06983e7f914549f3,"[""/home/mzyx/three_engine_20261004/v8-linux64-rel-15.6.21/d8"", ""--snapshot_blob=/home/mzyx/three_engine_20261004/v8-linux64-rel-15.6.21/snapshot_blob.bin"", ""--max-opt=0"", ""--no-lazy"", ""/mnt/c/Users/mzyx/Desktop/0921/js-interpreter-bench/experiments/three_engine_baseline/adapters/v8.js"", ""/mnt/c/Users/mzyx/Desktop/0921/js-interpreter-bench/experiments/three_engine_baseline/generated/SunSpider.regexp-dna.N16.correctness.js""]",probes/correctness/SunSpider_regexp-dna_N16_v8/stdout.txt,probes/correctness/SunSpider_regexp-dna_N16_v8/stderr.txt
SunSpider,regexp-dna,jsc,16,PASS,,0,249:300056,0,0,97d4cfd13ef251b1867115ad66d975cbef31efa1280a56bd06983e7f914549f3,"[""/home/mzyx/jsc_build_fd3406f/JSCOnly/Release/bin/jsc"", ""--useJIT=false"", ""--useLLInt=true"", ""--validateOptions=true"", ""/mnt/c/Users/mzyx/Desktop/0921/js-interpreter-bench/experiments/three_engine_baseline/adapters/jsc.js"", ""/mnt/c/Users/mzyx/Desktop/0921/js-interpreter-bench/experiments/three_engine_baseline/generated/SunSpider.regexp-dna.N16.correctness.js""]",probes/correctness/SunSpider_regexp-dna_N16_jsc/stdout.txt,probes/correctness/SunSpider_regexp-dna_N16_jsc/stderr.txt
SunSpider,string-unpack-code,quickjs,1,PASS,,0,511508,0,0,65f32dcc1cd70cf9a88d0b07806324ea2594af93da8fdb81e61344e82562c5ca,"[""/home/mzyx/three_engine_20261004/quickjs-04be246001599f5995fa2f2d8c91a0f198d3f34c/qjs"", ""-I"", ""/mnt/c/Users/mzyx/Desktop/0921/js-interpreter-bench/experiments/three_engine_baseline/adapters/quickjs.js"", ""/mnt/c/Users/mzyx/Desktop/0921/js-interpreter-bench/experiments/three_engine_baseline/generated/SunSpider.string-unpack-code.N1.correctness.js""]",probes/correctness/SunSpider_string-unpack-code_N1_quickjs/stdout.txt,probes/correctness/SunSpider_string-unpack-code_N1_quickjs/stderr.txt
SunSpider,string-unpack-code,v8,1,PASS,,0,511508,0,0,65f32dcc1cd70cf9a88d0b07806324ea2594af93da8fdb81e61344e82562c5ca,"[""/home/mzyx/three_engine_20261004/v8-linux64-rel-15.6.21/d8"", ""--snapshot_blob=/home/mzyx/three_engine_20261004/v8-linux64-rel-15.6.21/snapshot_blob.bin"", ""--max-opt=0"", ""--no-lazy"", ""/mnt/c/Users/mzyx/Desktop/0921/js-interpreter-bench/experiments/three_engine_baseline/adapters/v8.js"", ""/mnt/c/Users/mzyx/Desktop/0921/js-interpreter-bench/experiments/three_engine_baseline/generated/SunSpider.string-unpack-code.N1.correctness.js""]",probes/correctness/SunSpider_string-unpack-code_N1_v8/stdout.txt,probes/correctness/SunSpider_string-unpack-code_N1_v8/stderr.txt
SunSpider,string-unpack-code,jsc,1,PASS,,0,511508,0,0,65f32dcc1cd70cf9a88d0b07806324ea2594af93da8fdb81e61344e82562c5ca,"[""/home/mzyx/jsc_build_fd3406f/JSCOnly/Release/bin/jsc"", ""--useJIT=false"", ""--useLLInt=true"", ""--validateOptions=true"", ""/mnt/c/Users/mzyx/Desktop/0921/js-interpreter-bench/experiments/three_engine_baseline/adapters/jsc.js"", ""/mnt/c/Users/mzyx/Desktop/0921/js-interpreter-bench/experiments/three_engine_baseline/generated/SunSpider.string-unpack-code.N1.correctness.js""]",probes/correctness/SunSpider_string-unpack-code_N1_jsc/stdout.txt,probes/correctness/SunSpider_string-unpack-code_N1_jsc/stderr.txt
SunSpider,string-unpack-code,quickjs,2,PASS,,0,511508,0,0,c196d3728bce8a1ff67646240706eb15ad2e920e778fd842ea6b4da64838d23e,"[""/home/mzyx/three_engine_20261004/quickjs-04be246001599f5995fa2f2d8c91a0f198d3f34c/qjs"", ""-I"", ""/mnt/c/Users/mzyx/Desktop/0921/js-interpreter-bench/experiments/three_engine_baseline/adapters/quickjs.js"", ""/mnt/c/Users/mzyx/Desktop/0921/js-interpreter-bench/experiments/three_engine_baseline/generated/SunSpider.string-unpack-code.N2.correctness.js""]",probes/correctness/SunSpider_string-unpack-code_N2_quickjs/stdout.txt,probes/correctness/SunSpider_string-unpack-code_N2_quickjs/stderr.txt
SunSpider,string-unpack-code,v8,2,PASS,,0,511508,0,0,c196d3728bce8a1ff67646240706eb15ad2e920e778fd842ea6b4da64838d23e,"[""/home/mzyx/three_engine_20261004/v8-linux64-rel-15.6.21/d8"", ""--snapshot_blob=/home/mzyx/three_engine_20261004/v8-linux64-rel-15.6.21/snapshot_blob.bin"", ""--max-opt=0"", ""--no-lazy"", ""/mnt/c/Users/mzyx/Desktop/0921/js-interpreter-bench/experiments/three_engine_baseline/adapters/v8.js"", ""/mnt/c/Users/mzyx/Desktop/0921/js-interpreter-bench/experiments/three_engine_baseline/generated/SunSpider.string-unpack-code.N2.correctness.js""]",probes/correctness/SunSpider_string-unpack-code_N2_v8/stdout.txt,probes/correctness/SunSpider_string-unpack-code_N2_v8/stderr.txt
SunSpider,string-unpack-code,jsc,2,PASS,,0,511508,0,0,c196d3728bce8a1ff67646240706eb15ad2e920e778fd842ea6b4da64838d23e,"[""/home/mzyx/jsc_build_fd3406f/JSCOnly/Release/bin/jsc"", ""--useJIT=false"", ""--useLLInt=true"", ""--validateOptions=true"", ""/mnt/c/Users/mzyx/Desktop/0921/js-interpreter-bench/experiments/three_engine_baseline/adapters/jsc.js"", ""/mnt/c/Users/mzyx/Desktop/0921/js-interpreter-bench/experiments/three_engine_baseline/generated/SunSpider.string-unpack-code.N2.correctness.js""]",probes/correctness/SunSpider_string-unpack-code_N2_jsc/stdout.txt,probes/correctness/SunSpider_string-unpack-code_N2_jsc/stderr.txt
SunSpider,string-unpack-code,quickjs,16,PASS,,0,511508,0,0,b4d79095ca723afe9e8f3344061645389f50a16ee07f8d47b7c2fbc78fe737be,"[""/home/mzyx/three_engine_20261004/quickjs-04be246001599f5995fa2f2d8c91a0f198d3f34c/qjs"", ""-I"", ""/mnt/c/Users/mzyx/Desktop/0921/js-interpreter-bench/experiments/three_engine_baseline/adapters/quickjs.js"", ""/mnt/c/Users/mzyx/Desktop/0921/js-interpreter-bench/experiments/three_engine_baseline/generated/SunSpider.string-unpack-code.N16.correctness.js""]",probes/correctness/SunSpider_string-unpack-code_N16_quickjs/stdout.txt,probes/correctness/SunSpider_string-unpack-code_N16_quickjs/stderr.txt
SunSpider,string-unpack-code,v8,16,PASS,,0,511508,0,0,b4d79095ca723afe9e8f3344061645389f50a16ee07f8d47b7c2fbc78fe737be,"[""/home/mzyx/three_engine_20261004/v8-linux64-rel-15.6.21/d8"", ""--snapshot_blob=/home/mzyx/three_engine_20261004/v8-linux64-rel-15.6.21/snapshot_blob.bin"", ""--max-opt=0"", ""--no-lazy"", ""/mnt/c/Users/mzyx/Desktop/0921/js-interpreter-bench/experiments/three_engine_baseline/adapters/v8.js"", ""/mnt/c/Users/mzyx/Desktop/0921/js-interpreter-bench/experiments/three_engine_baseline/generated/SunSpider.string-unpack-code.N16.correctness.js""]",probes/correctness/SunSpider_string-unpack-code_N16_v8/stdout.txt,probes/correctness/SunSpider_string-unpack-code_N16_v8/stderr.txt
SunSpider,string-unpack-code,jsc,16,PASS,,0,511508,0,0,b4d79095ca723afe9e8f3344061645389f50a16ee07f8d47b7c2fbc78fe737be,"[""/home/mzyx/jsc_build_fd3406f/JSCOnly/Release/bin/jsc"", ""--useJIT=false"", ""--useLLInt=true"", ""--validateOptions=true"", ""/mnt/c/Users/mzyx/Desktop/0921/js-interpreter-bench/experiments/three_engine_baseline/adapters/jsc.js"", ""/mnt/c/Users/mzyx/Desktop/0921/js-interpreter-bench/experiments/three_engine_baseline/generated/SunSpider.string-unpack-code.N16.correctness.js""]",probes/correctness/SunSpider_string-unpack-code_N16_jsc/stdout.txt,probes/correctness/SunSpider_string-unpack-code_N16_jsc/stderr.txt
Octane,Richards,quickjs,1,PASS,,0,,0,0,e4aba304cf6450989a59f6025d95230924bbf7c695c46bd75e238a91e959ca0b,"[""/home/mzyx/three_engine_20261004/quickjs-04be246001599f5995fa2f2d8c91a0f198d3f34c/qjs"", ""-I"", ""/mnt/c/Users/mzyx/Desktop/0921/js-interpreter-bench/experiments/three_engine_baseline/adapters/quickjs.js"", ""/mnt/c/Users/mzyx/Desktop/0921/js-interpreter-bench/experiments/three_engine_baseline/generated/Octane.Richards.N1.correctness.js""]",probes/correctness/Octane_Richards_N1_quickjs/stdout.txt,probes/correctness/Octane_Richards_N1_quickjs/stderr.txt
Octane,Richards,v8,1,PASS,,0,,0,0,e4aba304cf6450989a59f6025d95230924bbf7c695c46bd75e238a91e959ca0b,"[""/home/mzyx/three_engine_20261004/v8-linux64-rel-15.6.21/d8"", ""--snapshot_blob=/home/mzyx/three_engine_20261004/v8-linux64-rel-15.6.21/snapshot_blob.bin"", ""--max-opt=0"", ""--no-lazy"", ""/mnt/c/Users/mzyx/Desktop/0921/js-interpreter-bench/experiments/three_engine_baseline/adapters/v8.js"", ""/mnt/c/Users/mzyx/Desktop/0921/js-interpreter-bench/experiments/three_engine_baseline/generated/Octane.Richards.N1.correctness.js""]",probes/correctness/Octane_Richards_N1_v8/stdout.txt,probes/correctness/Octane_Richards_N1_v8/stderr.txt
Octane,Richards,jsc,1,PASS,,0,,0,0,e4aba304cf6450989a59f6025d95230924bbf7c695c46bd75e238a91e959ca0b,"[""/home/mzyx/jsc_build_fd3406f/JSCOnly/Release/bin/jsc"", ""--useJIT=false"", ""--useLLInt=true"", ""--validateOptions=true"", ""/mnt/c/Users/mzyx/Desktop/0921/js-interpreter-bench/experiments/three_engine_baseline/adapters/jsc.js"", ""/mnt/c/Users/mzyx/Desktop/0921/js-interpreter-bench/experiments/three_engine_baseline/generated/Octane.Richards.N1.correctness.js""]",probes/correctness/Octane_Richards_N1_jsc/stdout.txt,probes/correctness/Octane_Richards_N1_jsc/stderr.txt
Octane,Richards,quickjs,2,PASS,,0,,0,0,8e9ef2ef64e4b60f7bee11c10416f5837a58dfe7598983ab44428971fdc2d88b,"[""/home/mzyx/three_engine_20261004/quickjs-04be246001599f5995fa2f2d8c91a0f198d3f34c/qjs"", ""-I"", ""/mnt/c/Users/mzyx/Desktop/0921/js-interpreter-bench/experiments/three_engine_baseline/adapters/quickjs.js"", ""/mnt/c/Users/mzyx/Desktop/0921/js-interpreter-bench/experiments/three_engine_baseline/generated/Octane.Richards.N2.correctness.js""]",probes/correctness/Octane_Richards_N2_quickjs/stdout.txt,probes/correctness/Octane_Richards_N2_quickjs/stderr.txt
Octane,Richards,v8,2,PASS,,0,,0,0,8e9ef2ef64e4b60f7bee11c10416f5837a58dfe7598983ab44428971fdc2d88b,"[""/home/mzyx/three_engine_20261004/v8-linux64-rel-15.6.21/d8"", ""--snapshot_blob=/home/mzyx/three_engine_20261004/v8-linux64-rel-15.6.21/snapshot_blob.bin"", ""--max-opt=0"", ""--no-lazy"", ""/mnt/c/Users/mzyx/Desktop/0921/js-interpreter-bench/experiments/three_engine_baseline/adapters/v8.js"", ""/mnt/c/Users/mzyx/Desktop/0921/js-interpreter-bench/experiments/three_engine_baseline/generated/Octane.Richards.N2.correctness.js""]",probes/correctness/Octane_Richards_N2_v8/stdout.txt,probes/correctness/Octane_Richards_N2_v8/stderr.txt
Octane,Richards,jsc,2,PASS,,0,,0,0,8e9ef2ef64e4b60f7bee11c10416f5837a58dfe7598983ab44428971fdc2d88b,"[""/home/mzyx/jsc_build_fd3406f/JSCOnly/Release/bin/jsc"", ""--useJIT=false"", ""--useLLInt=true"", ""--validateOptions=true"", ""/mnt/c/Users/mzyx/Desktop/0921/js-interpreter-bench/experiments/three_engine_baseline/adapters/jsc.js"", ""/mnt/c/Users/mzyx/Desktop/0921/js-interpreter-bench/experiments/three_engine_baseline/generated/Octane.Richards.N2.correctness.js""]",probes/correctness/Octane_Richards_N2_jsc/stdout.txt,probes/correctness/Octane_Richards_N2_jsc/stderr.txt
Octane,Richards,quickjs,16,PASS,,0,,0,0,baa7c02eaa96c5b22e917983bcdaf2ecc87d6e521f4a3a12033c00dcd679f1e6,"[""/home/mzyx/three_engine_20261004/quickjs-04be246001599f5995fa2f2d8c91a0f198d3f34c/qjs"", ""-I"", ""/mnt/c/Users/mzyx/Desktop/0921/js-interpreter-bench/experiments/three_engine_baseline/adapters/quickjs.js"", ""/mnt/c/Users/mzyx/Desktop/0921/js-interpreter-bench/experiments/three_engine_baseline/generated/Octane.Richards.N16.correctness.js""]",probes/correctness/Octane_Richards_N16_quickjs/stdout.txt,probes/correctness/Octane_Richards_N16_quickjs/stderr.txt
Octane,Richards,v8,16,PASS,,0,,0,0,baa7c02eaa96c5b22e917983bcdaf2ecc87d6e521f4a3a12033c00dcd679f1e6,"[""/home/mzyx/three_engine_20261004/v8-linux64-rel-15.6.21/d8"", ""--snapshot_blob=/home/mzyx/three_engine_20261004/v8-linux64-rel-15.6.21/snapshot_blob.bin"", ""--max-opt=0"", ""--no-lazy"", ""/mnt/c/Users/mzyx/Desktop/0921/js-interpreter-bench/experiments/three_engine_baseline/adapters/v8.js"", ""/mnt/c/Users/mzyx/Desktop/0921/js-interpreter-bench/experiments/three_engine_baseline/generated/Octane.Richards.N16.correctness.js""]",probes/correctness/Octane_Richards_N16_v8/stdout.txt,probes/correctness/Octane_Richards_N16_v8/stderr.txt
Octane,Richards,jsc,16,PASS,,0,,0,0,baa7c02eaa96c5b22e917983bcdaf2ecc87d6e521f4a3a12033c00dcd679f1e6,"[""/home/mzyx/jsc_build_fd3406f/JSCOnly/Release/bin/jsc"", ""--useJIT=false"", ""--useLLInt=true"", ""--validateOptions=true"", ""/mnt/c/Users/mzyx/Desktop/0921/js-interpreter-bench/experiments/three_engine_baseline/adapters/jsc.js"", ""/mnt/c/Users/mzyx/Desktop/0921/js-interpreter-bench/experiments/three_engine_baseline/generated/Octane.Richards.N16.correctness.js""]",probes/correctness/Octane_Richards_N16_jsc/stdout.txt,probes/correctness/Octane_Richards_N16_jsc/stderr.txt
Octane,NavierStokes,quickjs,1,PASS,,0,,14,0,f2842202761b3d94b9524ed5d7cf827e1cc27a96966507fbd60ea2b68955afaa,"[""/home/mzyx/three_engine_20261004/quickjs-04be246001599f5995fa2f2d8c91a0f198d3f34c/qjs"", ""-I"", ""/mnt/c/Users/mzyx/Desktop/0921/js-interpreter-bench/experiments/three_engine_baseline/adapters/quickjs.js"", ""/mnt/c/Users/mzyx/Desktop/0921/js-interpreter-bench/experiments/three_engine_baseline/generated/Octane.NavierStokes.N1.correctness.js""]",probes/correctness/Octane_NavierStokes_N1_quickjs/stdout.txt,probes/correctness/Octane_NavierStokes_N1_quickjs/stderr.txt
Octane,NavierStokes,v8,1,PASS,,0,,14,0,f2842202761b3d94b9524ed5d7cf827e1cc27a96966507fbd60ea2b68955afaa,"[""/home/mzyx/three_engine_20261004/v8-linux64-rel-15.6.21/d8"", ""--snapshot_blob=/home/mzyx/three_engine_20261004/v8-linux64-rel-15.6.21/snapshot_blob.bin"", ""--max-opt=0"", ""--no-lazy"", ""/mnt/c/Users/mzyx/Desktop/0921/js-interpreter-bench/experiments/three_engine_baseline/adapters/v8.js"", ""/mnt/c/Users/mzyx/Desktop/0921/js-interpreter-bench/experiments/three_engine_baseline/generated/Octane.NavierStokes.N1.correctness.js""]",probes/correctness/Octane_NavierStokes_N1_v8/stdout.txt,probes/correctness/Octane_NavierStokes_N1_v8/stderr.txt
Octane,NavierStokes,jsc,1,PASS,,0,,14,0,f2842202761b3d94b9524ed5d7cf827e1cc27a96966507fbd60ea2b68955afaa,"[""/home/mzyx/jsc_build_fd3406f/JSCOnly/Release/bin/jsc"", ""--useJIT=false"", ""--useLLInt=true"", ""--validateOptions=true"", ""/mnt/c/Users/mzyx/Desktop/0921/js-interpreter-bench/experiments/three_engine_baseline/adapters/jsc.js"", ""/mnt/c/Users/mzyx/Desktop/0921/js-interpreter-bench/experiments/three_engine_baseline/generated/Octane.NavierStokes.N1.correctness.js""]",probes/correctness/Octane_NavierStokes_N1_jsc/stdout.txt,probes/correctness/Octane_NavierStokes_N1_jsc/stderr.txt
Octane,NavierStokes,quickjs,2,PASS,,0,,13,0,55fb9e70b0964e74cb4d2082ca8eafac7b3c1d4433412bba48db8e8c40edb3bd,"[""/home/mzyx/three_engine_20261004/quickjs-04be246001599f5995fa2f2d8c91a0f198d3f34c/qjs"", ""-I"", ""/mnt/c/Users/mzyx/Desktop/0921/js-interpreter-bench/experiments/three_engine_baseline/adapters/quickjs.js"", ""/mnt/c/Users/mzyx/Desktop/0921/js-interpreter-bench/experiments/three_engine_baseline/generated/Octane.NavierStokes.N2.correctness.js""]",probes/correctness/Octane_NavierStokes_N2_quickjs/stdout.txt,probes/correctness/Octane_NavierStokes_N2_quickjs/stderr.txt
Octane,NavierStokes,v8,2,PASS,,0,,13,0,55fb9e70b0964e74cb4d2082ca8eafac7b3c1d4433412bba48db8e8c40edb3bd,"[""/home/mzyx/three_engine_20261004/v8-linux64-rel-15.6.21/d8"", ""--snapshot_blob=/home/mzyx/three_engine_20261004/v8-linux64-rel-15.6.21/snapshot_blob.bin"", ""--max-opt=0"", ""--no-lazy"", ""/mnt/c/Users/mzyx/Desktop/0921/js-interpreter-bench/experiments/three_engine_baseline/adapters/v8.js"", ""/mnt/c/Users/mzyx/Desktop/0921/js-interpreter-bench/experiments/three_engine_baseline/generated/Octane.NavierStokes.N2.correctness.js""]",probes/correctness/Octane_NavierStokes_N2_v8/stdout.txt,probes/correctness/Octane_NavierStokes_N2_v8/stderr.txt
Octane,NavierStokes,jsc,2,PASS,,0,,13,0,55fb9e70b0964e74cb4d2082ca8eafac7b3c1d4433412bba48db8e8c40edb3bd,"[""/home/mzyx/jsc_build_fd3406f/JSCOnly/Release/bin/jsc"", ""--useJIT=false"", ""--useLLInt=true"", ""--validateOptions=true"", ""/mnt/c/Users/mzyx/Desktop/0921/js-interpreter-bench/experiments/three_engine_baseline/adapters/jsc.js"", ""/mnt/c/Users/mzyx/Desktop/0921/js-interpreter-bench/experiments/three_engine_baseline/generated/Octane.NavierStokes.N2.correctness.js""]",probes/correctness/Octane_NavierStokes_N2_jsc/stdout.txt,probes/correctness/Octane_NavierStokes_N2_jsc/stderr.txt
Octane,NavierStokes,quickjs,16,PASS,,0,,0,0,91f6b6ec1855f0c230b77c2d59715d039181ec211c0f72eaa9968fd749e8fb8d,"[""/home/mzyx/three_engine_20261004/quickjs-04be246001599f5995fa2f2d8c91a0f198d3f34c/qjs"", ""-I"", ""/mnt/c/Users/mzyx/Desktop/0921/js-interpreter-bench/experiments/three_engine_baseline/adapters/quickjs.js"", ""/mnt/c/Users/mzyx/Desktop/0921/js-interpreter-bench/experiments/three_engine_baseline/generated/Octane.NavierStokes.N16.correctness.js""]",probes/correctness/Octane_NavierStokes_N16_quickjs/stdout.txt,probes/correctness/Octane_NavierStokes_N16_quickjs/stderr.txt
Octane,NavierStokes,v8,16,PASS,,0,,0,0,91f6b6ec1855f0c230b77c2d59715d039181ec211c0f72eaa9968fd749e8fb8d,"[""/home/mzyx/three_engine_20261004/v8-linux64-rel-15.6.21/d8"", ""--snapshot_blob=/home/mzyx/three_engine_20261004/v8-linux64-rel-15.6.21/snapshot_blob.bin"", ""--max-opt=0"", ""--no-lazy"", ""/mnt/c/Users/mzyx/Desktop/0921/js-interpreter-bench/experiments/three_engine_baseline/adapters/v8.js"", ""/mnt/c/Users/mzyx/Desktop/0921/js-interpreter-bench/experiments/three_engine_baseline/generated/Octane.NavierStokes.N16.correctness.js""]",probes/correctness/Octane_NavierStokes_N16_v8/stdout.txt,probes/correctness/Octane_NavierStokes_N16_v8/stderr.txt
Octane,NavierStokes,jsc,16,PASS,,0,,0,0,91f6b6ec1855f0c230b77c2d59715d039181ec211c0f72eaa9968fd749e8fb8d,"[""/home/mzyx/jsc_build_fd3406f/JSCOnly/Release/bin/jsc"", ""--useJIT=false"", ""--useLLInt=true"", ""--validateOptions=true"", ""/mnt/c/Users/mzyx/Desktop/0921/js-interpreter-bench/experiments/three_engine_baseline/adapters/jsc.js"", ""/mnt/c/Users/mzyx/Desktop/0921/js-interpreter-bench/experiments/three_engine_baseline/generated/Octane.NavierStokes.N16.correctness.js""]",probes/correctness/Octane_NavierStokes_N16_jsc/stdout.txt,probes/correctness/Octane_NavierStokes_N16_jsc/stderr.txt
Octane,RegExp,quickjs,1,PASS,,0,,0,0,cedac55400fcd3a934342bc3fa533178575e1cec30e4b5debab93b9a7861385c,"[""/home/mzyx/three_engine_20261004/quickjs-04be246001599f5995fa2f2d8c91a0f198d3f34c/qjs"", ""-I"", ""/mnt/c/Users/mzyx/Desktop/0921/js-interpreter-bench/experiments/three_engine_baseline/adapters/quickjs.js"", ""/mnt/c/Users/mzyx/Desktop/0921/js-interpreter-bench/experiments/three_engine_baseline/generated/Octane.RegExp.N1.correctness.js""]",probes/correctness/Octane_RegExp_N1_quickjs/stdout.txt,probes/correctness/Octane_RegExp_N1_quickjs/stderr.txt
Octane,RegExp,v8,1,PASS,,0,,0,0,cedac55400fcd3a934342bc3fa533178575e1cec30e4b5debab93b9a7861385c,"[""/home/mzyx/three_engine_20261004/v8-linux64-rel-15.6.21/d8"", ""--snapshot_blob=/home/mzyx/three_engine_20261004/v8-linux64-rel-15.6.21/snapshot_blob.bin"", ""--max-opt=0"", ""--no-lazy"", ""/mnt/c/Users/mzyx/Desktop/0921/js-interpreter-bench/experiments/three_engine_baseline/adapters/v8.js"", ""/mnt/c/Users/mzyx/Desktop/0921/js-interpreter-bench/experiments/three_engine_baseline/generated/Octane.RegExp.N1.correctness.js""]",probes/correctness/Octane_RegExp_N1_v8/stdout.txt,probes/correctness/Octane_RegExp_N1_v8/stderr.txt
Octane,RegExp,jsc,1,PASS,,0,,0,0,cedac55400fcd3a934342bc3fa533178575e1cec30e4b5debab93b9a7861385c,"[""/home/mzyx/jsc_build_fd3406f/JSCOnly/Release/bin/jsc"", ""--useJIT=false"", ""--useLLInt=true"", ""--validateOptions=true"", ""/mnt/c/Users/mzyx/Desktop/0921/js-interpreter-bench/experiments/three_engine_baseline/adapters/jsc.js"", ""/mnt/c/Users/mzyx/Desktop/0921/js-interpreter-bench/experiments/three_engine_baseline/generated/Octane.RegExp.N1.correctness.js""]",probes/correctness/Octane_RegExp_N1_jsc/stdout.txt,probes/correctness/Octane_RegExp_N1_jsc/stderr.txt
Octane,RegExp,quickjs,2,PASS,,0,,0,0,12bb57daa8355bebd261fdb6e4e60b62bbaa6f7bee0151f099e31bc10d303073,"[""/home/mzyx/three_engine_20261004/quickjs-04be246001599f5995fa2f2d8c91a0f198d3f34c/qjs"", ""-I"", ""/mnt/c/Users/mzyx/Desktop/0921/js-interpreter-bench/experiments/three_engine_baseline/adapters/quickjs.js"", ""/mnt/c/Users/mzyx/Desktop/0921/js-interpreter-bench/experiments/three_engine_baseline/generated/Octane.RegExp.N2.correctness.js""]",probes/correctness/Octane_RegExp_N2_quickjs/stdout.txt,probes/correctness/Octane_RegExp_N2_quickjs/stderr.txt
Octane,RegExp,v8,2,PASS,,0,,0,0,12bb57daa8355bebd261fdb6e4e60b62bbaa6f7bee0151f099e31bc10d303073,"[""/home/mzyx/three_engine_20261004/v8-linux64-rel-15.6.21/d8"", ""--snapshot_blob=/home/mzyx/three_engine_20261004/v8-linux64-rel-15.6.21/snapshot_blob.bin"", ""--max-opt=0"", ""--no-lazy"", ""/mnt/c/Users/mzyx/Desktop/0921/js-interpreter-bench/experiments/three_engine_baseline/adapters/v8.js"", ""/mnt/c/Users/mzyx/Desktop/0921/js-interpreter-bench/experiments/three_engine_baseline/generated/Octane.RegExp.N2.correctness.js""]",probes/correctness/Octane_RegExp_N2_v8/stdout.txt,probes/correctness/Octane_RegExp_N2_v8/stderr.txt
Octane,RegExp,jsc,2,PASS,,0,,0,0,12bb57daa8355bebd261fdb6e4e60b62bbaa6f7bee0151f099e31bc10d303073,"[""/home/mzyx/jsc_build_fd3406f/JSCOnly/Release/bin/jsc"", ""--useJIT=false"", ""--useLLInt=true"", ""--validateOptions=true"", ""/mnt/c/Users/mzyx/Desktop/0921/js-interpreter-bench/experiments/three_engine_baseline/adapters/jsc.js"", ""/mnt/c/Users/mzyx/Desktop/0921/js-interpreter-bench/experiments/three_engine_baseline/generated/Octane.RegExp.N2.correctness.js""]",probes/correctness/Octane_RegExp_N2_jsc/stdout.txt,probes/correctness/Octane_RegExp_N2_jsc/stderr.txt
Octane,RegExp,quickjs,16,PASS,,0,,0,0,d495276ee04b22ebdd20fbafd32c3f9c1c2b42896ef4e7d7d648fa3d5b5d03fe,"[""/home/mzyx/three_engine_20261004/quickjs-04be246001599f5995fa2f2d8c91a0f198d3f34c/qjs"", ""-I"", ""/mnt/c/Users/mzyx/Desktop/0921/js-interpreter-bench/experiments/three_engine_baseline/adapters/quickjs.js"", ""/mnt/c/Users/mzyx/Desktop/0921/js-interpreter-bench/experiments/three_engine_baseline/generated/Octane.RegExp.N16.correctness.js""]",probes/correctness/Octane_RegExp_N16_quickjs/stdout.txt,probes/correctness/Octane_RegExp_N16_quickjs/stderr.txt
Octane,RegExp,v8,16,PASS,,0,,0,0,d495276ee04b22ebdd20fbafd32c3f9c1c2b42896ef4e7d7d648fa3d5b5d03fe,"[""/home/mzyx/three_engine_20261004/v8-linux64-rel-15.6.21/d8"", ""--snapshot_blob=/home/mzyx/three_engine_20261004/v8-linux64-rel-15.6.21/snapshot_blob.bin"", ""--max-opt=0"", ""--no-lazy"", ""/mnt/c/Users/mzyx/Desktop/0921/js-interpreter-bench/experiments/three_engine_baseline/adapters/v8.js"", ""/mnt/c/Users/mzyx/Desktop/0921/js-interpreter-bench/experiments/three_engine_baseline/generated/Octane.RegExp.N16.correctness.js""]",probes/correctness/Octane_RegExp_N16_v8/stdout.txt,probes/correctness/Octane_RegExp_N16_v8/stderr.txt
Octane,RegExp,jsc,16,PASS,,0,,0,0,d495276ee04b22ebdd20fbafd32c3f9c1c2b42896ef4e7d7d648fa3d5b5d03fe,"[""/home/mzyx/jsc_build_fd3406f/JSCOnly/Release/bin/jsc"", ""--useJIT=false"", ""--useLLInt=true"", ""--validateOptions=true"", ""/mnt/c/Users/mzyx/Desktop/0921/js-interpreter-bench/experiments/three_engine_baseline/adapters/jsc.js"", ""/mnt/c/Users/mzyx/Desktop/0921/js-interpreter-bench/experiments/three_engine_baseline/generated/Octane.RegExp.N16.correctness.js""]",probes/correctness/Octane_RegExp_N16_jsc/stdout.txt,probes/correctness/Octane_RegExp_N16_jsc/stderr.txt
Octane,CodeLoadClosure,quickjs,1,PASS,,0,,0,0,d346d483ffd5235260c0856711f5fc8d396acf6fce8fa25c0d4a3a58ba438b02,"[""/home/mzyx/three_engine_20261004/quickjs-04be246001599f5995fa2f2d8c91a0f198d3f34c/qjs"", ""-I"", ""/mnt/c/Users/mzyx/Desktop/0921/js-interpreter-bench/experiments/three_engine_baseline/adapters/quickjs.js"", ""/mnt/c/Users/mzyx/Desktop/0921/js-interpreter-bench/experiments/three_engine_baseline/generated/Octane.CodeLoadClosure.N1.correctness.js""]",probes/correctness/Octane_CodeLoadClosure_N1_quickjs/stdout.txt,probes/correctness/Octane_CodeLoadClosure_N1_quickjs/stderr.txt
Octane,CodeLoadClosure,v8,1,PASS,,0,,0,0,d346d483ffd5235260c0856711f5fc8d396acf6fce8fa25c0d4a3a58ba438b02,"[""/home/mzyx/three_engine_20261004/v8-linux64-rel-15.6.21/d8"", ""--snapshot_blob=/home/mzyx/three_engine_20261004/v8-linux64-rel-15.6.21/snapshot_blob.bin"", ""--max-opt=0"", ""--no-lazy"", ""/mnt/c/Users/mzyx/Desktop/0921/js-interpreter-bench/experiments/three_engine_baseline/adapters/v8.js"", ""/mnt/c/Users/mzyx/Desktop/0921/js-interpreter-bench/experiments/three_engine_baseline/generated/Octane.CodeLoadClosure.N1.correctness.js""]",probes/correctness/Octane_CodeLoadClosure_N1_v8/stdout.txt,probes/correctness/Octane_CodeLoadClosure_N1_v8/stderr.txt
Octane,CodeLoadClosure,jsc,1,PASS,,0,,0,0,d346d483ffd5235260c0856711f5fc8d396acf6fce8fa25c0d4a3a58ba438b02,"[""/home/mzyx/jsc_build_fd3406f/JSCOnly/Release/bin/jsc"", ""--useJIT=false"", ""--useLLInt=true"", ""--validateOptions=true"", ""/mnt/c/Users/mzyx/Desktop/0921/js-interpreter-bench/experiments/three_engine_baseline/adapters/jsc.js"", ""/mnt/c/Users/mzyx/Desktop/0921/js-interpreter-bench/experiments/three_engine_baseline/generated/Octane.CodeLoadClosure.N1.correctness.js""]",probes/correctness/Octane_CodeLoadClosure_N1_jsc/stdout.txt,probes/correctness/Octane_CodeLoadClosure_N1_jsc/stderr.txt
Octane,CodeLoadClosure,quickjs,2,PASS,,0,,0,0,6e32464734f58930d17583b8d0e252f1da714f5e606d340a41019243c640b2d7,"[""/home/mzyx/three_engine_20261004/quickjs-04be246001599f5995fa2f2d8c91a0f198d3f34c/qjs"", ""-I"", ""/mnt/c/Users/mzyx/Desktop/0921/js-interpreter-bench/experiments/three_engine_baseline/adapters/quickjs.js"", ""/mnt/c/Users/mzyx/Desktop/0921/js-interpreter-bench/experiments/three_engine_baseline/generated/Octane.CodeLoadClosure.N2.correctness.js""]",probes/correctness/Octane_CodeLoadClosure_N2_quickjs/stdout.txt,probes/correctness/Octane_CodeLoadClosure_N2_quickjs/stderr.txt
Octane,CodeLoadClosure,v8,2,PASS,,0,,0,0,6e32464734f58930d17583b8d0e252f1da714f5e606d340a41019243c640b2d7,"[""/home/mzyx/three_engine_20261004/v8-linux64-rel-15.6.21/d8"", ""--snapshot_blob=/home/mzyx/three_engine_20261004/v8-linux64-rel-15.6.21/snapshot_blob.bin"", ""--max-opt=0"", ""--no-lazy"", ""/mnt/c/Users/mzyx/Desktop/0921/js-interpreter-bench/experiments/three_engine_baseline/adapters/v8.js"", ""/mnt/c/Users/mzyx/Desktop/0921/js-interpreter-bench/experiments/three_engine_baseline/generated/Octane.CodeLoadClosure.N2.correctness.js""]",probes/correctness/Octane_CodeLoadClosure_N2_v8/stdout.txt,probes/correctness/Octane_CodeLoadClosure_N2_v8/stderr.txt
Octane,CodeLoadClosure,jsc,2,PASS,,0,,0,0,6e32464734f58930d17583b8d0e252f1da714f5e606d340a41019243c640b2d7,"[""/home/mzyx/jsc_build_fd3406f/JSCOnly/Release/bin/jsc"", ""--useJIT=false"", ""--useLLInt=true"", ""--validateOptions=true"", ""/mnt/c/Users/mzyx/Desktop/0921/js-interpreter-bench/experiments/three_engine_baseline/adapters/jsc.js"", ""/mnt/c/Users/mzyx/Desktop/0921/js-interpreter-bench/experiments/three_engine_baseline/generated/Octane.CodeLoadClosure.N2.correctness.js""]",probes/correctness/Octane_CodeLoadClosure_N2_jsc/stdout.txt,probes/correctness/Octane_CodeLoadClosure_N2_jsc/stderr.txt
Octane,CodeLoadClosure,quickjs,16,PASS,,0,,0,0,443c31def0a47fe8a6ebab87e86977e4e207259fd5afdf6ffdd06185665da0ff,"[""/home/mzyx/three_engine_20261004/quickjs-04be246001599f5995fa2f2d8c91a0f198d3f34c/qjs"", ""-I"", ""/mnt/c/Users/mzyx/Desktop/0921/js-interpreter-bench/experiments/three_engine_baseline/adapters/quickjs.js"", ""/mnt/c/Users/mzyx/Desktop/0921/js-interpreter-bench/experiments/three_engine_baseline/generated/Octane.CodeLoadClosure.N16.correctness.js""]",probes/correctness/Octane_CodeLoadClosure_N16_quickjs/stdout.txt,probes/correctness/Octane_CodeLoadClosure_N16_quickjs/stderr.txt
Octane,CodeLoadClosure,v8,16,PASS,,0,,0,0,443c31def0a47fe8a6ebab87e86977e4e207259fd5afdf6ffdd06185665da0ff,"[""/home/mzyx/three_engine_20261004/v8-linux64-rel-15.6.21/d8"", ""--snapshot_blob=/home/mzyx/three_engine_20261004/v8-linux64-rel-15.6.21/snapshot_blob.bin"", ""--max-opt=0"", ""--no-lazy"", ""/mnt/c/Users/mzyx/Desktop/0921/js-interpreter-bench/experiments/three_engine_baseline/adapters/v8.js"", ""/mnt/c/Users/mzyx/Desktop/0921/js-interpreter-bench/experiments/three_engine_baseline/generated/Octane.CodeLoadClosure.N16.correctness.js""]",probes/correctness/Octane_CodeLoadClosure_N16_v8/stdout.txt,probes/correctness/Octane_CodeLoadClosure_N16_v8/stderr.txt
Octane,CodeLoadClosure,jsc,16,PASS,,0,,0,0,443c31def0a47fe8a6ebab87e86977e4e207259fd5afdf6ffdd06185665da0ff,"[""/home/mzyx/jsc_build_fd3406f/JSCOnly/Release/bin/jsc"", ""--useJIT=false"", ""--useLLInt=true"", ""--validateOptions=true"", ""/mnt/c/Users/mzyx/Desktop/0921/js-interpreter-bench/experiments/three_engine_baseline/adapters/jsc.js"", ""/mnt/c/Users/mzyx/Desktop/0921/js-interpreter-bench/experiments/three_engine_baseline/generated/Octane.CodeLoadClosure.N16.correctness.js""]",probes/correctness/Octane_CodeLoadClosure_N16_jsc/stdout.txt,probes/correctness/Octane_CodeLoadClosure_N16_jsc/stderr.txt
