test,engine,n,status,exit_code,stdout,stderr,script_sha256
3d-cube,quickjs,64,PASS,0,"CHECK_ALL:{""test"":""3d-cube"",""n"":64,""checksum"":""320""}",,9e4435a7d164fe7839631e55f9e72e2bf5831e4c9339af8df08e92ec092d6b45
3d-cube,v8_ignition,64,PASS,0,"CHECK_ALL:{""test"":""3d-cube"",""n"":64,""checksum"":""320""}",,9e4435a7d164fe7839631e55f9e72e2bf5831e4c9339af8df08e92ec092d6b45
3d-morph,quickjs,64,PASS,0,"CHECK_ALL:{""test"":""3d-morph"",""n"":64,""checksum"":""0""}",,c69ce1cdeb9ebe4c4b7e18b3ab058558a3737bc8a53aa163f90feb22fc0a55a5
3d-morph,v8_ignition,64,PASS,0,"CHECK_ALL:{""test"":""3d-morph"",""n"":64,""checksum"":""0""}",,c69ce1cdeb9ebe4c4b7e18b3ab058558a3737bc8a53aa163f90feb22fc0a55a5
3d-raytrace,quickjs,128,PASS,0,"CHECK_ALL:{""test"":""3d-raytrace"",""n"":128,""checksum"":""20969""}",,ac1dc99d338d7870e0ff4d7e6be9a4bbceda03c1059e6fa3ae6391363ca325bf
3d-raytrace,v8_ignition,128,PASS,0,"CHECK_ALL:{""test"":""3d-raytrace"",""n"":128,""checksum"":""20970""}",,ac1dc99d338d7870e0ff4d7e6be9a4bbceda03c1059e6fa3ae6391363ca325bf
access-binary-trees,quickjs,256,PASS,0,"CHECK_ALL:{""test"":""access-binary-trees"",""n"":256,""checksum"":""-4""}",,963e17d4376abab6fd83733eea3ed1bc9bbf92173bd80e3f99d09d8f12cae28f
access-binary-trees,v8_ignition,256,PASS,0,"CHECK_ALL:{""test"":""access-binary-trees"",""n"":256,""checksum"":""-4""}",,963e17d4376abab6fd83733eea3ed1bc9bbf92173bd80e3f99d09d8f12cae28f
access-fannkuch,quickjs,32,PASS,0,"CHECK_ALL:{""test"":""access-fannkuch"",""n"":32,""checksum"":""22""}",,02a1b1943f223e142f83f35078adf6cc2fd9e72606cf7a937b80d86932529eb9
access-fannkuch,v8_ignition,32,PASS,0,"CHECK_ALL:{""test"":""access-fannkuch"",""n"":32,""checksum"":""22""}",,02a1b1943f223e142f83f35078adf6cc2fd9e72606cf7a937b80d86932529eb9
access-nbody,quickjs,64,PASS,0,"CHECK_ALL:{""test"":""access-nbody"",""n"":64,""checksum"":""-1.3524862408537381""}",,bc252e2a1a0d63c97909fed717be51c3ae40fc8e7b71147eb4f00604679dcae7
access-nbody,v8_ignition,64,PASS,0,"CHECK_ALL:{""test"":""access-nbody"",""n"":64,""checksum"":""-1.3524862408537381""}",,bc252e2a1a0d63c97909fed717be51c3ae40fc8e7b71147eb4f00604679dcae7
access-nsieve,quickjs,128,PASS,0,"CHECK_ALL:{""test"":""access-nsieve"",""n"":128,""checksum"":""14302""}",,37bc0096f1013138a88d57c74be90147717b004ce2c40c6a0ef553cadac7a59e
access-nsieve,v8_ignition,128,PASS,0,"CHECK_ALL:{""test"":""access-nsieve"",""n"":128,""checksum"":""14302""}",,37bc0096f1013138a88d57c74be90147717b004ce2c40c6a0ef553cadac7a59e
bitops-3bit-bits-in-byte,quickjs,256,PASS,0,"CHECK_ALL:{""test"":""bitops-3bit-bits-in-byte"",""n"":256,""checksum"":""512000""}",,c8c7af0e60554e5b0a177c8d0f9d2cb3213b74566b7abbdacc9c81530026efe0
bitops-3bit-bits-in-byte,v8_ignition,256,PASS,0,"CHECK_ALL:{""test"":""bitops-3bit-bits-in-byte"",""n"":256,""checksum"":""512000""}",,c8c7af0e60554e5b0a177c8d0f9d2cb3213b74566b7abbdacc9c81530026efe0
bitops-bits-in-byte,quickjs,64,PASS,0,"CHECK_ALL:{""test"":""bitops-bits-in-byte"",""n"":64,""checksum"":""358400""}",,173235b65d9f1c1af1373c1cd27fd03d08bc03283006b820e125066b700374b9
bitops-bits-in-byte,v8_ignition,64,PASS,0,"CHECK_ALL:{""test"":""bitops-bits-in-byte"",""n"":64,""checksum"":""358400""}",,173235b65d9f1c1af1373c1cd27fd03d08bc03283006b820e125066b700374b9
bitops-bitwise-and,quickjs,256,PASS,0,"CHECK_ALL:{""test"":""bitops-bitwise-and"",""n"":256,""checksum"":""0""}",,3b4db5beeb1b204227700e1cc3a49f3ee8edff0efc968520ecfdd6317fbc5ddf
bitops-bitwise-and,v8_ignition,256,PASS,0,"CHECK_ALL:{""test"":""bitops-bitwise-and"",""n"":256,""checksum"":""0""}",,3b4db5beeb1b204227700e1cc3a49f3ee8edff0efc968520ecfdd6317fbc5ddf
bitops-nsieve-bits,quickjs,128,PASS,0,"CHECK_ALL:{""test"":""bitops-nsieve-bits"",""n"":128,""checksum"":""-1286749544853""}",,bb0228ce5981a1d7fa177eaa0a154fcf528eb7027e89e9f02fce33ab7e2cded2
bitops-nsieve-bits,v8_ignition,128,PASS,0,"CHECK_ALL:{""test"":""bitops-nsieve-bits"",""n"":128,""checksum"":""-1286749544853""}",,bb0228ce5981a1d7fa177eaa0a154fcf528eb7027e89e9f02fce33ab7e2cded2
controlflow-recursive,quickjs,256,PASS,0,"CHECK_ALL:{""test"":""controlflow-recursive"",""n"":256,""checksum"":""57775""}",,cd22e995572e87d6968a94d0fd0b71903fbc6c99b85de19ed94bda27885048ad
controlflow-recursive,v8_ignition,256,PASS,0,"CHECK_ALL:{""test"":""controlflow-recursive"",""n"":256,""checksum"":""57775""}",,cd22e995572e87d6968a94d0fd0b71903fbc6c99b85de19ed94bda27885048ad
crypto-aes,quickjs,128,PASS,0,"CHECK_ALL:{""test"":""crypto-aes"",""n"":128,""checksum"":""1343""}",,9fffcdd87c3e6c4ee2396e01a421353d2bf80e073b8bb4693dc6039347dee154
crypto-aes,v8_ignition,128,PASS,0,"CHECK_ALL:{""test"":""crypto-aes"",""n"":128,""checksum"":""1343""}",,9fffcdd87c3e6c4ee2396e01a421353d2bf80e073b8bb4693dc6039347dee154
crypto-md5,quickjs,256,PASS,0,"CHECK_ALL:{""test"":""crypto-md5"",""n"":256,""checksum"":""a831e91e0f70eddcb70dc61c6f82f6cd""}",,6ffed8aa251ea298d2b092847496f1ae411411ce57d4199260d4d328469385df
crypto-md5,v8_ignition,256,PASS,0,"CHECK_ALL:{""test"":""crypto-md5"",""n"":256,""checksum"":""a831e91e0f70eddcb70dc61c6f82f6cd""}",,6ffed8aa251ea298d2b092847496f1ae411411ce57d4199260d4d328469385df
crypto-sha1,quickjs,256,PASS,0,"CHECK_ALL:{""test"":""crypto-sha1"",""n"":256,""checksum"":""2524d264def74cce2498bf112bedf00e6c0b796d""}",,2a313cfb8e07f0a26eb617f3663971ca1cd1fb1bf45b024e466a63923630b21b
crypto-sha1,v8_ignition,256,PASS,0,"CHECK_ALL:{""test"":""crypto-sha1"",""n"":256,""checksum"":""2524d264def74cce2498bf112bedf00e6c0b796d""}",,2a313cfb8e07f0a26eb617f3663971ca1cd1fb1bf45b024e466a63923630b21b
date-format-tofte,quickjs,128,PASS,0,"CHECK_ALL:{""test"":""date-format-tofte"",""n"":128,""checksum"":""2008-05-01|Thursday, May 01, 2008 5:31:22 PM|1209718549000""}",,43f9671b3f5940e2bc1a0159c8ef9eba8eae2f039178c10068d6e1f50ec5ae89
date-format-tofte,v8_ignition,128,PASS,0,"CHECK_ALL:{""test"":""date-format-tofte"",""n"":128,""checksum"":""2008-05-01|Thursday, May 01, 2008 5:31:22 PM|1209718549000""}",,43f9671b3f5940e2bc1a0159c8ef9eba8eae2f039178c10068d6e1f50ec5ae89
date-format-xparb,quickjs,256,PASS,0,"CHECK_ALL:{""test"":""date-format-xparb"",""n"":256,""checksum"":""2017-09-05|Tuesday, September 05, 2017 7:43:48 AM|1504652895000""}",,b3f6d87c7a466a63023c5bf2611233ea53718b8631315f9eee123b32c33e5106
date-format-xparb,v8_ignition,256,PASS,0,"CHECK_ALL:{""test"":""date-format-xparb"",""n"":256,""checksum"":""2017-09-05|Tuesday, September 05, 2017 7:43:48 AM|1504652895000""}",,b3f6d87c7a466a63023c5bf2611233ea53718b8631315f9eee123b32c33e5106
math-cordic,quickjs,64,PASS,0,"CHECK_ALL:{""test"":""math-cordic"",""n"":64,""checksum"":""10362.570468755888""}",,41da1272ac79883985139717c672dddaf01c8e839d37af97f26a844d8bf0b89f
math-cordic,v8_ignition,64,PASS,0,"CHECK_ALL:{""test"":""math-cordic"",""n"":64,""checksum"":""10362.570468755888""}",,41da1272ac79883985139717c672dddaf01c8e839d37af97f26a844d8bf0b89f
math-partial-sums,quickjs,128,PASS,0,"CHECK_ALL:{""test"":""math-partial-sums"",""n"":128,""checksum"":""60.08994194659945""}",,82b23973ed144abaaca5f607fb70e6499d788685289c90ad4e476b8d76268869
math-partial-sums,v8_ignition,128,PASS,0,"CHECK_ALL:{""test"":""math-partial-sums"",""n"":128,""checksum"":""60.08994194659945""}",,82b23973ed144abaaca5f607fb70e6499d788685289c90ad4e476b8d76268869
math-spectral-norm,quickjs,128,PASS,0,"CHECK_ALL:{""test"":""math-spectral-norm"",""n"":128,""checksum"":""5.086694231303284""}",,4e548a0cbee7f30e3e9dcdfbdf111102e9bb3dc4bb11dfdc359e7a010654207a
math-spectral-norm,v8_ignition,128,PASS,0,"CHECK_ALL:{""test"":""math-spectral-norm"",""n"":128,""checksum"":""5.086694231303284""}",,4e548a0cbee7f30e3e9dcdfbdf111102e9bb3dc4bb11dfdc359e7a010654207a
regexp-dna,quickjs,1024,PASS,0,"CHECK_ALL:{""test"":""regexp-dna"",""n"":1024,""checksum"":""249:300056""}",,ce757dcd858a9ed8a690e7d3350b53402c1f42a5a6b6b1a8ddae81f1b95a78f1
regexp-dna,v8_ignition,1024,PASS,0,"CHECK_ALL:{""test"":""regexp-dna"",""n"":1024,""checksum"":""249:300056""}",,ce757dcd858a9ed8a690e7d3350b53402c1f42a5a6b6b1a8ddae81f1b95a78f1
string-base64,quickjs,256,PASS,0,"CHECK_ALL:{""test"":""string-base64"",""n"":256,""checksum"":""32768""}",,63d5a8afabeae5a97eb166cd746d697c976d9aa35a515e28488af5e8bdab9a47
string-base64,v8_ignition,256,PASS,0,"CHECK_ALL:{""test"":""string-base64"",""n"":256,""checksum"":""32768""}",,63d5a8afabeae5a97eb166cd746d697c976d9aa35a515e28488af5e8bdab9a47
string-fasta,quickjs,128,PASS,0,"CHECK_ALL:{""test"":""string-fasta"",""n"":128,""checksum"":""1456000""}",,99a9e9f3bc076c9885b2959327952257bb24d243b84e7b93388f4c10aa888118
string-fasta,v8_ignition,128,PASS,0,"CHECK_ALL:{""test"":""string-fasta"",""n"":128,""checksum"":""1456000""}",,99a9e9f3bc076c9885b2959327952257bb24d243b84e7b93388f4c10aa888118
string-tagcloud,quickjs,256,PASS,0,"CHECK_ALL:{""test"":""string-tagcloud"",""n"":256,""checksum"":""315241""}",,a5549ed3b8efb38ea21e2296caf4795cfd433e55d2fa9076e830cd26f91aa64c
string-tagcloud,v8_ignition,256,PASS,0,"CHECK_ALL:{""test"":""string-tagcloud"",""n"":256,""checksum"":""315241""}",,a5549ed3b8efb38ea21e2296caf4795cfd433e55d2fa9076e830cd26f91aa64c
string-unpack-code,quickjs,256,PASS,0,"CHECK_ALL:{""test"":""string-unpack-code"",""n"":256,""checksum"":""511508""}",,ef114ea8b65c2be529b1f399442e4b6b07c55f98ac8392dc0f057ac3bd2009ca
string-unpack-code,v8_ignition,256,PASS,0,"CHECK_ALL:{""test"":""string-unpack-code"",""n"":256,""checksum"":""511508""}",,ef114ea8b65c2be529b1f399442e4b6b07c55f98ac8392dc0f057ac3bd2009ca
string-validate-input,quickjs,256,PASS,0,"CHECK_ALL:{""test"":""string-validate-input"",""n"":256,""checksum"":""462000""}",,36a6864ac46401b98324a046a9eac0a1742604ad0476ef97ff0887e756296d0a
string-validate-input,v8_ignition,256,PASS,0,"CHECK_ALL:{""test"":""string-validate-input"",""n"":256,""checksum"":""462000""}",,36a6864ac46401b98324a046a9eac0a1742604ad0476ef97ff0887e756296d0a
