case,suite,subbenchmark,V8/QJS,JSC/QJS,JSC/V8
3d-cube,3d-cube,3d-cube,0.8817024007778805,0.47695691872318347,0.5409500056962406
3d-morph,3d-morph,3d-morph,1.3432614433234618,0.9511499888680789,0.7080899951351012
3d-raytrace,3d-raytrace,3d-raytrace,1.039197678232181,0.8947894615168437,0.8610387419639008
access-binary-trees,access-binary-trees,access-binary-trees,0.48068124514836685,1.0958993773052457,2.279887947296521
access-fannkuch,access-fannkuch,access-fannkuch,0.9565050580119611,0.6435119422847155,0.6727742178616565
access-nbody,access-nbody,access-nbody,1.3029944000855596,0.7005817124554105,0.5376705474784907
access-nsieve,access-nsieve,access-nsieve,0.5365351013727063,0.32215327816619993,0.6004328092271727
bitops-3bit-bits-in-byte,bitops-3bit-bits-in-byte,bitops-3bit-bits-in-byte,0.7496408535561446,0.643735726809217,0.8587255133647864
bitops-bits-in-byte,bitops-bits-in-byte,bitops-bits-in-byte,1.003734648530064,0.7551999437304925,0.7523900314056685
bitops-bitwise-and,bitops-bitwise-and,bitops-bitwise-and,1.2844738879559503,1.085511358910843,0.8451019277926104
bitops-nsieve-bits,bitops-nsieve-bits,bitops-nsieve-bits,1.6453459274636058,1.5244040510212298,0.9264945599441117
controlflow-recursive,controlflow-recursive,controlflow-recursive,0.9153967232384183,0.8824990050812482,0.964061791655986
crypto-aes,crypto-aes,crypto-aes,0.9521234904797338,0.7098571089921686,0.7455515131072991
crypto-md5,crypto-md5,crypto-md5,1.1273904792611036,0.8332119576347384,0.7390624392897384
crypto-sha1,crypto-sha1,crypto-sha1,1.3057389854986956,0.8540100983091545,0.6540435016443856
date-format-tofte,date-format-tofte,date-format-tofte,0.3036000202874251,0.40000801323810625,1.3175493626759625
date-format-xparb,date-format-xparb,date-format-xparb,0.19444913015253903,0.3572080830269129,1.8370258727652562
math-cordic,math-cordic,math-cordic,0.764427242037241,0.812288101670789,1.0626100915843817
math-partial-sums,math-partial-sums,math-partial-sums,1.1035305400783129,0.8693145426272516,0.7877575753957475
math-spectral-norm,math-spectral-norm,math-spectral-norm,1.0402254147999666,1.2633439602508902,1.2144905731743045
regexp-dna,regexp-dna,regexp-dna,0.028794913446342777,1.4506904430055343,50.38009389084604
string-base64,string-base64,string-base64,0.40521566761898875,0.5935688503806549,1.4648220634419509
string-fasta,string-fasta,string-fasta,0.4519552973560026,0.5570091340420207,1.2324429811987971
string-tagcloud,string-tagcloud,string-tagcloud,0.2556447521193962,0.814586472814892,3.1864001355852123
string-unpack-code,string-unpack-code,string-unpack-code,0.15212378668630125,0.29293443617614673,1.9256320300533611
string-validate-input,string-validate-input,string-validate-input,0.495410217115887,0.9300427974802142,1.8773185641883066
