case,suite,subbenchmark,engine,N,samples,median_ms,mean_ms,sample_stddev_ms,IQR_ms,min_ms,max_ms,below_calibration_target_count
3d-cube,3d-cube,3d-cube,quickjs,128,30,22.283033242187457,22.44745511770884,1.1141170326701189,0.5784115937494789,21.702845062500273,28.101344046874146,0
3d-cube,3d-cube,3d-cube,v8,128,30,19.64700390625,19.648249479166665,0.4403030144477905,0.45877343749999966,18.879718750000002,21.3326484375,0
3d-cube,3d-cube,3d-cube,jsc,128,30,10.628046874999999,10.607192708333333,0.2599124718079187,0.4226562499999993,9.89046875,11.01625,0
3d-morph,3d-morph,3d-morph,quickjs,128,30,14.29240278515681,14.216751356510546,0.3481799353573799,0.3152865156207554,13.198940148435213,14.56174455468863,0
3d-morph,3d-morph,3d-morph,v8,128,30,19.19843359375,19.226086458333334,0.3365934212573445,0.3024531250000031,18.316828125,19.920671875,0
3d-morph,3d-morph,3d-morph,jsc,128,30,13.59421875,13.635489583333333,0.46425697940241084,0.2818750000000012,12.636875,15.6059375,0
3d-raytrace,3d-raytrace,3d-raytrace,quickjs,128,30,16.043927781250204,15.969762168750595,0.4207608933179204,0.3041326093734824,14.54551216406253,16.752380109373917,0
3d-raytrace,3d-raytrace,3d-raytrace,v8,128,30,16.6728125,16.67002421875,0.30493912783460286,0.2986796874999982,16.089796875,17.3559609375,0
3d-raytrace,3d-raytrace,3d-raytrace,jsc,128,30,14.3559375,14.34,0.4158321933002709,0.38374999999999915,12.9084375,15.0190625,0
access-binary-trees,access-binary-trees,access-binary-trees,quickjs,256,30,12.932443017578635,12.872882138671791,0.3398316124478133,0.30864168359403266,11.718758574217645,13.268413273437545,0
access-binary-trees,access-binary-trees,access-binary-trees,v8,256,30,6.216382812500001,6.247042578125,0.19236381596640056,0.24711718750000067,5.92609375,6.6445234375,0
access-binary-trees,access-binary-trees,access-binary-trees,jsc,256,30,14.17265625,14.126580729166667,0.3715977474074472,0.19523437500000007,12.677265625,14.802265625,0
access-fannkuch,access-fannkuch,access-fannkuch,quickjs,64,30,37.625078742186815,37.5601012869785,0.49994037510399053,0.7525354999961564,36.635384875000454,38.6820645781263,0
access-fannkuch,access-fannkuch,access-fannkuch,v8,64,30,35.988578125000004,35.93610625,0.5758206648887114,0.5767812499999962,34.435859375,36.930078125,0
access-fannkuch,access-fannkuch,access-fannkuch,jsc,64,30,24.2121875,24.292072916666665,0.4015505497964685,0.529062500000002,23.31875,25.231875,0
access-nbody,access-nbody,access-nbody,quickjs,128,30,16.58209052343682,16.529535753906416,0.3230254934910692,0.19686814062697522,15.470309101561725,17.051550179687183,0
access-nbody,access-nbody,access-nbody,v8,128,30,21.60637109375,21.64655234375,0.6149231973285233,0.6857656250000019,20.4280390625,23.1030390625,0
access-nbody,access-nbody,access-nbody,jsc,128,30,11.617109375,11.672239583333333,0.5071162125186709,0.29234375000000057,10.8571875,13.76671875,0
access-nsieve,access-nsieve,access-nsieve,quickjs,256,30,19.921732906250327,19.875490503125018,0.3555236821511027,0.4775089218746871,18.680835953126007,20.43706490624936,0
access-nsieve,access-nsieve,access-nsieve,v8,256,30,10.688708984375,10.668782421875,0.187436972126387,0.23074999999999868,10.33324609375,11.20752734375,0
access-nsieve,access-nsieve,access-nsieve,jsc,256,30,6.4178515625,6.3992890625,0.15375847090562436,0.18039062500000025,5.977578125,6.63671875,0
bitops-3bit-bits-in-byte,bitops-3bit-bits-in-byte,bitops-3bit-bits-in-byte,quickjs,256,30,9.878313681640066,9.840137762500142,0.2971102496671503,0.39160379687564273,9.077739953125274,10.417590996093168,0
bitops-3bit-bits-in-byte,bitops-3bit-bits-in-byte,bitops-3bit-bits-in-byte,v8,256,30,7.4051875,7.456022786458333,0.6624144126386011,0.18003515624999977,6.7761015625,10.8207890625,0
bitops-3bit-bits-in-byte,bitops-3bit-bits-in-byte,bitops-3bit-bits-in-byte,jsc,256,30,6.359023437499999,6.3803828125,0.1662050299496672,0.13671875,5.83515625,6.80875,0
bitops-bits-in-byte,bitops-bits-in-byte,bitops-bits-in-byte,quickjs,128,30,20.354708878905512,20.307257728125055,0.4131758058442265,0.42441409374805517,18.82900721093756,21.26853897656474,0
bitops-bits-in-byte,bitops-bits-in-byte,bitops-bits-in-byte,v8,128,30,20.4307265625,20.376563802083332,0.4561367962228521,0.5187890625000016,18.845421875,21.131328125,0
bitops-bits-in-byte,bitops-bits-in-byte,bitops-bits-in-byte,jsc,128,30,15.371875,15.353880208333333,0.2346577356526423,0.20171875000000128,14.6325,15.7321875,0
bitops-bitwise-and,bitops-bitwise-and,bitops-bitwise-and,quickjs,256,30,7.5998528203126625,7.63530292304675,0.3359474994272045,0.12294561718772457,7.235448957031622,9.31780116406253,0
bitops-bitwise-and,bitops-bitwise-and,bitops-bitwise-and,v8,256,30,9.7618125,9.731020052083334,0.24544640227881853,0.2199218750000007,9.18676953125,10.4149609375,0
bitops-bitwise-and,bitops-bitwise-and,bitops-bitwise-and,jsc,256,30,8.249726562500001,8.207325520833333,0.18753427834489236,0.22203125000000057,7.683828125,8.6715625,0
bitops-nsieve-bits,bitops-nsieve-bits,bitops-nsieve-bits,quickjs,128,30,14.680993277344896,14.68391533541673,0.2883694132586642,0.25716257031308487,13.580671859373979,15.219987921875145,0
bitops-nsieve-bits,bitops-nsieve-bits,bitops-nsieve-bits,v8,128,30,24.1553125,24.073631770833334,0.4744760047979913,0.3603828124999957,22.4391171875,24.9557421875,0
bitops-nsieve-bits,bitops-nsieve-bits,bitops-nsieve-bits,jsc,128,30,22.379765625,22.46003125,0.5195864436263934,0.6560937500000001,21.4459375,23.693125,0
controlflow-recursive,controlflow-recursive,controlflow-recursive,quickjs,256,30,7.516253162109024,7.463190140494877,0.18740793325600155,0.26793814062511956,7.012648199217438,7.757100382812496,0
controlflow-recursive,controlflow-recursive,controlflow-recursive,v8,256,30,6.880353515625,6.854811197916667,0.16359844498233686,0.18013671875000004,6.2742890625,7.1665078125,0
controlflow-recursive,controlflow-recursive,controlflow-recursive,jsc,256,30,6.6330859375,6.61359375,0.16728319147578244,0.13679687499999993,6.04015625,7.12453125,0
crypto-aes,crypto-aes,crypto-aes,quickjs,128,30,15.37457308203193,15.432134158593575,0.3727677291626163,0.4145276640610973,14.597186445316765,16.140217453124933,0
crypto-aes,crypto-aes,crypto-aes,v8,128,30,14.638492187499999,14.628129427083334,0.28619196995108115,0.4085390624999974,14.0314921875,15.226992187499999,0
crypto-aes,crypto-aes,crypto-aes,jsc,128,30,10.91375,10.951192708333334,0.26578984325737615,0.3571875000000002,10.3596875,11.4075,0
crypto-md5,crypto-md5,crypto-md5,quickjs,256,30,7.134007824220134,7.179077455859472,0.275121327719695,0.2500884492164914,6.7081572578126725,8.334679949218753,0
crypto-md5,crypto-md5,crypto-md5,v8,256,30,8.0428125,8.037271484375,0.1434845841971025,0.19790234374999915,7.694363281249999,8.279203125,0
crypto-md5,crypto-md5,crypto-md5,jsc,256,30,5.944140624999999,6.3121015625,0.7913636406768112,0.22898437500000046,5.58,7.883125,0
crypto-sha1,crypto-sha1,crypto-sha1,quickjs,256,30,6.844593025390623,6.828281994140624,0.18965081081203822,0.18160004687433684,6.246192734375654,7.084092898436211,0
crypto-sha1,crypto-sha1,crypto-sha1,v8,256,30,8.937251953125,8.922251302083334,0.28690447305915084,0.2429218750000004,8.288281249999999,9.5513671875,0
crypto-sha1,crypto-sha1,crypto-sha1,jsc,256,30,5.845351562499999,6.048140625,0.6311063704252655,0.13710937499999964,5.366328125,7.685234375,0
date-format-tofte,date-format-tofte,date-format-tofte,quickjs,128,30,30.944497273438174,30.98260618489591,0.4527389039592841,0.719390796872176,30.319354890627437,31.902779789061242,0
date-format-tofte,date-format-tofte,date-format-tofte,v8,128,30,9.39475,9.405760416666666,0.2815398609914831,0.32743750000000027,8.8263046875,9.96240625,0
date-format-tofte,date-format-tofte,date-format-tofte,jsc,128,30,12.378046874999999,12.412802083333334,0.4232508514174246,0.4751562499999995,11.57625,13.75,0
date-format-xparb,date-format-xparb,date-format-xparb,quickjs,256,30,23.11207585937518,23.146570891536484,0.31515923824588254,0.5467693789050827,22.5825288554679,23.737848546876194,0
date-format-xparb,date-format-xparb,date-format-xparb,v8,256,30,4.494123046875,4.482005208333334,0.11232024229953759,0.11987890624999942,4.15966015625,4.65090625,0
date-format-xparb,date-format-xparb,date-format-xparb,jsc,256,30,8.2558203125,8.327223958333333,0.3075633288636241,0.37687500000000007,7.85765625,8.898671875,0
math-cordic,math-cordic,math-cordic,quickjs,64,30,24.217662070313963,24.1811787359378,0.514117004126048,0.38179431250318885,22.82812874999945,24.913709468746674,0
math-cordic,math-cordic,math-cordic,v8,64,30,18.512640625000003,18.464908854166666,0.47714706699995685,0.31054687499999645,17.109406250000003,19.2211875,0
math-cordic,math-cordic,math-cordic,jsc,64,30,19.67171875,19.627958333333332,0.46887754538711585,0.4890624999999993,18.2159375,20.5828125,0
math-partial-sums,math-partial-sums,math-partial-sums,quickjs,128,30,11.858211406248302,11.917769855989748,0.6985967115172298,0.29847849218640476,10.996026554690616,15.347915453123278,0
math-partial-sums,math-partial-sums,math-partial-sums,v8,128,30,13.0858984375,13.406076822916667,1.4929319096094253,0.42558593750000107,12.355195312500001,19.2084296875,0
math-partial-sums,math-partial-sums,math-partial-sums,jsc,128,30,10.308515625,10.37384375,0.44499355373273164,0.18265625000000085,9.5825,12.53046875,0
math-spectral-norm,math-spectral-norm,math-spectral-norm,quickjs,128,30,8.895600468749763,8.842272720312454,0.30179452845972016,0.27907204687653575,8.155868226560415,9.384023851562233,0
math-spectral-norm,math-spectral-norm,math-spectral-norm,v8,128,30,9.253429687499999,9.232945833333334,0.3209102750772827,0.24763281249999913,8.480484375,9.9494453125,0
math-spectral-norm,math-spectral-norm,math-spectral-norm,jsc,128,30,11.238203125,11.189640625,0.2804194367907434,0.24546875000000057,10.39296875,11.880625,0
regexp-dna,regexp-dna,regexp-dna,quickjs,512,30,69.46810688378923,69.45673135748693,1.9619739291537486,1.4582669550773062,60.1334299921873,71.3952731015629,0
regexp-dna,regexp-dna,regexp-dna,v8,512,30,2.000328125,1.9948217447916667,0.07922129869203545,0.06285937500000016,1.68318359375,2.111548828125,5
regexp-dna,regexp-dna,regexp-dna,jsc,512,30,100.77671875,101.0989296875,2.4375908585018897,2.0807031249999994,94.9507421875,110.542265625,0
string-base64,string-base64,string-base64,quickjs,256,30,16.595392103515678,16.554907481119624,0.44474403023277426,0.35412241015546897,15.418746289062256,18.201263695313173,0
string-base64,string-base64,string-base64,v8,256,30,6.724712890625,6.708327083333334,0.17540520169647664,0.21012890624999958,6.271570312500001,7.00371484375,0
string-base64,string-base64,string-base64,jsc,256,30,9.850507812499998,9.8144296875,0.23318217037671107,0.1713281250000005,8.85375,10.2209375,0
string-fasta,string-fasta,string-fasta,quickjs,128,30,24.270108062501095,24.140072076302083,0.5595363049395303,0.4916995234307251,22.39044953906341,25.298640554687154,0
string-fasta,string-fasta,string-fasta,v8,128,30,10.969003906249998,10.92586640625,0.4796758313209169,0.4054531249999993,9.931484375,12.7748828125,0
string-fasta,string-fasta,string-fasta,jsc,128,30,13.518671874999999,13.558130208333333,0.3629259385501822,0.29890624999999993,12.46140625,14.5071875,0
string-tagcloud,string-tagcloud,string-tagcloud,quickjs,256,30,23.80152271679799,23.729155344010504,0.423209591000746,0.5609263203120918,22.77600931640336,24.747690492187758,0
string-tagcloud,string-tagcloud,string-tagcloud,v8,256,30,6.084734375,6.095550911458333,0.13947410662272744,0.12600000000000033,5.655,6.477828124999999,0
string-tagcloud,string-tagcloud,string-tagcloud,jsc,256,30,19.3883984375,19.329072916666668,0.3143243486537577,0.36421874999999915,18.651875,19.79640625,0
string-unpack-code,string-unpack-code,string-unpack-code,quickjs,256,30,46.26155169531239,47.02168137148421,4.513359617421938,0.9475573749987234,44.86104501953014,70.59806024609134,0
string-unpack-code,string-unpack-code,string-unpack-code,v8,256,30,7.037482421875,7.124325520833334,0.6174677247852846,0.23379296875000044,6.456273437499999,10.22223828125,0
string-unpack-code,string-unpack-code,string-unpack-code,jsc,256,30,13.5516015625,13.724703125,1.4026923938067528,0.3216406249999988,12.466640625,20.961875,0
string-validate-input,string-validate-input,string-validate-input,quickjs,256,30,12.07269711718709,12.062685995833256,0.223257972405555,0.1984934804659133,11.533892738279974,12.665474652343619,0
string-validate-input,string-validate-input,string-validate-input,v8,256,30,5.9809375,6.015341015625,0.14171572638184682,0.14516796875000093,5.7052109375,6.33701953125,0
string-validate-input,string-validate-input,string-validate-input,jsc,256,30,11.228124999999999,11.197588541666667,0.3020333110461519,0.28976562499999936,10.06125,11.706796875,0
