engine,test,iteration,wall_time_ns,exit_code,valid
quickjs,crypto-aes,1,29358900,0,true
v8_ignition,crypto-aes,1,58929900,0,true
v8_ignition,access-nbody,1,59149100,0,true
quickjs,access-nbody,1,28682700,0,true
quickjs,bitops-nsieve-bits,1,25999400,0,true
v8_ignition,bitops-nsieve-bits,1,64445900,0,true
v8_ignition,access-binary-trees,1,48696500,0,true
quickjs,access-binary-trees,1,26734100,0,true
v8_ignition,math-spectral-norm,1,50228200,0,true
quickjs,math-spectral-norm,1,22240300,0,true
v8_ignition,bitops-bitwise-and,1,53568600,0,true
quickjs,bitops-bitwise-and,1,25040100,0,true
quickjs,date-format-xparb,1,35888000,0,true
v8_ignition,date-format-xparb,1,50405100,0,true
v8_ignition,3d-morph,1,63218100,0,true
quickjs,3d-morph,1,38734100,0,true
quickjs,access-nsieve,1,38836900,0,true
v8_ignition,access-nsieve,1,53134600,0,true
v8_ignition,math-cordic,1,59471000,0,true
quickjs,math-cordic,1,35389800,0,true
v8_ignition,string-tagcloud,1,54113900,0,true
quickjs,string-tagcloud,1,42131100,0,true
v8_ignition,string-base64,1,48514100,0,true
quickjs,string-base64,1,35945700,0,true
v8_ignition,date-format-tofte,1,52970800,0,true
quickjs,date-format-tofte,1,65905400,0,true
quickjs,3d-raytrace,1,30515600,0,true
v8_ignition,3d-raytrace,1,73371600,0,true
quickjs,3d-cube,1,46002600,0,true
v8_ignition,3d-cube,1,69034400,0,true
v8_ignition,string-validate-input,1,52916000,0,true
quickjs,string-validate-input,1,28369500,0,true
quickjs,string-unpack-code,1,78121200,0,true
v8_ignition,string-unpack-code,1,50320300,0,true
v8_ignition,bitops-3bit-bits-in-byte,1,49258500,0,true
quickjs,bitops-3bit-bits-in-byte,1,22651700,0,true
v8_ignition,controlflow-recursive,1,48217100,0,true
quickjs,controlflow-recursive,1,21919500,0,true
v8_ignition,crypto-md5,1,50542700,0,true
quickjs,crypto-md5,1,21406500,0,true
quickjs,crypto-sha1,1,21077200,0,true
v8_ignition,crypto-sha1,1,50850300,0,true
quickjs,access-fannkuch,1,49726200,0,true
v8_ignition,access-fannkuch,1,76153400,0,true
quickjs,bitops-bits-in-byte,1,32183000,0,true
v8_ignition,bitops-bits-in-byte,1,57917500,0,true
quickjs,string-fasta,1,39829200,0,true
v8_ignition,string-fasta,1,50862500,0,true
quickjs,regexp-dna,1,96464700,0,true
v8_ignition,regexp-dna,1,46390500,0,true
quickjs,math-partial-sums,1,30247500,0,true
v8_ignition,math-partial-sums,1,53552200,0,true
quickjs,string-tagcloud,2,39460500,0,true
v8_ignition,string-tagcloud,2,50321100,0,true
quickjs,3d-morph,2,33640100,0,true
v8_ignition,3d-morph,2,59668100,0,true
v8_ignition,crypto-aes,2,56566900,0,true
quickjs,crypto-aes,2,25332700,0,true
quickjs,string-base64,2,33414300,0,true
v8_ignition,string-base64,2,46227300,0,true
quickjs,crypto-md5,2,18576300,0,true
v8_ignition,crypto-md5,2,48427000,0,true
quickjs,math-spectral-norm,2,19780300,0,true
v8_ignition,math-spectral-norm,2,46953100,0,true
v8_ignition,access-fannkuch,2,74952200,0,true
quickjs,access-fannkuch,2,46773100,0,true
v8_ignition,math-partial-sums,2,49167800,0,true
quickjs,math-partial-sums,2,26865600,0,true
quickjs,access-nbody,2,25303100,0,true
v8_ignition,access-nbody,2,53726300,0,true
v8_ignition,3d-raytrace,2,54774100,0,true
quickjs,3d-raytrace,2,25823900,0,true
v8_ignition,3d-cube,2,60745900,0,true
quickjs,3d-cube,2,43498600,0,true
quickjs,access-binary-trees,2,22241900,0,true
v8_ignition,access-binary-trees,2,41920300,0,true
quickjs,bitops-bitwise-and,2,21768900,0,true
v8_ignition,bitops-bitwise-and,2,50315400,0,true
v8_ignition,access-nsieve,2,48412200,0,true
quickjs,access-nsieve,2,37797100,0,true
v8_ignition,bitops-bits-in-byte,2,67871500,0,true
quickjs,bitops-bits-in-byte,2,29527000,0,true
v8_ignition,string-fasta,2,53299400,0,true
quickjs,string-fasta,2,36772000,0,true
v8_ignition,crypto-sha1,2,48702500,0,true
quickjs,crypto-sha1,2,17953900,0,true
quickjs,controlflow-recursive,2,18253300,0,true
v8_ignition,controlflow-recursive,2,44293700,0,true
v8_ignition,string-unpack-code,2,50727400,0,true
quickjs,string-unpack-code,2,73314600,0,true
v8_ignition,date-format-xparb,2,45323800,0,true
quickjs,date-format-xparb,2,31749700,0,true
v8_ignition,regexp-dna,2,41547200,0,true
quickjs,regexp-dna,2,92207900,0,true
v8_ignition,bitops-nsieve-bits,2,59467100,0,true
quickjs,bitops-nsieve-bits,2,22964400,0,true
quickjs,bitops-3bit-bits-in-byte,2,21461100,0,true
v8_ignition,bitops-3bit-bits-in-byte,2,45268600,0,true
quickjs,math-cordic,2,32840400,0,true
v8_ignition,math-cordic,2,59180500,0,true
quickjs,string-validate-input,2,24420700,0,true
v8_ignition,string-validate-input,2,47097700,0,true
quickjs,date-format-tofte,2,42191900,0,true
v8_ignition,date-format-tofte,2,48935900,0,true
v8_ignition,date-format-tofte,3,48580000,0,true
quickjs,date-format-tofte,3,41040000,0,true
quickjs,crypto-aes,3,25345400,0,true
v8_ignition,crypto-aes,3,55101600,0,true
quickjs,math-partial-sums,3,26729100,0,true
v8_ignition,math-partial-sums,3,50453500,0,true
quickjs,string-unpack-code,3,73092800,0,true
v8_ignition,string-unpack-code,3,48717600,0,true
v8_ignition,string-base64,3,45725500,0,true
quickjs,string-base64,3,35432200,0,true
quickjs,regexp-dna,3,92033600,0,true
v8_ignition,regexp-dna,3,45204600,0,true
v8_ignition,access-binary-trees,3,42932200,0,true
quickjs,access-binary-trees,3,22245900,0,true
quickjs,access-fannkuch,3,46432700,0,true
v8_ignition,access-fannkuch,3,72800500,0,true
quickjs,bitops-nsieve-bits,3,24123200,0,true
v8_ignition,bitops-nsieve-bits,3,60861700,0,true
quickjs,crypto-sha1,3,17245300,0,true
v8_ignition,crypto-sha1,3,47178800,0,true
v8_ignition,math-cordic,3,57586200,0,true
quickjs,math-cordic,3,32649200,0,true
v8_ignition,3d-morph,3,60887700,0,true
quickjs,3d-morph,3,33649500,0,true
v8_ignition,crypto-md5,3,46394700,0,true
quickjs,crypto-md5,3,18061800,0,true
v8_ignition,controlflow-recursive,3,44357600,0,true
quickjs,controlflow-recursive,3,18607200,0,true
quickjs,3d-cube,3,40971200,0,true
v8_ignition,3d-cube,3,59915900,0,true
v8_ignition,string-validate-input,3,44614800,0,true
quickjs,string-validate-input,3,24638400,0,true
quickjs,date-format-xparb,3,31192800,0,true
v8_ignition,date-format-xparb,3,44932700,0,true
v8_ignition,math-spectral-norm,3,47214700,0,true
quickjs,math-spectral-norm,3,19068000,0,true
quickjs,3d-raytrace,3,26871000,0,true
v8_ignition,3d-raytrace,3,54951500,0,true
quickjs,string-fasta,3,37331800,0,true
v8_ignition,string-fasta,3,50724300,0,true
v8_ignition,string-tagcloud,3,50690300,0,true
quickjs,string-tagcloud,3,39894300,0,true
v8_ignition,bitops-bitwise-and,3,51587500,0,true
quickjs,bitops-bitwise-and,3,22470800,0,true
v8_ignition,bitops-3bit-bits-in-byte,3,45348600,0,true
quickjs,bitops-3bit-bits-in-byte,3,19416400,0,true
quickjs,access-nsieve,3,33923400,0,true
v8_ignition,access-nsieve,3,48544400,0,true
v8_ignition,access-nbody,3,56440000,0,true
quickjs,access-nbody,3,25566800,0,true
quickjs,bitops-bits-in-byte,3,29045000,0,true
v8_ignition,bitops-bits-in-byte,3,56968900,0,true
v8_ignition,bitops-nsieve-bits,4,62386600,0,true
quickjs,bitops-nsieve-bits,4,23488400,0,true
quickjs,access-binary-trees,4,22025500,0,true
v8_ignition,access-binary-trees,4,43026200,0,true
v8_ignition,bitops-bits-in-byte,4,53912800,0,true
quickjs,bitops-bits-in-byte,4,29585500,0,true
v8_ignition,date-format-xparb,4,45281600,0,true
quickjs,date-format-xparb,4,32022800,0,true
quickjs,controlflow-recursive,4,18097600,0,true
v8_ignition,controlflow-recursive,4,45275300,0,true
v8_ignition,string-unpack-code,4,50666600,0,true
quickjs,string-unpack-code,4,74373100,0,true
v8_ignition,string-fasta,4,49762000,0,true
quickjs,string-fasta,4,36504800,0,true
quickjs,string-tagcloud,4,38669700,0,true
v8_ignition,string-tagcloud,4,51407200,0,true
v8_ignition,crypto-aes,4,57468500,0,true
quickjs,crypto-aes,4,25785100,0,true
quickjs,crypto-md5,4,17090000,0,true
v8_ignition,crypto-md5,4,48256300,0,true
quickjs,math-spectral-norm,4,19535900,0,true
v8_ignition,math-spectral-norm,4,46050800,0,true
quickjs,3d-morph,4,34530400,0,true
v8_ignition,3d-morph,4,59084000,0,true
v8_ignition,crypto-sha1,4,48453000,0,true
quickjs,crypto-sha1,4,16241400,0,true
v8_ignition,access-fannkuch,4,74354900,0,true
quickjs,access-fannkuch,4,45997700,0,true
quickjs,bitops-3bit-bits-in-byte,4,20486500,0,true
v8_ignition,bitops-3bit-bits-in-byte,4,44878200,0,true
quickjs,math-cordic,4,32161300,0,true
v8_ignition,math-cordic,4,59220100,0,true
quickjs,string-base64,4,33581900,0,true
v8_ignition,string-base64,4,45844800,0,true
quickjs,access-nbody,4,26022400,0,true
v8_ignition,access-nbody,4,58253600,0,true
v8_ignition,3d-cube,4,59940500,0,true
quickjs,3d-cube,4,42109200,0,true
quickjs,string-validate-input,4,24333700,0,true
v8_ignition,string-validate-input,4,48093100,0,true
v8_ignition,3d-raytrace,4,56417300,0,true
quickjs,3d-raytrace,4,29529300,0,true
quickjs,date-format-tofte,4,44021600,0,true
v8_ignition,date-format-tofte,4,49870700,0,true
v8_ignition,access-nsieve,4,49393700,0,true
quickjs,access-nsieve,4,34361700,0,true
v8_ignition,math-partial-sums,4,51595000,0,true
quickjs,math-partial-sums,4,27709400,0,true
v8_ignition,regexp-dna,4,41971700,0,true
quickjs,regexp-dna,4,92106200,0,true
quickjs,bitops-bitwise-and,4,20979500,0,true
v8_ignition,bitops-bitwise-and,4,49871800,0,true
quickjs,regexp-dna,5,92633600,0,true
v8_ignition,regexp-dna,5,40410600,0,true
quickjs,crypto-aes,5,25736900,0,true
v8_ignition,crypto-aes,5,54685600,0,true
v8_ignition,3d-morph,5,59613000,0,true
quickjs,3d-morph,5,34407400,0,true
quickjs,string-unpack-code,5,74005400,0,true
v8_ignition,string-unpack-code,5,50150000,0,true
v8_ignition,string-tagcloud,5,49355800,0,true
quickjs,string-tagcloud,5,38477400,0,true
quickjs,crypto-sha1,5,17055400,0,true
v8_ignition,crypto-sha1,5,48847800,0,true
quickjs,bitops-nsieve-bits,5,23084100,0,true
v8_ignition,bitops-nsieve-bits,5,63188200,0,true
v8_ignition,access-binary-trees,5,44907400,0,true
quickjs,access-binary-trees,5,22361700,0,true
quickjs,math-partial-sums,5,28490900,0,true
v8_ignition,math-partial-sums,5,55410000,0,true
quickjs,3d-cube,5,46327400,0,true
v8_ignition,3d-cube,5,60874800,0,true
v8_ignition,math-spectral-norm,5,45273600,0,true
quickjs,math-spectral-norm,5,19127700,0,true
v8_ignition,access-nbody,5,54071900,0,true
quickjs,access-nbody,5,25895200,0,true
v8_ignition,date-format-tofte,5,48036800,0,true
quickjs,date-format-tofte,5,41773900,0,true
quickjs,string-fasta,5,36604000,0,true
v8_ignition,string-fasta,5,51657100,0,true
v8_ignition,bitops-3bit-bits-in-byte,5,45909500,0,true
quickjs,bitops-3bit-bits-in-byte,5,21591700,0,true
quickjs,access-fannkuch,5,46367500,0,true
v8_ignition,access-fannkuch,5,74664300,0,true
quickjs,bitops-bits-in-byte,5,29862400,0,true
v8_ignition,bitops-bits-in-byte,5,56615900,0,true
v8_ignition,math-cordic,5,57622400,0,true
quickjs,math-cordic,5,32338600,0,true
quickjs,access-nsieve,5,33855300,0,true
v8_ignition,access-nsieve,5,46768700,0,true
v8_ignition,string-base64,5,44140900,0,true
quickjs,string-base64,5,32734100,0,true
quickjs,date-format-xparb,5,31185500,0,true
v8_ignition,date-format-xparb,5,44768200,0,true
quickjs,3d-raytrace,5,25813700,0,true
v8_ignition,3d-raytrace,5,56147200,0,true
v8_ignition,string-validate-input,5,46709100,0,true
quickjs,string-validate-input,5,25067800,0,true
v8_ignition,bitops-bitwise-and,5,53930000,0,true
quickjs,bitops-bitwise-and,5,22205000,0,true
v8_ignition,controlflow-recursive,5,44472000,0,true
quickjs,controlflow-recursive,5,18434300,0,true
v8_ignition,crypto-md5,5,48839600,0,true
quickjs,crypto-md5,5,17273800,0,true
v8_ignition,crypto-sha1,6,47569500,0,true
quickjs,crypto-sha1,6,18978300,0,true
quickjs,crypto-md5,6,17811700,0,true
v8_ignition,crypto-md5,6,48366200,0,true
v8_ignition,bitops-bits-in-byte,6,59862800,0,true
quickjs,bitops-bits-in-byte,6,30266800,0,true
quickjs,bitops-3bit-bits-in-byte,6,19768700,0,true
v8_ignition,bitops-3bit-bits-in-byte,6,45137700,0,true
v8_ignition,date-format-xparb,6,47263000,0,true
quickjs,date-format-xparb,6,32493400,0,true
quickjs,date-format-tofte,6,41608100,0,true
v8_ignition,date-format-tofte,6,49930800,0,true
v8_ignition,string-unpack-code,6,52999700,0,true
quickjs,string-unpack-code,6,73124300,0,true
v8_ignition,crypto-aes,6,56370000,0,true
quickjs,crypto-aes,6,25692900,0,true
quickjs,string-base64,6,32906000,0,true
v8_ignition,string-base64,6,43984100,0,true
v8_ignition,access-nsieve,6,47100300,0,true
quickjs,access-nsieve,6,34491600,0,true
quickjs,string-validate-input,6,23457600,0,true
v8_ignition,string-validate-input,6,46789500,0,true
quickjs,access-nbody,6,25632200,0,true
v8_ignition,access-nbody,6,57031300,0,true
quickjs,access-binary-trees,6,22038800,0,true
v8_ignition,access-binary-trees,6,43572100,0,true
v8_ignition,access-fannkuch,6,75198100,0,true
quickjs,access-fannkuch,6,46636400,0,true
quickjs,bitops-bitwise-and,6,21301200,0,true
v8_ignition,bitops-bitwise-and,6,49766000,0,true
quickjs,math-cordic,6,33292100,0,true
v8_ignition,math-cordic,6,57148300,0,true
v8_ignition,3d-cube,6,61579700,0,true
quickjs,3d-cube,6,41353000,0,true
v8_ignition,math-partial-sums,6,50985600,0,true
quickjs,math-partial-sums,6,28510600,0,true
v8_ignition,regexp-dna,6,41642400,0,true
quickjs,regexp-dna,6,91639900,0,true
quickjs,controlflow-recursive,6,18698400,0,true
v8_ignition,controlflow-recursive,6,42365000,0,true
v8_ignition,3d-raytrace,6,52285900,0,true
quickjs,3d-raytrace,6,25919800,0,true
quickjs,3d-morph,6,33354200,0,true
v8_ignition,3d-morph,6,59525000,0,true
v8_ignition,bitops-nsieve-bits,6,61737400,0,true
quickjs,bitops-nsieve-bits,6,24635000,0,true
quickjs,math-spectral-norm,6,18681500,0,true
v8_ignition,math-spectral-norm,6,47056400,0,true
v8_ignition,string-fasta,6,50507500,0,true
quickjs,string-fasta,6,37406400,0,true
quickjs,string-tagcloud,6,39878300,0,true
v8_ignition,string-tagcloud,6,52219800,0,true
quickjs,3d-raytrace,7,26354400,0,true
v8_ignition,3d-raytrace,7,57568300,0,true
v8_ignition,string-tagcloud,7,51625300,0,true
quickjs,string-tagcloud,7,39547600,0,true
v8_ignition,crypto-md5,7,47931700,0,true
quickjs,crypto-md5,7,17967700,0,true
v8_ignition,controlflow-recursive,7,45619300,0,true
quickjs,controlflow-recursive,7,18638000,0,true
quickjs,bitops-bits-in-byte,7,29729900,0,true
v8_ignition,bitops-bits-in-byte,7,56433600,0,true
quickjs,3d-cube,7,41175800,0,true
v8_ignition,3d-cube,7,61497800,0,true
quickjs,crypto-aes,7,25789700,0,true
v8_ignition,crypto-aes,7,55079000,0,true
quickjs,access-fannkuch,7,44984000,0,true
v8_ignition,access-fannkuch,7,74655800,0,true
v8_ignition,access-nbody,7,55937800,0,true
quickjs,access-nbody,7,25078400,0,true
v8_ignition,string-base64,7,45090500,0,true
quickjs,string-base64,7,32759800,0,true
quickjs,math-partial-sums,7,28264200,0,true
v8_ignition,math-partial-sums,7,49537600,0,true
quickjs,crypto-sha1,7,17658000,0,true
v8_ignition,crypto-sha1,7,48026300,0,true
v8_ignition,bitops-3bit-bits-in-byte,7,47259300,0,true
quickjs,bitops-3bit-bits-in-byte,7,20237800,0,true
v8_ignition,string-validate-input,7,48750500,0,true
quickjs,string-validate-input,7,25913400,0,true
quickjs,bitops-nsieve-bits,7,24884300,0,true
v8_ignition,bitops-nsieve-bits,7,62340400,0,true
quickjs,string-fasta,7,36385700,0,true
v8_ignition,string-fasta,7,51439500,0,true
v8_ignition,date-format-tofte,7,47079900,0,true
quickjs,date-format-tofte,7,41574600,0,true
quickjs,access-nsieve,7,34016900,0,true
v8_ignition,access-nsieve,7,48055300,0,true
v8_ignition,math-spectral-norm,7,49144900,0,true
quickjs,math-spectral-norm,7,19563500,0,true
v8_ignition,bitops-bitwise-and,7,49639600,0,true
quickjs,bitops-bitwise-and,7,21745100,0,true
quickjs,string-unpack-code,7,72390400,0,true
v8_ignition,string-unpack-code,7,50177200,0,true
v8_ignition,3d-morph,7,59481600,0,true
quickjs,3d-morph,7,34044700,0,true
v8_ignition,math-cordic,7,62069800,0,true
quickjs,math-cordic,7,33556000,0,true
quickjs,regexp-dna,7,93199300,0,true
v8_ignition,regexp-dna,7,41453300,0,true
quickjs,date-format-xparb,7,33332700,0,true
v8_ignition,date-format-xparb,7,45323600,0,true
v8_ignition,access-binary-trees,7,43904400,0,true
quickjs,access-binary-trees,7,22407400,0,true
v8_ignition,3d-cube,8,62360000,0,true
quickjs,3d-cube,8,41909900,0,true
quickjs,access-nbody,8,24778400,0,true
v8_ignition,access-nbody,8,55668600,0,true
v8_ignition,access-fannkuch,8,74549300,0,true
quickjs,access-fannkuch,8,45398200,0,true
v8_ignition,string-unpack-code,8,49628800,0,true
quickjs,string-unpack-code,8,73209100,0,true
v8_ignition,bitops-nsieve-bits,8,61231100,0,true
quickjs,bitops-nsieve-bits,8,23353400,0,true
v8_ignition,3d-raytrace,8,56174000,0,true
quickjs,3d-raytrace,8,25857500,0,true
quickjs,string-validate-input,8,23960000,0,true
v8_ignition,string-validate-input,8,47095000,0,true
quickjs,date-format-tofte,8,41663300,0,true
v8_ignition,date-format-tofte,8,49763000,0,true
quickjs,access-binary-trees,8,22558800,0,true
v8_ignition,access-binary-trees,8,44774300,0,true
v8_ignition,date-format-xparb,8,45084900,0,true
quickjs,date-format-xparb,8,31802600,0,true
quickjs,crypto-md5,8,18022200,0,true
v8_ignition,crypto-md5,8,47182800,0,true
v8_ignition,math-partial-sums,8,51190900,0,true
quickjs,math-partial-sums,8,27297100,0,true
quickjs,math-cordic,8,32407800,0,true
v8_ignition,math-cordic,8,59158400,0,true
v8_ignition,crypto-aes,8,55374800,0,true
quickjs,crypto-aes,8,25839800,0,true
quickjs,string-base64,8,32517000,0,true
v8_ignition,string-base64,8,44343800,0,true
v8_ignition,access-nsieve,8,48857700,0,true
quickjs,access-nsieve,8,34440500,0,true
quickjs,bitops-bitwise-and,8,21505300,0,true
v8_ignition,bitops-bitwise-and,8,51332500,0,true
quickjs,3d-morph,8,33505500,0,true
v8_ignition,3d-morph,8,60988200,0,true
v8_ignition,bitops-bits-in-byte,8,57338100,0,true
quickjs,bitops-bits-in-byte,8,29326700,0,true
quickjs,bitops-3bit-bits-in-byte,8,19792900,0,true
v8_ignition,bitops-3bit-bits-in-byte,8,47596600,0,true
v8_ignition,string-fasta,8,50593000,0,true
quickjs,string-fasta,8,36987800,0,true
quickjs,math-spectral-norm,8,19336000,0,true
v8_ignition,math-spectral-norm,8,46372300,0,true
quickjs,string-tagcloud,8,39203700,0,true
v8_ignition,string-tagcloud,8,51182300,0,true
quickjs,controlflow-recursive,8,18594000,0,true
v8_ignition,controlflow-recursive,8,43704700,0,true
v8_ignition,regexp-dna,8,42353400,0,true
quickjs,regexp-dna,8,98862100,0,true
v8_ignition,crypto-sha1,8,48596800,0,true
quickjs,crypto-sha1,8,16719000,0,true
quickjs,string-fasta,9,36685100,0,true
v8_ignition,string-fasta,9,46480500,0,true
v8_ignition,math-spectral-norm,9,45737400,0,true
quickjs,math-spectral-norm,9,19428200,0,true
quickjs,3d-cube,9,41103500,0,true
v8_ignition,3d-cube,9,60373500,0,true
v8_ignition,3d-morph,9,59744300,0,true
quickjs,3d-morph,9,33405500,0,true
quickjs,regexp-dna,9,98561500,0,true
v8_ignition,regexp-dna,9,45098900,0,true
quickjs,3d-raytrace,9,26026500,0,true
v8_ignition,3d-raytrace,9,58436400,0,true
v8_ignition,string-base64,9,45588700,0,true
quickjs,string-base64,9,33141700,0,true
v8_ignition,bitops-3bit-bits-in-byte,9,44656700,0,true
quickjs,bitops-3bit-bits-in-byte,9,19883800,0,true
v8_ignition,crypto-md5,9,47887100,0,true
quickjs,crypto-md5,9,18459600,0,true
quickjs,access-nsieve,9,34102200,0,true
v8_ignition,access-nsieve,9,51860800,0,true
quickjs,crypto-aes,9,25819900,0,true
v8_ignition,crypto-aes,9,54887600,0,true
v8_ignition,math-cordic,9,56818400,0,true
quickjs,math-cordic,9,31815200,0,true
quickjs,bitops-bits-in-byte,9,29437000,0,true
v8_ignition,bitops-bits-in-byte,9,54519800,0,true
v8_ignition,access-binary-trees,9,42676400,0,true
quickjs,access-binary-trees,9,23583000,0,true
quickjs,access-fannkuch,9,46412800,0,true
v8_ignition,access-fannkuch,9,73625700,0,true
quickjs,math-partial-sums,9,27167000,0,true
v8_ignition,math-partial-sums,9,51162400,0,true
quickjs,date-format-xparb,9,32450900,0,true
v8_ignition,date-format-xparb,9,45706300,0,true
v8_ignition,string-validate-input,9,48716400,0,true
quickjs,string-validate-input,9,24386200,0,true
v8_ignition,bitops-bitwise-and,9,52999100,0,true
quickjs,bitops-bitwise-and,9,22888300,0,true
quickjs,string-unpack-code,9,73363200,0,true
v8_ignition,string-unpack-code,9,50467800,0,true
v8_ignition,access-nbody,9,56188700,0,true
quickjs,access-nbody,9,25300900,0,true
quickjs,crypto-sha1,9,17200400,0,true
v8_ignition,crypto-sha1,9,48955200,0,true
v8_ignition,date-format-tofte,9,50877000,0,true
quickjs,date-format-tofte,9,41265100,0,true
quickjs,bitops-nsieve-bits,9,22876300,0,true
v8_ignition,bitops-nsieve-bits,9,63303400,0,true
v8_ignition,string-tagcloud,9,48612800,0,true
quickjs,string-tagcloud,9,39164200,0,true
v8_ignition,controlflow-recursive,9,43880700,0,true
quickjs,controlflow-recursive,9,18428600,0,true
quickjs,math-spectral-norm,10,18859000,0,true
v8_ignition,math-spectral-norm,10,47115800,0,true
quickjs,bitops-3bit-bits-in-byte,10,19972600,0,true
v8_ignition,bitops-3bit-bits-in-byte,10,45343200,0,true
quickjs,math-cordic,10,32283100,0,true
v8_ignition,math-cordic,10,58598300,0,true
quickjs,string-base64,10,33899400,0,true
v8_ignition,string-base64,10,47590000,0,true
v8_ignition,3d-cube,10,62721900,0,true
quickjs,3d-cube,10,42075800,0,true
quickjs,bitops-bitwise-and,10,22573400,0,true
v8_ignition,bitops-bitwise-and,10,49425700,0,true
v8_ignition,3d-raytrace,10,58663900,0,true
quickjs,3d-raytrace,10,26370600,0,true
v8_ignition,access-nsieve,10,48108100,0,true
quickjs,access-nsieve,10,34129800,0,true
v8_ignition,bitops-nsieve-bits,10,61158600,0,true
quickjs,bitops-nsieve-bits,10,23137300,0,true
quickjs,date-format-tofte,10,41155100,0,true
v8_ignition,date-format-tofte,10,49430900,0,true
v8_ignition,bitops-bits-in-byte,10,56413300,0,true
quickjs,bitops-bits-in-byte,10,29179900,0,true
v8_ignition,string-unpack-code,10,48779300,0,true
quickjs,string-unpack-code,10,73844000,0,true
quickjs,access-binary-trees,10,23946100,0,true
v8_ignition,access-binary-trees,10,44330600,0,true
v8_ignition,date-format-xparb,10,46628600,0,true
quickjs,date-format-xparb,10,31654900,0,true
v8_ignition,regexp-dna,10,44635700,0,true
quickjs,regexp-dna,10,92831700,0,true
quickjs,string-validate-input,10,24178000,0,true
v8_ignition,string-validate-input,10,48595700,0,true
quickjs,access-nbody,10,25182700,0,true
v8_ignition,access-nbody,10,57120600,0,true
v8_ignition,crypto-aes,10,56802800,0,true
quickjs,crypto-aes,10,25455300,0,true
v8_ignition,access-fannkuch,10,73335000,0,true
quickjs,access-fannkuch,10,46477700,0,true
quickjs,string-tagcloud,10,39140700,0,true
v8_ignition,string-tagcloud,10,51104600,0,true
quickjs,crypto-md5,10,17790600,0,true
v8_ignition,crypto-md5,10,48917300,0,true
quickjs,controlflow-recursive,10,18545800,0,true
v8_ignition,controlflow-recursive,10,41141500,0,true
v8_ignition,math-partial-sums,10,50167500,0,true
quickjs,math-partial-sums,10,27397400,0,true
v8_ignition,crypto-sha1,10,47131300,0,true
quickjs,crypto-sha1,10,17084100,0,true
quickjs,3d-morph,10,33796800,0,true
v8_ignition,3d-morph,10,60040800,0,true
v8_ignition,string-fasta,10,49720100,0,true
quickjs,string-fasta,10,37071100,0,true
v8_ignition,bitops-bitwise-and,11,50449300,0,true
quickjs,bitops-bitwise-and,11,22262900,0,true
quickjs,bitops-nsieve-bits,11,23338000,0,true
v8_ignition,bitops-nsieve-bits,11,62412800,0,true
quickjs,access-nsieve,11,34524000,0,true
v8_ignition,access-nsieve,11,48497700,0,true
v8_ignition,string-validate-input,11,46530900,0,true
quickjs,string-validate-input,11,25292800,0,true
quickjs,string-fasta,11,36423400,0,true
v8_ignition,string-fasta,11,48768700,0,true
quickjs,string-unpack-code,11,73600500,0,true
v8_ignition,string-unpack-code,11,50491300,0,true
v8_ignition,string-tagcloud,11,50014100,0,true
quickjs,string-tagcloud,11,40055500,0,true
quickjs,regexp-dna,11,93489700,0,true
v8_ignition,regexp-dna,11,41869700,0,true
quickjs,date-format-xparb,11,31747700,0,true
v8_ignition,date-format-xparb,11,43862600,0,true
quickjs,crypto-aes,11,26623600,0,true
v8_ignition,crypto-aes,11,54916300,0,true
v8_ignition,math-spectral-norm,11,46038400,0,true
quickjs,math-spectral-norm,11,19093100,0,true
quickjs,math-partial-sums,11,27368200,0,true
v8_ignition,math-partial-sums,11,51860200,0,true
v8_ignition,3d-morph,11,60427700,0,true
quickjs,3d-morph,11,33521700,0,true
quickjs,3d-raytrace,11,26101300,0,true
v8_ignition,3d-raytrace,11,63769200,0,true
v8_ignition,bitops-3bit-bits-in-byte,11,46981000,0,true
quickjs,bitops-3bit-bits-in-byte,11,20800700,0,true
v8_ignition,string-base64,11,42300800,0,true
quickjs,string-base64,11,33754100,0,true
quickjs,3d-cube,11,42822000,0,true
v8_ignition,3d-cube,11,60125700,0,true
v8_ignition,access-binary-trees,11,41385800,0,true
quickjs,access-binary-trees,11,22372100,0,true
quickjs,crypto-sha1,11,16824900,0,true
v8_ignition,crypto-sha1,11,46463300,0,true
v8_ignition,crypto-md5,11,46401400,0,true
quickjs,crypto-md5,11,17580700,0,true
v8_ignition,access-nbody,11,54005500,0,true
quickjs,access-nbody,11,24900800,0,true
quickjs,access-fannkuch,11,46756200,0,true
v8_ignition,access-fannkuch,11,71986500,0,true
v8_ignition,date-format-tofte,11,47325700,0,true
quickjs,date-format-tofte,11,41423900,0,true
v8_ignition,controlflow-recursive,11,42692900,0,true
quickjs,controlflow-recursive,11,19266600,0,true
quickjs,bitops-bits-in-byte,11,30148500,0,true
v8_ignition,bitops-bits-in-byte,11,55673400,0,true
v8_ignition,math-cordic,11,56738400,0,true
quickjs,math-cordic,11,32824200,0,true
v8_ignition,crypto-aes,12,56394100,0,true
quickjs,crypto-aes,12,27742400,0,true
quickjs,string-validate-input,12,28876700,0,true
v8_ignition,string-validate-input,12,57622800,0,true
v8_ignition,bitops-nsieve-bits,12,62078300,0,true
quickjs,bitops-nsieve-bits,12,23446900,0,true
quickjs,controlflow-recursive,12,19291400,0,true
v8_ignition,controlflow-recursive,12,42827800,0,true
v8_ignition,access-nsieve,12,52499900,0,true
quickjs,access-nsieve,12,33911700,0,true
v8_ignition,string-unpack-code,12,50287400,0,true
quickjs,string-unpack-code,12,72781700,0,true
quickjs,math-cordic,12,32269900,0,true
v8_ignition,math-cordic,12,56242800,0,true
quickjs,bitops-bitwise-and,12,21349500,0,true
v8_ignition,bitops-bitwise-and,12,49319100,0,true
quickjs,crypto-md5,12,17606500,0,true
v8_ignition,crypto-md5,12,45670300,0,true
quickjs,date-format-tofte,12,41105300,0,true
v8_ignition,date-format-tofte,12,47134100,0,true
v8_ignition,bitops-bits-in-byte,12,55974000,0,true
quickjs,bitops-bits-in-byte,12,30972600,0,true
v8_ignition,date-format-xparb,12,47933700,0,true
quickjs,date-format-xparb,12,32315200,0,true
quickjs,string-base64,12,33173600,0,true
v8_ignition,string-base64,12,51747400,0,true
v8_ignition,regexp-dna,12,52870800,0,true
quickjs,regexp-dna,12,99025300,0,true
quickjs,3d-morph,12,34542200,0,true
v8_ignition,3d-morph,12,61464000,0,true
quickjs,access-nbody,12,26073100,0,true
v8_ignition,access-nbody,12,56146400,0,true
quickjs,math-spectral-norm,12,19225400,0,true
v8_ignition,math-spectral-norm,12,47342300,0,true
quickjs,bitops-3bit-bits-in-byte,12,20147300,0,true
v8_ignition,bitops-3bit-bits-in-byte,12,43454700,0,true
v8_ignition,math-partial-sums,12,50425400,0,true
quickjs,math-partial-sums,12,30663500,0,true
v8_ignition,3d-raytrace,12,57568600,0,true
quickjs,3d-raytrace,12,26022000,0,true
v8_ignition,string-fasta,12,47408100,0,true
quickjs,string-fasta,12,37051400,0,true
v8_ignition,access-fannkuch,12,70404300,0,true
quickjs,access-fannkuch,12,45883600,0,true
quickjs,string-tagcloud,12,39017500,0,true
v8_ignition,string-tagcloud,12,49700600,0,true
quickjs,access-binary-trees,12,22879500,0,true
v8_ignition,access-binary-trees,12,45087100,0,true
v8_ignition,crypto-sha1,12,48308400,0,true
quickjs,crypto-sha1,12,18277300,0,true
v8_ignition,3d-cube,12,58270500,0,true
quickjs,3d-cube,12,40844100,0,true
v8_ignition,string-tagcloud,13,50192300,0,true
quickjs,string-tagcloud,13,39186000,0,true
v8_ignition,controlflow-recursive,13,44336700,0,true
quickjs,controlflow-recursive,13,18034500,0,true
v8_ignition,3d-morph,13,62132100,0,true
quickjs,3d-morph,13,33957500,0,true
v8_ignition,crypto-md5,13,46383800,0,true
quickjs,crypto-md5,13,17548500,0,true
quickjs,regexp-dna,13,92222600,0,true
v8_ignition,regexp-dna,13,41781000,0,true
quickjs,string-fasta,13,36496100,0,true
v8_ignition,string-fasta,13,50661700,0,true
quickjs,crypto-aes,13,25819700,0,true
v8_ignition,crypto-aes,13,54875500,0,true
v8_ignition,string-base64,13,44412300,0,true
quickjs,string-base64,13,32632000,0,true
quickjs,math-partial-sums,13,32424700,0,true
v8_ignition,math-partial-sums,13,52286300,0,true
v8_ignition,bitops-3bit-bits-in-byte,13,47960600,0,true
quickjs,bitops-3bit-bits-in-byte,13,21370400,0,true
v8_ignition,string-validate-input,13,47575100,0,true
quickjs,string-validate-input,13,24778900,0,true
quickjs,bitops-nsieve-bits,13,23255200,0,true
v8_ignition,bitops-nsieve-bits,13,61190800,0,true
v8_ignition,access-binary-trees,13,45114000,0,true
quickjs,access-binary-trees,13,22096900,0,true
quickjs,3d-cube,13,40990000,0,true
v8_ignition,3d-cube,13,57111200,0,true
v8_ignition,math-spectral-norm,13,46439400,0,true
quickjs,math-spectral-norm,13,20262800,0,true
v8_ignition,access-nbody,13,55223500,0,true
quickjs,access-nbody,13,25925300,0,true
quickjs,access-nsieve,13,33496500,0,true
v8_ignition,access-nsieve,13,47984200,0,true
v8_ignition,math-cordic,13,57509900,0,true
quickjs,math-cordic,13,31852700,0,true
quickjs,string-unpack-code,13,72690300,0,true
v8_ignition,string-unpack-code,13,51069100,0,true
quickjs,bitops-bits-in-byte,13,29632400,0,true
v8_ignition,bitops-bits-in-byte,13,56448100,0,true
quickjs,access-fannkuch,13,45889500,0,true
v8_ignition,access-fannkuch,13,73457200,0,true
quickjs,date-format-xparb,13,31529600,0,true
v8_ignition,date-format-xparb,13,44910300,0,true
v8_ignition,bitops-bitwise-and,13,50753500,0,true
quickjs,bitops-bitwise-and,13,21587300,0,true
v8_ignition,date-format-tofte,13,49080900,0,true
quickjs,date-format-tofte,13,41767500,0,true
quickjs,3d-raytrace,13,27658600,0,true
v8_ignition,3d-raytrace,13,56987200,0,true
quickjs,crypto-sha1,13,17033700,0,true
v8_ignition,crypto-sha1,13,49458300,0,true
v8_ignition,bitops-nsieve-bits,14,60358700,0,true
quickjs,bitops-nsieve-bits,14,24232900,0,true
quickjs,controlflow-recursive,14,19009100,0,true
v8_ignition,controlflow-recursive,14,42596900,0,true
quickjs,access-nbody,14,25866500,0,true
v8_ignition,access-nbody,14,55264100,0,true
quickjs,string-validate-input,14,24217600,0,true
v8_ignition,string-validate-input,14,48347100,0,true
quickjs,access-binary-trees,14,22191500,0,true
v8_ignition,access-binary-trees,14,45184300,0,true
v8_ignition,regexp-dna,14,41457400,0,true
quickjs,regexp-dna,14,92187900,0,true
v8_ignition,crypto-sha1,14,48893900,0,true
quickjs,crypto-sha1,14,17436300,0,true
quickjs,math-spectral-norm,14,18594300,0,true
v8_ignition,math-spectral-norm,14,46407600,0,true
v8_ignition,3d-raytrace,14,56432900,0,true
quickjs,3d-raytrace,14,26487600,0,true
quickjs,string-tagcloud,14,38997200,0,true
v8_ignition,string-tagcloud,14,48557500,0,true
v8_ignition,string-unpack-code,14,49195900,0,true
quickjs,string-unpack-code,14,73394400,0,true
v8_ignition,3d-cube,14,59257000,0,true
quickjs,3d-cube,14,40866800,0,true
quickjs,3d-morph,14,33370800,0,true
v8_ignition,3d-morph,14,63326000,0,true
v8_ignition,crypto-aes,14,54142400,0,true
quickjs,crypto-aes,14,26350500,0,true
quickjs,bitops-bitwise-and,14,21497600,0,true
v8_ignition,bitops-bitwise-and,14,50433700,0,true
quickjs,string-base64,14,33027400,0,true
v8_ignition,string-base64,14,45654500,0,true
quickjs,crypto-md5,14,17780300,0,true
v8_ignition,crypto-md5,14,46382900,0,true
v8_ignition,math-partial-sums,14,52467600,0,true
quickjs,math-partial-sums,14,31869700,0,true
v8_ignition,string-fasta,14,54204100,0,true
quickjs,string-fasta,14,36756000,0,true
quickjs,bitops-3bit-bits-in-byte,14,19490200,0,true
v8_ignition,bitops-3bit-bits-in-byte,14,45772400,0,true
v8_ignition,access-fannkuch,14,74089400,0,true
quickjs,access-fannkuch,14,46699400,0,true
quickjs,math-cordic,14,32449400,0,true
v8_ignition,math-cordic,14,57057800,0,true
v8_ignition,bitops-bits-in-byte,14,55090900,0,true
quickjs,bitops-bits-in-byte,14,29435400,0,true
quickjs,date-format-tofte,14,41935200,0,true
v8_ignition,date-format-tofte,14,46068200,0,true
v8_ignition,date-format-xparb,14,45909100,0,true
quickjs,date-format-xparb,14,31241000,0,true
v8_ignition,access-nsieve,14,49051700,0,true
quickjs,access-nsieve,14,34199500,0,true
quickjs,string-fasta,15,36023300,0,true
v8_ignition,string-fasta,15,52289800,0,true
v8_ignition,date-format-tofte,15,49582500,0,true
quickjs,date-format-tofte,15,41452500,0,true
quickjs,access-nsieve,15,34284400,0,true
v8_ignition,access-nsieve,15,50689500,0,true
quickjs,crypto-aes,15,26256400,0,true
v8_ignition,crypto-aes,15,54938500,0,true
quickjs,date-format-xparb,15,34408200,0,true
v8_ignition,date-format-xparb,15,47596400,0,true
v8_ignition,controlflow-recursive,15,46406400,0,true
quickjs,controlflow-recursive,15,19320100,0,true
v8_ignition,string-base64,15,49141200,0,true
quickjs,string-base64,15,33589800,0,true
v8_ignition,access-binary-trees,15,42157400,0,true
quickjs,access-binary-trees,15,21905400,0,true
v8_ignition,access-nbody,15,58582500,0,true
quickjs,access-nbody,15,25855300,0,true
quickjs,bitops-bits-in-byte,15,29754400,0,true
v8_ignition,bitops-bits-in-byte,15,55917900,0,true
v8_ignition,bitops-3bit-bits-in-byte,15,44760300,0,true
quickjs,bitops-3bit-bits-in-byte,15,20302600,0,true
quickjs,bitops-nsieve-bits,15,23275300,0,true
v8_ignition,bitops-nsieve-bits,15,63047200,0,true
v8_ignition,math-cordic,15,56736000,0,true
quickjs,math-cordic,15,32091000,0,true
v8_ignition,string-tagcloud,15,49786800,0,true
quickjs,string-tagcloud,15,38893400,0,true
quickjs,access-fannkuch,15,49571300,0,true
v8_ignition,access-fannkuch,15,72163900,0,true
v8_ignition,crypto-md5,15,47529700,0,true
quickjs,crypto-md5,15,18289100,0,true
v8_ignition,3d-morph,15,60418200,0,true
quickjs,3d-morph,15,33746100,0,true
quickjs,crypto-sha1,15,17640300,0,true
v8_ignition,crypto-sha1,15,48477700,0,true
quickjs,math-partial-sums,15,32079700,0,true
v8_ignition,math-partial-sums,15,50029800,0,true
v8_ignition,math-spectral-norm,15,47145400,0,true
quickjs,math-spectral-norm,15,19214000,0,true
v8_ignition,bitops-bitwise-and,15,49222500,0,true
quickjs,bitops-bitwise-and,15,22045700,0,true
quickjs,regexp-dna,15,91814900,0,true
v8_ignition,regexp-dna,15,41379800,0,true
quickjs,3d-raytrace,15,25555000,0,true
v8_ignition,3d-raytrace,15,54148200,0,true
v8_ignition,string-validate-input,15,46706500,0,true
quickjs,string-validate-input,15,24195900,0,true
quickjs,string-unpack-code,15,73855400,0,true
v8_ignition,string-unpack-code,15,49438900,0,true
quickjs,3d-cube,15,41851800,0,true
v8_ignition,3d-cube,15,59383600,0,true
v8_ignition,bitops-bits-in-byte,16,55288600,0,true
quickjs,bitops-bits-in-byte,16,29871000,0,true
quickjs,string-validate-input,16,24152800,0,true
v8_ignition,string-validate-input,16,47871100,0,true
v8_ignition,math-partial-sums,16,52359000,0,true
quickjs,math-partial-sums,16,30424500,0,true
quickjs,string-tagcloud,16,39165300,0,true
v8_ignition,string-tagcloud,16,48417600,0,true
quickjs,controlflow-recursive,16,18436900,0,true
v8_ignition,controlflow-recursive,16,43272400,0,true
quickjs,crypto-md5,16,18159100,0,true
v8_ignition,crypto-md5,16,46612500,0,true
quickjs,date-format-tofte,16,40636600,0,true
v8_ignition,date-format-tofte,16,48443100,0,true
v8_ignition,crypto-sha1,16,46407300,0,true
quickjs,crypto-sha1,16,16884600,0,true
v8_ignition,date-format-xparb,16,43773700,0,true
quickjs,date-format-xparb,16,31258300,0,true
quickjs,math-cordic,16,32390400,0,true
v8_ignition,math-cordic,16,56732400,0,true
v8_ignition,3d-raytrace,16,56676100,0,true
quickjs,3d-raytrace,16,26032600,0,true
v8_ignition,3d-cube,16,62054300,0,true
quickjs,3d-cube,16,40994600,0,true
quickjs,bitops-bitwise-and,16,21932100,0,true
v8_ignition,bitops-bitwise-and,16,51652400,0,true
quickjs,access-nbody,16,25148600,0,true
v8_ignition,access-nbody,16,56835100,0,true
v8_ignition,access-fannkuch,16,71836800,0,true
quickjs,access-fannkuch,16,46355800,0,true
quickjs,3d-morph,16,33768000,0,true
v8_ignition,3d-morph,16,57210600,0,true
v8_ignition,crypto-aes,16,56614700,0,true
quickjs,crypto-aes,16,26570400,0,true
quickjs,string-base64,16,33497700,0,true
v8_ignition,string-base64,16,45680000,0,true
quickjs,bitops-3bit-bits-in-byte,16,20884000,0,true
v8_ignition,bitops-3bit-bits-in-byte,16,43504400,0,true
v8_ignition,string-unpack-code,16,50283900,0,true
quickjs,string-unpack-code,16,73018100,0,true
v8_ignition,access-nsieve,16,47376100,0,true
quickjs,access-nsieve,16,34882700,0,true
v8_ignition,string-fasta,16,49697900,0,true
quickjs,string-fasta,16,37219900,0,true
quickjs,access-binary-trees,16,21912900,0,true
v8_ignition,access-binary-trees,16,42199500,0,true
v8_ignition,bitops-nsieve-bits,16,60516700,0,true
quickjs,bitops-nsieve-bits,16,24308300,0,true
quickjs,math-spectral-norm,16,18880200,0,true
v8_ignition,math-spectral-norm,16,47107500,0,true
v8_ignition,regexp-dna,16,42812800,0,true
quickjs,regexp-dna,16,92684200,0,true
v8_ignition,string-tagcloud,17,49113800,0,true
quickjs,string-tagcloud,17,39595600,0,true
v8_ignition,access-nbody,17,56021500,0,true
quickjs,access-nbody,17,25372600,0,true
v8_ignition,string-base64,17,45375200,0,true
quickjs,string-base64,17,32780500,0,true
quickjs,string-unpack-code,17,73835500,0,true
v8_ignition,string-unpack-code,17,49226200,0,true
v8_ignition,math-spectral-norm,17,46231800,0,true
quickjs,math-spectral-norm,17,19934000,0,true
quickjs,string-fasta,17,38777600,0,true
v8_ignition,string-fasta,17,48349600,0,true
quickjs,crypto-aes,17,26000300,0,true
v8_ignition,crypto-aes,17,55061400,0,true
quickjs,bitops-nsieve-bits,17,23708500,0,true
v8_ignition,bitops-nsieve-bits,17,62284000,0,true
v8_ignition,string-validate-input,17,46980000,0,true
quickjs,string-validate-input,17,24889900,0,true
v8_ignition,date-format-tofte,17,48984400,0,true
quickjs,date-format-tofte,17,40801200,0,true
v8_ignition,crypto-md5,17,48245000,0,true
quickjs,crypto-md5,17,18614500,0,true
v8_ignition,access-binary-trees,17,43663600,0,true
quickjs,access-binary-trees,17,22181200,0,true
quickjs,3d-raytrace,17,26813400,0,true
v8_ignition,3d-raytrace,17,56511300,0,true
v8_ignition,bitops-3bit-bits-in-byte,17,46891100,0,true
quickjs,bitops-3bit-bits-in-byte,17,20915700,0,true
v8_ignition,bitops-bitwise-and,17,51189300,0,true
quickjs,bitops-bitwise-and,17,21458300,0,true
quickjs,regexp-dna,17,92845700,0,true
v8_ignition,regexp-dna,17,55129400,0,true
quickjs,math-partial-sums,17,30887100,0,true
v8_ignition,math-partial-sums,17,50071000,0,true
v8_ignition,3d-morph,17,56484500,0,true
quickjs,3d-morph,17,33875600,0,true
v8_ignition,math-cordic,17,57555700,0,true
quickjs,math-cordic,17,33220100,0,true
quickjs,access-fannkuch,17,47007300,0,true
v8_ignition,access-fannkuch,17,71940100,0,true
quickjs,access-nsieve,17,34608800,0,true
v8_ignition,access-nsieve,17,47675300,0,true
quickjs,date-format-xparb,17,32144000,0,true
v8_ignition,date-format-xparb,17,44474000,0,true
quickjs,bitops-bits-in-byte,17,29709900,0,true
v8_ignition,bitops-bits-in-byte,17,59083800,0,true
quickjs,crypto-sha1,17,17682600,0,true
v8_ignition,crypto-sha1,17,49200600,0,true
quickjs,3d-cube,17,41467900,0,true
v8_ignition,3d-cube,17,59859000,0,true
v8_ignition,controlflow-recursive,17,44304700,0,true
quickjs,controlflow-recursive,17,19129800,0,true
v8_ignition,math-partial-sums,18,51191900,0,true
quickjs,math-partial-sums,18,30128300,0,true
v8_ignition,bitops-nsieve-bits,18,61747700,0,true
quickjs,bitops-nsieve-bits,18,23681100,0,true
quickjs,math-cordic,18,31907000,0,true
v8_ignition,math-cordic,18,56473300,0,true
quickjs,string-base64,18,32671400,0,true
v8_ignition,string-base64,18,43778700,0,true
v8_ignition,date-format-xparb,18,43955200,0,true
quickjs,date-format-xparb,18,31443200,0,true
v8_ignition,string-unpack-code,18,51010700,0,true
quickjs,string-unpack-code,18,72846100,0,true
v8_ignition,string-fasta,18,48358100,0,true
quickjs,string-fasta,18,37871400,0,true
quickjs,crypto-md5,18,21326400,0,true
v8_ignition,crypto-md5,18,51212700,0,true
v8_ignition,regexp-dna,18,42951100,0,true
quickjs,regexp-dna,18,95327000,0,true
quickjs,date-format-tofte,18,43919300,0,true
v8_ignition,date-format-tofte,18,49188900,0,true
v8_ignition,3d-cube,18,65029100,0,true
quickjs,3d-cube,18,41499000,0,true
v8_ignition,crypto-aes,18,57130700,0,true
quickjs,crypto-aes,18,26542000,0,true
v8_ignition,3d-raytrace,18,57082000,0,true
quickjs,3d-raytrace,18,25958900,0,true
v8_ignition,access-fannkuch,18,72088100,0,true
quickjs,access-fannkuch,18,47577700,0,true
v8_ignition,access-nsieve,18,48745700,0,true
quickjs,access-nsieve,18,34881600,0,true
quickjs,bitops-3bit-bits-in-byte,18,20425500,0,true
v8_ignition,bitops-3bit-bits-in-byte,18,47000300,0,true
v8_ignition,bitops-bits-in-byte,18,56343300,0,true
quickjs,bitops-bits-in-byte,18,29378200,0,true
quickjs,math-spectral-norm,18,18593700,0,true
v8_ignition,math-spectral-norm,18,46026300,0,true
quickjs,string-validate-input,18,24631000,0,true
v8_ignition,string-validate-input,18,46308300,0,true
v8_ignition,crypto-sha1,18,48630100,0,true
quickjs,crypto-sha1,18,18631100,0,true
quickjs,controlflow-recursive,18,19235800,0,true
v8_ignition,controlflow-recursive,18,45014100,0,true
quickjs,access-nbody,18,25335400,0,true
v8_ignition,access-nbody,18,57152300,0,true
quickjs,string-tagcloud,18,39711900,0,true
v8_ignition,string-tagcloud,18,51039600,0,true
quickjs,access-binary-trees,18,22633400,0,true
v8_ignition,access-binary-trees,18,46356100,0,true
quickjs,3d-morph,18,33425500,0,true
v8_ignition,3d-morph,18,59899000,0,true
quickjs,bitops-bitwise-and,18,21950500,0,true
v8_ignition,bitops-bitwise-and,18,48006200,0,true
quickjs,3d-cube,19,41499600,0,true
v8_ignition,3d-cube,19,59462900,0,true
v8_ignition,date-format-tofte,19,49355700,0,true
quickjs,date-format-tofte,19,41423800,0,true
quickjs,string-fasta,19,36367300,0,true
v8_ignition,string-fasta,19,48894800,0,true
v8_ignition,string-base64,19,43980500,0,true
quickjs,string-base64,19,33807500,0,true
quickjs,crypto-aes,19,25421500,0,true
v8_ignition,crypto-aes,19,56197100,0,true
quickjs,access-nsieve,19,34427300,0,true
v8_ignition,access-nsieve,19,48374900,0,true
v8_ignition,string-tagcloud,19,50041200,0,true
quickjs,string-tagcloud,19,40401500,0,true
v8_ignition,access-binary-trees,19,43737800,0,true
quickjs,access-binary-trees,19,23728300,0,true
v8_ignition,access-nbody,19,54693900,0,true
quickjs,access-nbody,19,25175400,0,true
v8_ignition,math-spectral-norm,19,47041200,0,true
quickjs,math-spectral-norm,19,18963400,0,true
quickjs,regexp-dna,19,91737900,0,true
v8_ignition,regexp-dna,19,40029400,0,true
quickjs,date-format-xparb,19,31561800,0,true
v8_ignition,date-format-xparb,19,43188700,0,true
quickjs,bitops-nsieve-bits,19,24511800,0,true
v8_ignition,bitops-nsieve-bits,19,61762900,0,true
v8_ignition,math-cordic,19,58835900,0,true
quickjs,math-cordic,19,32515600,0,true
v8_ignition,string-validate-input,19,46548300,0,true
quickjs,string-validate-input,19,24438100,0,true
v8_ignition,bitops-bitwise-and,19,49886400,0,true
quickjs,bitops-bitwise-and,19,22156100,0,true
quickjs,string-unpack-code,19,73771800,0,true
v8_ignition,string-unpack-code,19,50405400,0,true
v8_ignition,bitops-3bit-bits-in-byte,19,44770700,0,true
quickjs,bitops-3bit-bits-in-byte,19,21692100,0,true
quickjs,crypto-sha1,19,17144800,0,true
v8_ignition,crypto-sha1,19,48760200,0,true
quickjs,access-fannkuch,19,46471600,0,true
v8_ignition,access-fannkuch,19,72582300,0,true
v8_ignition,controlflow-recursive,19,46861500,0,true
quickjs,controlflow-recursive,19,18263100,0,true
v8_ignition,3d-morph,19,59228300,0,true
quickjs,3d-morph,19,33977100,0,true
quickjs,math-partial-sums,19,30669200,0,true
v8_ignition,math-partial-sums,19,49610200,0,true
v8_ignition,crypto-md5,19,47646500,0,true
quickjs,crypto-md5,19,18036300,0,true
quickjs,3d-raytrace,19,25816300,0,true
v8_ignition,3d-raytrace,19,55933100,0,true
quickjs,bitops-bits-in-byte,19,29279700,0,true
v8_ignition,bitops-bits-in-byte,19,53789400,0,true
v8_ignition,string-fasta,20,48032100,0,true
quickjs,string-fasta,20,37328700,0,true
quickjs,math-cordic,20,32675600,0,true
v8_ignition,math-cordic,20,56102400,0,true
v8_ignition,crypto-sha1,20,49289600,0,true
quickjs,crypto-sha1,20,17645000,0,true
v8_ignition,math-partial-sums,20,51809300,0,true
quickjs,math-partial-sums,20,29986100,0,true
quickjs,3d-morph,20,34551000,0,true
v8_ignition,3d-morph,20,61861100,0,true
v8_ignition,access-fannkuch,20,72391600,0,true
quickjs,access-fannkuch,20,46633300,0,true
v8_ignition,bitops-nsieve-bits,20,61113500,0,true
quickjs,bitops-nsieve-bits,20,23121200,0,true
v8_ignition,date-format-xparb,20,44143600,0,true
quickjs,date-format-xparb,20,33208700,0,true
v8_ignition,crypto-aes,20,54313000,0,true
quickjs,crypto-aes,20,25668100,0,true
v8_ignition,access-nsieve,20,46186200,0,true
quickjs,access-nsieve,20,34433700,0,true
quickjs,math-spectral-norm,20,19304300,0,true
v8_ignition,math-spectral-norm,20,45409600,0,true
quickjs,string-base64,20,32859700,0,true
v8_ignition,string-base64,20,45061900,0,true
v8_ignition,regexp-dna,20,41783100,0,true
quickjs,regexp-dna,20,92578600,0,true
v8_ignition,bitops-bits-in-byte,20,56178000,0,true
quickjs,bitops-bits-in-byte,20,29560000,0,true
quickjs,access-binary-trees,20,21996600,0,true
v8_ignition,access-binary-trees,20,42764200,0,true
quickjs,string-validate-input,20,24180800,0,true
v8_ignition,string-validate-input,20,47508600,0,true
quickjs,bitops-3bit-bits-in-byte,20,19877700,0,true
v8_ignition,bitops-3bit-bits-in-byte,20,47082100,0,true
v8_ignition,3d-cube,20,61503500,0,true
quickjs,3d-cube,20,41370500,0,true
quickjs,bitops-bitwise-and,20,21754900,0,true
v8_ignition,bitops-bitwise-and,20,49576100,0,true
v8_ignition,3d-raytrace,20,58227000,0,true
quickjs,3d-raytrace,20,25959900,0,true
v8_ignition,string-unpack-code,20,49197800,0,true
quickjs,string-unpack-code,20,72727600,0,true
quickjs,access-nbody,20,25134600,0,true
v8_ignition,access-nbody,20,55897600,0,true
quickjs,crypto-md5,20,17442700,0,true
v8_ignition,crypto-md5,20,47721000,0,true
quickjs,date-format-tofte,20,41171700,0,true
v8_ignition,date-format-tofte,20,47716900,0,true
quickjs,controlflow-recursive,20,18093000,0,true
v8_ignition,controlflow-recursive,20,43899400,0,true
quickjs,string-tagcloud,20,42577100,0,true
v8_ignition,string-tagcloud,20,49683500,0,true
v8_ignition,date-format-tofte,21,48375600,0,true
quickjs,date-format-tofte,21,41207300,0,true
v8_ignition,string-tagcloud,21,50226700,0,true
quickjs,string-tagcloud,21,40099100,0,true
quickjs,math-partial-sums,21,29698400,0,true
v8_ignition,math-partial-sums,21,49692200,0,true
v8_ignition,bitops-3bit-bits-in-byte,21,47262900,0,true
quickjs,bitops-3bit-bits-in-byte,21,20350600,0,true
quickjs,bitops-bits-in-byte,21,30477500,0,true
v8_ignition,bitops-bits-in-byte,21,55500200,0,true
v8_ignition,3d-morph,21,57171000,0,true
quickjs,3d-morph,21,34218100,0,true
quickjs,date-format-xparb,21,32421800,0,true
v8_ignition,date-format-xparb,21,43615700,0,true
quickjs,regexp-dna,21,91602700,0,true
v8_ignition,regexp-dna,21,41548300,0,true
v8_ignition,math-cordic,21,57584200,0,true
quickjs,math-cordic,21,32450000,0,true
quickjs,crypto-sha1,21,16725900,0,true
v8_ignition,crypto-sha1,21,46470100,0,true
quickjs,string-unpack-code,21,72898600,0,true
v8_ignition,string-unpack-code,21,51579100,0,true
quickjs,bitops-nsieve-bits,21,23372800,0,true
v8_ignition,bitops-nsieve-bits,21,63280000,0,true
v8_ignition,string-base64,21,44631500,0,true
quickjs,string-base64,21,33213900,0,true
v8_ignition,access-nbody,21,58267700,0,true
quickjs,access-nbody,21,25535000,0,true
quickjs,crypto-aes,21,26778100,0,true
v8_ignition,crypto-aes,21,59073800,0,true
quickjs,3d-cube,21,41328400,0,true
v8_ignition,3d-cube,21,59891900,0,true
v8_ignition,access-binary-trees,21,43760000,0,true
quickjs,access-binary-trees,21,21700400,0,true
v8_ignition,controlflow-recursive,21,46567500,0,true
quickjs,controlflow-recursive,21,18234600,0,true
quickjs,access-fannkuch,21,44690000,0,true
v8_ignition,access-fannkuch,21,71513500,0,true
v8_ignition,crypto-md5,21,46220500,0,true
quickjs,crypto-md5,21,18644900,0,true
v8_ignition,bitops-bitwise-and,21,50375300,0,true
quickjs,bitops-bitwise-and,21,21932400,0,true
quickjs,3d-raytrace,21,25848100,0,true
v8_ignition,3d-raytrace,21,55402100,0,true
quickjs,string-fasta,21,36916800,0,true
v8_ignition,string-fasta,21,50124900,0,true
quickjs,access-nsieve,21,34594600,0,true
v8_ignition,access-nsieve,21,48707000,0,true
v8_ignition,string-validate-input,21,48110600,0,true
quickjs,string-validate-input,21,24197400,0,true
v8_ignition,math-spectral-norm,21,49732300,0,true
quickjs,math-spectral-norm,21,19500800,0,true
v8_ignition,3d-cube,22,61309600,0,true
quickjs,3d-cube,22,42343300,0,true
quickjs,access-nbody,22,25805200,0,true
v8_ignition,access-nbody,22,54030000,0,true
quickjs,crypto-md5,22,18598600,0,true
v8_ignition,crypto-md5,22,46914200,0,true
quickjs,math-cordic,22,31981200,0,true
v8_ignition,math-cordic,22,59257500,0,true
v8_ignition,string-fasta,22,50558500,0,true
quickjs,string-fasta,22,37148300,0,true
quickjs,bitops-bitwise-and,22,21463300,0,true
v8_ignition,bitops-bitwise-and,22,49598900,0,true
quickjs,date-format-tofte,22,41718900,0,true
v8_ignition,date-format-tofte,22,46285700,0,true
v8_ignition,math-partial-sums,22,53620600,0,true
quickjs,math-partial-sums,22,31121000,0,true
v8_ignition,bitops-bits-in-byte,22,58683200,0,true
quickjs,bitops-bits-in-byte,22,29418100,0,true
quickjs,bitops-3bit-bits-in-byte,22,19767400,0,true
v8_ignition,bitops-3bit-bits-in-byte,22,44558900,0,true
v8_ignition,access-fannkuch,22,74320400,0,true
quickjs,access-fannkuch,22,46261300,0,true
v8_ignition,date-format-xparb,22,46773900,0,true
quickjs,date-format-xparb,22,31710600,0,true
quickjs,3d-morph,22,33509000,0,true
v8_ignition,3d-morph,22,57329400,0,true
v8_ignition,bitops-nsieve-bits,22,61165700,0,true
quickjs,bitops-nsieve-bits,22,24293300,0,true
v8_ignition,access-nsieve,22,48181100,0,true
quickjs,access-nsieve,22,34050900,0,true
quickjs,string-tagcloud,22,38871800,0,true
v8_ignition,string-tagcloud,22,49105800,0,true
quickjs,math-spectral-norm,22,19096200,0,true
v8_ignition,math-spectral-norm,22,46374100,0,true
v8_ignition,string-unpack-code,22,50298600,0,true
quickjs,string-unpack-code,22,73579100,0,true
v8_ignition,crypto-aes,22,56394100,0,true
quickjs,crypto-aes,22,25704500,0,true
quickjs,string-validate-input,22,23622600,0,true
v8_ignition,string-validate-input,22,47295800,0,true
v8_ignition,3d-raytrace,22,58786800,0,true
quickjs,3d-raytrace,22,25998700,0,true
quickjs,controlflow-recursive,22,18667100,0,true
v8_ignition,controlflow-recursive,22,43081600,0,true
quickjs,access-binary-trees,22,21844200,0,true
v8_ignition,access-binary-trees,22,45602000,0,true
quickjs,string-base64,22,34409500,0,true
v8_ignition,string-base64,22,47790100,0,true
v8_ignition,crypto-sha1,22,47301900,0,true
quickjs,crypto-sha1,22,17118800,0,true
v8_ignition,regexp-dna,22,43388000,0,true
quickjs,regexp-dna,22,92456800,0,true
quickjs,string-fasta,23,36479300,0,true
v8_ignition,string-fasta,23,48831200,0,true
quickjs,regexp-dna,23,93560100,0,true
v8_ignition,regexp-dna,23,40840200,0,true
v8_ignition,bitops-bitwise-and,23,49141500,0,true
quickjs,bitops-bitwise-and,23,21449900,0,true
v8_ignition,string-validate-input,23,46414600,0,true
quickjs,string-validate-input,23,24312300,0,true
v8_ignition,math-spectral-norm,23,48881800,0,true
quickjs,math-spectral-norm,23,19977700,0,true
quickjs,access-fannkuch,23,46520700,0,true
v8_ignition,access-fannkuch,23,75670000,0,true
quickjs,string-unpack-code,23,73709700,0,true
v8_ignition,string-unpack-code,23,49639900,0,true
v8_ignition,controlflow-recursive,23,46648800,0,true
quickjs,controlflow-recursive,23,18841400,0,true
v8_ignition,bitops-3bit-bits-in-byte,23,45562100,0,true
quickjs,bitops-3bit-bits-in-byte,23,19413400,0,true
quickjs,crypto-sha1,23,16745100,0,true
v8_ignition,crypto-sha1,23,46682100,0,true
quickjs,crypto-aes,23,25864000,0,true
v8_ignition,crypto-aes,23,54711900,0,true
v8_ignition,3d-morph,23,60756000,0,true
quickjs,3d-morph,23,33655200,0,true
quickjs,3d-raytrace,23,26702200,0,true
v8_ignition,3d-raytrace,23,55914300,0,true
v8_ignition,string-tagcloud,23,49028900,0,true
quickjs,string-tagcloud,23,38883800,0,true
quickjs,bitops-nsieve-bits,23,23350900,0,true
v8_ignition,bitops-nsieve-bits,23,62108600,0,true
v8_ignition,access-binary-trees,23,44786100,0,true
quickjs,access-binary-trees,23,21886400,0,true
quickjs,3d-cube,23,41104400,0,true
v8_ignition,3d-cube,23,58810200,0,true
quickjs,bitops-bits-in-byte,23,29993600,0,true
v8_ignition,bitops-bits-in-byte,23,54838200,0,true
v8_ignition,crypto-md5,23,48692000,0,true
quickjs,crypto-md5,23,18547200,0,true
quickjs,math-partial-sums,23,30746800,0,true
v8_ignition,math-partial-sums,23,53747000,0,true
v8_ignition,string-base64,23,47526000,0,true
quickjs,string-base64,23,33354100,0,true
v8_ignition,date-format-tofte,23,49534500,0,true
quickjs,date-format-tofte,23,43340600,0,true
v8_ignition,access-nbody,23,57112800,0,true
quickjs,access-nbody,23,25768600,0,true
quickjs,access-nsieve,23,34207900,0,true
v8_ignition,access-nsieve,23,48546400,0,true
v8_ignition,math-cordic,23,60314100,0,true
quickjs,math-cordic,23,33374800,0,true
quickjs,date-format-xparb,23,31704700,0,true
v8_ignition,date-format-xparb,23,47195500,0,true
quickjs,bitops-bitwise-and,24,21043500,0,true
v8_ignition,bitops-bitwise-and,24,49933100,0,true
v8_ignition,bitops-nsieve-bits,24,61276600,0,true
quickjs,bitops-nsieve-bits,24,23258000,0,true
quickjs,string-base64,24,32977700,0,true
v8_ignition,string-base64,24,46025400,0,true
quickjs,crypto-md5,24,17955400,0,true
v8_ignition,crypto-md5,24,45979300,0,true
quickjs,string-validate-input,24,24548000,0,true
v8_ignition,string-validate-input,24,46972700,0,true
quickjs,math-spectral-norm,24,19114900,0,true
v8_ignition,math-spectral-norm,24,46588100,0,true
v8_ignition,crypto-sha1,24,47219500,0,true
quickjs,crypto-sha1,24,17680000,0,true
v8_ignition,3d-raytrace,24,59259500,0,true
quickjs,3d-raytrace,24,27366500,0,true
quickjs,date-format-tofte,24,41084300,0,true
v8_ignition,date-format-tofte,24,48770000,0,true
v8_ignition,crypto-aes,24,55086400,0,true
quickjs,crypto-aes,24,25445900,0,true
v8_ignition,3d-cube,24,61745800,0,true
quickjs,3d-cube,24,40975000,0,true
v8_ignition,math-partial-sums,24,48646900,0,true
quickjs,math-partial-sums,24,30026200,0,true
quickjs,access-nbody,24,24934000,0,true
v8_ignition,access-nbody,24,54878900,0,true
quickjs,string-tagcloud,24,39012600,0,true
v8_ignition,string-tagcloud,24,51506900,0,true
quickjs,3d-morph,24,33757900,0,true
v8_ignition,3d-morph,24,61126200,0,true
v8_ignition,regexp-dna,24,41664700,0,true
quickjs,regexp-dna,24,92576800,0,true
quickjs,access-binary-trees,24,22494900,0,true
v8_ignition,access-binary-trees,24,43693200,0,true
v8_ignition,access-fannkuch,24,72567300,0,true
quickjs,access-fannkuch,24,45380200,0,true
quickjs,math-cordic,24,32145200,0,true
v8_ignition,math-cordic,24,58505500,0,true
v8_ignition,date-format-xparb,24,44949000,0,true
quickjs,date-format-xparb,24,32305900,0,true
v8_ignition,string-unpack-code,24,49748600,0,true
quickjs,string-unpack-code,24,73491300,0,true
v8_ignition,string-fasta,24,49811200,0,true
quickjs,string-fasta,24,36662800,0,true
v8_ignition,access-nsieve,24,46943500,0,true
quickjs,access-nsieve,24,33923900,0,true
quickjs,controlflow-recursive,24,18250200,0,true
v8_ignition,controlflow-recursive,24,44042800,0,true
v8_ignition,bitops-bits-in-byte,24,55562800,0,true
quickjs,bitops-bits-in-byte,24,29693800,0,true
quickjs,bitops-3bit-bits-in-byte,24,19606500,0,true
v8_ignition,bitops-3bit-bits-in-byte,24,44512200,0,true
quickjs,regexp-dna,25,92635500,0,true
v8_ignition,regexp-dna,25,43496600,0,true
v8_ignition,3d-morph,25,59736100,0,true
quickjs,3d-morph,25,33917900,0,true
v8_ignition,string-tagcloud,25,48595000,0,true
quickjs,string-tagcloud,25,40059300,0,true
quickjs,access-fannkuch,25,46863500,0,true
v8_ignition,access-fannkuch,25,74955800,0,true
v8_ignition,access-binary-trees,25,43127700,0,true
quickjs,access-binary-trees,25,24294200,0,true
quickjs,3d-cube,25,42738000,0,true
v8_ignition,3d-cube,25,61839200,0,true
quickjs,date-format-xparb,25,31709600,0,true
v8_ignition,date-format-xparb,25,43386100,0,true
quickjs,3d-raytrace,25,26296000,0,true
v8_ignition,3d-raytrace,25,54558700,0,true
v8_ignition,crypto-md5,25,45018000,0,true
quickjs,crypto-md5,25,18429600,0,true
v8_ignition,string-base64,25,42689100,0,true
quickjs,string-base64,25,33239100,0,true
v8_ignition,date-format-tofte,25,46285800,0,true
quickjs,date-format-tofte,25,41859200,0,true
quickjs,access-nsieve,25,33020400,0,true
v8_ignition,access-nsieve,25,46220100,0,true
v8_ignition,controlflow-recursive,25,41551600,0,true
quickjs,controlflow-recursive,25,19827600,0,true
quickjs,bitops-nsieve-bits,25,23167800,0,true
v8_ignition,bitops-nsieve-bits,25,58888000,0,true
v8_ignition,access-nbody,25,52743500,0,true
quickjs,access-nbody,25,25077500,0,true
quickjs,crypto-aes,25,25510200,0,true
v8_ignition,crypto-aes,25,53930600,0,true
quickjs,math-partial-sums,25,27358500,0,true
v8_ignition,math-partial-sums,25,49048400,0,true
quickjs,bitops-bits-in-byte,25,29377600,0,true
v8_ignition,bitops-bits-in-byte,25,53931700,0,true
quickjs,string-unpack-code,25,72885700,0,true
v8_ignition,string-unpack-code,25,48234200,0,true
v8_ignition,bitops-bitwise-and,25,49144500,0,true
quickjs,bitops-bitwise-and,25,21701500,0,true
quickjs,crypto-sha1,25,17220000,0,true
v8_ignition,crypto-sha1,25,46175500,0,true
v8_ignition,string-validate-input,25,44338800,0,true
quickjs,string-validate-input,25,24167700,0,true
v8_ignition,math-spectral-norm,25,45222600,0,true
quickjs,math-spectral-norm,25,19411200,0,true
quickjs,string-fasta,25,36753000,0,true
v8_ignition,string-fasta,25,46654000,0,true
v8_ignition,bitops-3bit-bits-in-byte,25,42064900,0,true
quickjs,bitops-3bit-bits-in-byte,25,19911800,0,true
v8_ignition,math-cordic,25,56170500,0,true
quickjs,math-cordic,25,32018300,0,true
v8_ignition,date-format-xparb,26,43540700,0,true
quickjs,date-format-xparb,26,32377500,0,true
v8_ignition,access-nsieve,26,46620700,0,true
quickjs,access-nsieve,26,34331000,0,true
quickjs,crypto-md5,26,17981700,0,true
v8_ignition,crypto-md5,26,48722900,0,true
quickjs,string-tagcloud,26,41100900,0,true
v8_ignition,string-tagcloud,26,46411800,0,true
quickjs,access-nbody,26,27226800,0,true
v8_ignition,access-nbody,26,56437300,0,true
v8_ignition,string-fasta,26,48571000,0,true
quickjs,string-fasta,26,36874100,0,true
v8_ignition,bitops-nsieve-bits,26,59379700,0,true
quickjs,bitops-nsieve-bits,26,23593900,0,true
v8_ignition,bitops-bits-in-byte,26,52841900,0,true
quickjs,bitops-bits-in-byte,26,29985000,0,true
v8_ignition,math-partial-sums,26,50046700,0,true
quickjs,math-partial-sums,26,26908800,0,true
quickjs,bitops-3bit-bits-in-byte,26,20120000,0,true
v8_ignition,bitops-3bit-bits-in-byte,26,52942600,0,true
quickjs,math-cordic,26,32075600,0,true
v8_ignition,math-cordic,26,55372500,0,true
v8_ignition,string-unpack-code,26,51310600,0,true
quickjs,string-unpack-code,26,75603000,0,true
v8_ignition,regexp-dna,26,51227900,0,true
quickjs,regexp-dna,26,93603900,0,true
quickjs,math-spectral-norm,26,20047700,0,true
v8_ignition,math-spectral-norm,26,47338200,0,true
v8_ignition,crypto-sha1,26,48072300,0,true
quickjs,crypto-sha1,26,19621000,0,true
quickjs,string-validate-input,26,24244100,0,true
v8_ignition,string-validate-input,26,46819400,0,true
quickjs,string-base64,26,33143600,0,true
v8_ignition,string-base64,26,45005400,0,true
quickjs,date-format-tofte,26,42145700,0,true
v8_ignition,date-format-tofte,26,46812400,0,true
v8_ignition,3d-raytrace,26,59501100,0,true
quickjs,3d-raytrace,26,26203600,0,true
quickjs,access-binary-trees,26,21747400,0,true
v8_ignition,access-binary-trees,26,40134200,0,true
v8_ignition,crypto-aes,26,52805200,0,true
quickjs,crypto-aes,26,26024100,0,true
quickjs,bitops-bitwise-and,26,21829200,0,true
v8_ignition,bitops-bitwise-and,26,49660700,0,true
v8_ignition,3d-cube,26,56902700,0,true
quickjs,3d-cube,26,41556600,0,true
quickjs,3d-morph,26,33122700,0,true
v8_ignition,3d-morph,26,58014800,0,true
v8_ignition,access-fannkuch,26,69015100,0,true
quickjs,access-fannkuch,26,46542100,0,true
quickjs,controlflow-recursive,26,18810400,0,true
v8_ignition,controlflow-recursive,26,43473100,0,true
v8_ignition,access-nbody,27,55602000,0,true
quickjs,access-nbody,27,26738700,0,true
v8_ignition,math-cordic,27,54699400,0,true
quickjs,math-cordic,27,32357900,0,true
v8_ignition,crypto-md5,27,45102100,0,true
quickjs,crypto-md5,27,18440800,0,true
quickjs,bitops-bits-in-byte,27,29333100,0,true
v8_ignition,bitops-bits-in-byte,27,54389100,0,true
v8_ignition,string-tagcloud,27,47544800,0,true
quickjs,string-tagcloud,27,38431300,0,true
quickjs,bitops-nsieve-bits,27,23078400,0,true
v8_ignition,bitops-nsieve-bits,27,60264300,0,true
v8_ignition,access-binary-trees,27,40453100,0,true
quickjs,access-binary-trees,27,22936900,0,true
quickjs,access-nsieve,27,33639900,0,true
v8_ignition,access-nsieve,27,45720900,0,true
v8_ignition,bitops-3bit-bits-in-byte,27,43756800,0,true
quickjs,bitops-3bit-bits-in-byte,27,19808200,0,true
v8_ignition,bitops-bitwise-and,27,47345300,0,true
quickjs,bitops-bitwise-and,27,21904100,0,true
v8_ignition,controlflow-recursive,27,41476200,0,true
quickjs,controlflow-recursive,27,18605000,0,true
quickjs,string-fasta,27,36976200,0,true
v8_ignition,string-fasta,27,48386200,0,true
v8_ignition,math-spectral-norm,27,44554700,0,true
quickjs,math-spectral-norm,27,18749300,0,true
quickjs,crypto-aes,27,26465900,0,true
v8_ignition,crypto-aes,27,53942900,0,true
quickjs,3d-cube,27,41767900,0,true
v8_ignition,3d-cube,27,59079400,0,true
quickjs,regexp-dna,27,91569100,0,true
v8_ignition,regexp-dna,27,43674300,0,true
quickjs,access-fannkuch,27,46681500,0,true
v8_ignition,access-fannkuch,27,72330700,0,true
quickjs,3d-raytrace,27,26002000,0,true
v8_ignition,3d-raytrace,27,57330300,0,true
v8_ignition,string-base64,27,41871600,0,true
quickjs,string-base64,27,33269700,0,true
quickjs,string-unpack-code,27,71835100,0,true
v8_ignition,string-unpack-code,27,48770700,0,true
v8_ignition,3d-morph,27,57840700,0,true
quickjs,3d-morph,27,34175900,0,true
quickjs,math-partial-sums,27,28498100,0,true
v8_ignition,math-partial-sums,27,47764600,0,true
v8_ignition,string-validate-input,27,45523900,0,true
quickjs,string-validate-input,27,23861500,0,true
quickjs,crypto-sha1,27,17521400,0,true
v8_ignition,crypto-sha1,27,46929200,0,true
quickjs,date-format-xparb,27,31358300,0,true
v8_ignition,date-format-xparb,27,44667100,0,true
v8_ignition,date-format-tofte,27,48481700,0,true
quickjs,date-format-tofte,27,42413600,0,true
v8_ignition,3d-raytrace,28,54612800,0,true
quickjs,3d-raytrace,28,26575100,0,true
quickjs,string-base64,28,32606200,0,true
v8_ignition,string-base64,28,42838200,0,true
v8_ignition,date-format-xparb,28,43863000,0,true
quickjs,date-format-xparb,28,32134000,0,true
quickjs,date-format-tofte,28,41504200,0,true
v8_ignition,date-format-tofte,28,46743600,0,true
quickjs,crypto-md5,28,17634000,0,true
v8_ignition,crypto-md5,28,46650200,0,true
v8_ignition,crypto-aes,28,52798800,0,true
quickjs,crypto-aes,28,25697800,0,true
v8_ignition,crypto-sha1,28,47296900,0,true
quickjs,crypto-sha1,28,17139900,0,true
quickjs,bitops-3bit-bits-in-byte,28,20711700,0,true
v8_ignition,bitops-3bit-bits-in-byte,28,41719400,0,true
quickjs,access-binary-trees,28,22069000,0,true
v8_ignition,access-binary-trees,28,41184500,0,true
quickjs,3d-morph,28,32801700,0,true
v8_ignition,3d-morph,28,57811900,0,true
quickjs,access-nbody,28,25290900,0,true
v8_ignition,access-nbody,28,51963800,0,true
v8_ignition,bitops-nsieve-bits,28,61980100,0,true
quickjs,bitops-nsieve-bits,28,23473200,0,true
v8_ignition,bitops-bits-in-byte,28,57828700,0,true
quickjs,bitops-bits-in-byte,28,31052400,0,true
v8_ignition,string-fasta,28,48736500,0,true
quickjs,string-fasta,28,36843300,0,true
v8_ignition,regexp-dna,28,38554800,0,true
quickjs,regexp-dna,28,98084100,0,true
quickjs,bitops-bitwise-and,28,21126400,0,true
v8_ignition,bitops-bitwise-and,28,47783900,0,true
v8_ignition,3d-cube,28,57941700,0,true
quickjs,3d-cube,28,43942000,0,true
v8_ignition,math-partial-sums,28,48443900,0,true
quickjs,math-partial-sums,28,27182900,0,true
quickjs,controlflow-recursive,28,18830000,0,true
v8_ignition,controlflow-recursive,28,42566600,0,true
quickjs,math-spectral-norm,28,19624400,0,true
v8_ignition,math-spectral-norm,28,43979600,0,true
quickjs,math-cordic,28,32000000,0,true
v8_ignition,math-cordic,28,55378900,0,true
v8_ignition,string-unpack-code,28,52192900,0,true
quickjs,string-unpack-code,28,72786300,0,true
v8_ignition,access-fannkuch,28,74535600,0,true
quickjs,access-fannkuch,28,47272400,0,true
quickjs,string-tagcloud,28,39157000,0,true
v8_ignition,string-tagcloud,28,49151500,0,true
v8_ignition,access-nsieve,28,49894900,0,true
quickjs,access-nsieve,28,33709400,0,true
quickjs,string-validate-input,28,24737700,0,true
v8_ignition,string-validate-input,28,51597800,0,true
v8_ignition,crypto-md5,29,48496100,0,true
quickjs,crypto-md5,29,18488000,0,true
v8_ignition,access-binary-trees,29,46060100,0,true
quickjs,access-binary-trees,29,22377200,0,true
quickjs,regexp-dna,29,95906700,0,true
v8_ignition,regexp-dna,29,45101900,0,true
v8_ignition,bitops-bitwise-and,29,49747300,0,true
quickjs,bitops-bitwise-and,29,22118500,0,true
v8_ignition,controlflow-recursive,29,58948500,0,true
quickjs,controlflow-recursive,29,20406800,0,true
quickjs,string-unpack-code,29,71644500,0,true
v8_ignition,string-unpack-code,29,49724400,0,true
quickjs,3d-raytrace,29,27064800,0,true
v8_ignition,3d-raytrace,29,54038500,0,true
quickjs,3d-cube,29,44884800,0,true
v8_ignition,3d-cube,29,60891900,0,true
v8_ignition,3d-morph,29,59772700,0,true
quickjs,3d-morph,29,34538100,0,true
v8_ignition,bitops-3bit-bits-in-byte,29,45676700,0,true
quickjs,bitops-3bit-bits-in-byte,29,20599800,0,true
v8_ignition,string-validate-input,29,72414400,0,true
quickjs,string-validate-input,29,26433700,0,true
v8_ignition,math-spectral-norm,29,53483800,0,true
quickjs,math-spectral-norm,29,27889600,0,true
quickjs,math-partial-sums,29,33698500,0,true
v8_ignition,math-partial-sums,29,54513400,0,true
quickjs,string-fasta,29,38249700,0,true
v8_ignition,string-fasta,29,50861600,0,true
quickjs,crypto-aes,29,27196400,0,true
v8_ignition,crypto-aes,29,55524600,0,true
quickjs,crypto-sha1,29,17971000,0,true
v8_ignition,crypto-sha1,29,49551000,0,true
v8_ignition,math-cordic,29,64540100,0,true
quickjs,math-cordic,29,32879500,0,true
quickjs,bitops-bits-in-byte,29,29609700,0,true
v8_ignition,bitops-bits-in-byte,29,71583700,0,true
quickjs,access-nsieve,29,48832700,0,true
v8_ignition,access-nsieve,29,47725000,0,true
v8_ignition,access-nbody,29,58913500,0,true
quickjs,access-nbody,29,27298300,0,true
v8_ignition,string-tagcloud,29,49656800,0,true
quickjs,string-tagcloud,29,45688800,0,true
v8_ignition,string-base64,29,50619300,0,true
quickjs,string-base64,29,40164500,0,true
quickjs,date-format-xparb,29,36897000,0,true
v8_ignition,date-format-xparb,29,45245300,0,true
quickjs,access-fannkuch,29,47268000,0,true
v8_ignition,access-fannkuch,29,72075700,0,true
quickjs,bitops-nsieve-bits,29,23767000,0,true
v8_ignition,bitops-nsieve-bits,29,100270700,0,true
v8_ignition,date-format-tofte,29,47718500,0,true
quickjs,date-format-tofte,29,42819100,0,true
v8_ignition,bitops-bits-in-byte,30,56411800,0,true
quickjs,bitops-bits-in-byte,30,30273600,0,true
v8_ignition,date-format-xparb,30,44007200,0,true
quickjs,date-format-xparb,30,32691500,0,true
v8_ignition,regexp-dna,30,42958400,0,true
quickjs,regexp-dna,30,94918600,0,true
v8_ignition,3d-raytrace,30,57089100,0,true
quickjs,3d-raytrace,30,26709100,0,true
v8_ignition,access-fannkuch,30,77455000,0,true
quickjs,access-fannkuch,30,50244400,0,true
quickjs,access-binary-trees,30,22921900,0,true
v8_ignition,access-binary-trees,30,42871500,0,true
v8_ignition,crypto-aes,30,54187900,0,true
quickjs,crypto-aes,30,27776500,0,true
quickjs,crypto-md5,30,18063200,0,true
v8_ignition,crypto-md5,30,45480600,0,true
v8_ignition,3d-cube,30,64630000,0,true
quickjs,3d-cube,30,43052900,0,true
quickjs,date-format-tofte,30,61065900,0,true
v8_ignition,date-format-tofte,30,50925400,0,true
v8_ignition,string-fasta,30,50884300,0,true
quickjs,string-fasta,30,38800400,0,true
quickjs,string-validate-input,30,24328200,0,true
v8_ignition,string-validate-input,30,46777900,0,true
quickjs,3d-morph,30,33972000,0,true
v8_ignition,3d-morph,30,59920500,0,true
v8_ignition,math-partial-sums,30,51684700,0,true
quickjs,math-partial-sums,30,28063400,0,true
quickjs,string-base64,30,34105200,0,true
v8_ignition,string-base64,30,44301000,0,true
quickjs,string-tagcloud,30,43216700,0,true
v8_ignition,string-tagcloud,30,49307700,0,true
quickjs,access-nbody,30,32300900,0,true
v8_ignition,access-nbody,30,57452800,0,true
quickjs,math-spectral-norm,30,19475300,0,true
v8_ignition,math-spectral-norm,30,47357900,0,true
v8_ignition,bitops-nsieve-bits,30,61698600,0,true
quickjs,bitops-nsieve-bits,30,23534500,0,true
quickjs,bitops-bitwise-and,30,22623800,0,true
v8_ignition,bitops-bitwise-and,30,48716600,0,true
v8_ignition,crypto-sha1,30,49950400,0,true
quickjs,crypto-sha1,30,17191300,0,true
quickjs,controlflow-recursive,30,18303300,0,true
v8_ignition,controlflow-recursive,30,49897300,0,true
v8_ignition,access-nsieve,30,47044600,0,true
quickjs,access-nsieve,30,35454500,0,true
quickjs,math-cordic,30,32032300,0,true
v8_ignition,math-cordic,30,56776200,0,true
quickjs,bitops-3bit-bits-in-byte,30,20072200,0,true
v8_ignition,bitops-3bit-bits-in-byte,30,44098700,0,true
v8_ignition,string-unpack-code,30,50384900,0,true
quickjs,string-unpack-code,30,73215000,0,true
