engine,test,stdout,stderr,exit_code,valid
quickjs,3d-cube,,,0,true
v8_ignition,3d-cube,,,0,true
quickjs,3d-morph,,,0,true
v8_ignition,3d-morph,,,0,true
quickjs,3d-raytrace,,,0,true
v8_ignition,3d-raytrace,,,0,true
quickjs,access-binary-trees,,,0,true
v8_ignition,access-binary-trees,,,0,true
quickjs,access-fannkuch,,,0,true
v8_ignition,access-fannkuch,,,0,true
quickjs,access-nbody,,,0,true
v8_ignition,access-nbody,,,0,true
quickjs,access-nsieve,,,0,true
v8_ignition,access-nsieve,,,0,true
quickjs,bitops-3bit-bits-in-byte,,,0,true
v8_ignition,bitops-3bit-bits-in-byte,,,0,true
quickjs,bitops-bits-in-byte,,,0,true
v8_ignition,bitops-bits-in-byte,,,0,true
quickjs,bitops-bitwise-and,,,0,true
v8_ignition,bitops-bitwise-and,,,0,true
quickjs,bitops-nsieve-bits,,,0,true
v8_ignition,bitops-nsieve-bits,,,0,true
quickjs,controlflow-recursive,,,0,true
v8_ignition,controlflow-recursive,,,0,true
quickjs,crypto-aes,,,0,true
v8_ignition,crypto-aes,,,0,true
quickjs,crypto-md5,,,0,true
v8_ignition,crypto-md5,,,0,true
quickjs,crypto-sha1,,,0,true
v8_ignition,crypto-sha1,,,0,true
quickjs,date-format-tofte,,,0,true
v8_ignition,date-format-tofte,,,0,true
quickjs,date-format-xparb,,,0,true
v8_ignition,date-format-xparb,,,0,true
quickjs,math-cordic,,,0,true
v8_ignition,math-cordic,,,0,true
quickjs,math-partial-sums,,,0,true
v8_ignition,math-partial-sums,,,0,true
quickjs,math-spectral-norm,,,0,true
v8_ignition,math-spectral-norm,,,0,true
quickjs,regexp-dna,,,0,true
v8_ignition,regexp-dna,,,0,true
quickjs,string-base64,,,0,true
v8_ignition,string-base64,,,0,true
quickjs,string-fasta,,,0,true
v8_ignition,string-fasta,,,0,true
quickjs,string-tagcloud,,,0,true
v8_ignition,string-tagcloud,,,0,true
quickjs,string-unpack-code,,,0,true
v8_ignition,string-unpack-code,,,0,true
quickjs,string-validate-input,,,0,true
v8_ignition,string-validate-input,,,0,true
