test,source_ratio,repeated_ratio,ratio_fold_change,source_rank_ascending,repeated_rank_ascending,rank_change
3d-cube,1.458282464,0.6809596805648918,0.4669600693798727,9,11,2
3d-morph,1.768924055,1.0622015626211485,0.6004788954159757,12,19,7
3d-raytrace,2.163992284,1.0826381359380401,0.5002966710846369,18,21,3
access-binary-trees,1.958338938,0.5314042931374876,0.2713546071244423,16,10,-6
access-fannkuch,1.57734562,1.0507544062434169,0.6661535638862819,10,18,8
access-nbody,2.194989218,1.294394759604638,0.5897043816844106,19,23,4
access-nsieve,1.407205963,0.5072540262535333,0.36046892892077187,7,9,2
bitops-3bit-bits-in-byte,2.245674766,0.8345299099683151,0.3716165504476774,20,13,-7
bitops-bits-in-byte,1.896654429,1.0734735110978118,0.5659826559252517,14,20,6
bitops-bitwise-and,2.285370234,1.3520127354341045,0.5915946201275781,21,25,4
bitops-nsieve-bits,2.631816641,1.6994664350673934,0.6457389198746211,24,26,2
controlflow-recursive,2.371755287,0.9105574950794078,0.38391713515737924,22,16,-6
crypto-aes,2.132521095,1.0436753854876633,0.48940917298999254,17,17,0
crypto-md5,2.636598602,1.1754698625719164,0.4458281445193289,25,22,-3
crypto-sha1,2.807502038,1.3517745808887376,0.4814865893567475,26,24,-2
date-format-tofte,1.169068852,0.31138532230947785,0.26635327917322515,3,5,2
date-format-xparb,1.408243427,0.23697143084528496,0.16827448032199122,8,3,-5
math-cordic,1.777121561,0.854951530833323,0.481087816160553,13,14,1
math-partial-sums,1.754848907,0.7695968754483989,0.43855449456561046,11,12,1
math-spectral-norm,2.420819714,0.882326247534735,0.3644741665114906,23,15,-8
regexp-dna,0.455025019,0.02747158427816014,0.060373788541416756,1,1,0
string-base64,1.361348622,0.334860747309404,0.24597721839792192,6,6,0
string-fasta,1.349396741,0.39279934964465757,0.2910925584076667,5,7,2
string-tagcloud,1.264709995,0.2628030420030842,0.20779707841486947,4,4,0
string-unpack-code,0.686354839,0.13439913058651362,0.1958158126812793,2,2,0
string-validate-input,1.933351669,0.4998150420660453,0.25852256993916056,15,8,-7
