test,n,quickjs_median_ns,quickjs_mean_ns,quickjs_stddev_ns,quickjs_iqr_ns,quickjs_min_ns,quickjs_max_ns,v8_median_ns,v8_mean_ns,v8_stddev_ns,v8_iqr_ns,v8_min_ns,v8_max_ns,ratio_v8_over_quickjs
3d-cube,16,31630837.5,31744582.708333332,331447.06027149607,224931.25,31425056.25,32831587.5,21539325.0,21618449.166666668,371880.5017476724,250825.0,21218581.25,23071843.75,0.6809596805648918
3d-morph,8,23698962.5,23860178.333333332,425687.7888763308,328800.0,23483500.0,25311125.0,25173075.0,25210685.0,462051.1696757264,547937.5,24603975.0,26597337.5,1.0622015626211485
3d-raytrace,16,15944212.5,16071540.625,363362.57999971096,225662.5,15732350.0,17121025.0,17261812.5,17333219.583333332,271738.0826599546,385637.5,16882187.5,18252175.0,1.0826381359380401
access-binary-trees,32,12567076.5625,12664390.208333334,283722.05587698857,322693.75,12345578.125,13473468.75,6678198.4375,6709940.3125,132705.657997061,113506.25,6564893.75,7174375.0,0.5314042931374876
access-fannkuch,8,37650056.25,37617346.666666664,462419.2796513215,531312.5,36846887.5,38623537.5,39560962.5,39768045.833333336,1121083.97635513,843300.0,38748075.0,44688287.5,1.0507544062434169
access-nbody,16,16077031.25,16239750.0,373990.1919208808,469206.25,15791425.0,17241668.75,20810025.0,20926602.5,337066.4744517815,368525.0,20533381.25,21625662.5,1.294394759604638
access-nsieve,16,24718815.625,24955966.875,696337.4580706237,598800.0,24385587.5,27797806.25,12538718.75,12611633.125,393165.6084439732,219468.75,12356818.75,14554293.75,0.5072540262535333
bitops-3bit-bits-in-byte,32,9953960.9375,9959354.895833334,160415.34763395193,217475.0,9588440.625,10293734.375,8306878.125,8338366.770833333,278397.6670713448,234215.625,7764990.625,9045921.875,0.8345299099683151
bitops-bits-in-byte,16,20552475.0,20630411.458333332,367601.6698264148,513437.5,19940093.75,21441543.75,22062537.5,22101683.541666668,731132.5373560666,705900.0,20882912.5,23965318.75,1.0734735110978118
bitops-bitwise-and,32,7893331.25,8114901.979166667,929918.3403953629,572162.5,7492590.625,12522968.75,10671884.375,10818648.229166666,343474.7656418648,527825.0,10436393.75,11695481.25,1.3520127354341045
bitops-nsieve-bits,16,15015159.375,15035286.25,394233.4751438926,496350.0,14369993.75,16079631.25,25517759.375,25558224.791666668,431636.6811182232,496187.5,25038200.0,26692468.75,1.6994664350673934
controlflow-recursive,32,8718939.0625,8754730.625,206902.56468973163,97240.625,8548415.625,9648965.625,7939095.3125,8013678.4375,197052.76262543903,253900.0,7773931.25,8582978.125,0.9105574950794078
crypto-aes,16,15763312.5,15785706.666666666,122822.19836381183,100731.25,15529468.75,16098518.75,16451781.25,16523957.708333334,428131.1233002934,336975.0,16047225.0,18259568.75,1.0436753854876633
crypto-md5,32,7616256.25,7676137.8125,175463.5519126542,110315.625,7522103.125,8349984.375,8952679.6875,8971057.083333334,151662.82556899881,161184.375,8778328.125,9449446.875,1.1754698625719164
crypto-sha1,32,7249995.3125,7281540.520833333,104100.77774857328,80243.75,7145112.5,7670518.75,9800359.375,9839881.666666666,235882.86230473986,193612.5,9589893.75,10469743.75,1.3517745808887376
date-format-tofte,32,30957484.375,31019823.541666668,526039.1304331428,507243.75,30411415.625,32858212.5,9639706.25,9638035.208333334,102818.66299567948,186337.5,9469512.5,9853028.125,0.31138532230947785
date-format-xparb,64,20261362.5,20271536.5625,187425.896618896,153854.6875,19987039.0625,20927654.6875,4801364.0625,4818476.822916667,99037.13360580198,102662.5,4680385.9375,5196218.75,0.23697143084528496
math-cordic,16,22717406.25,22738152.291666668,326559.96802138095,206556.25,22388100.0,24150018.75,19422281.25,19400727.291666668,209078.9790260869,300275.0,18992731.25,19763800.0,0.854951530833323
math-partial-sums,16,18141803.125,18255010.833333332,281132.78575167485,254118.75,17950437.5,19256050.0,13961875.0,14048337.708333334,242795.26071298367,265625.0,13689675.0,14718037.5,0.7695968754483989
math-spectral-norm,32,9640982.8125,9715168.333333334,192699.28510825368,153200.0,9518362.5,10269137.5,8506492.1875,8555511.875,204202.33753172695,263231.25,8301578.125,9164509.375,0.882326247534735
regexp-dna,128,81658312.109375,81383590.59895833,1318522.0691752932,1898636.71875,78814059.375,84458008.59375,2243283.203125,2263359.0104166665,51681.44998954828,79872.65625,2202558.59375,2416810.9375,0.02747158427816014
string-base64,32,22596062.5,22664740.0,306741.52761327726,355540.625,22327218.75,23724953.125,7566534.375,7603793.333333333,148495.7985351975,116831.25,7434028.125,8158228.125,0.334860747309404
string-fasta,32,27471520.3125,27699280.3125,496120.7022383634,264187.5,27269962.5,29254384.375,10790795.3125,10847516.041666666,193650.29283329705,143568.75,10608834.375,11437656.25,0.39279934964465757
string-tagcloud,32,27731110.9375,28086731.354166668,715991.8857371656,481081.25,27520406.25,30419428.125,7287820.3125,7354095.0,165124.95604328686,176290.625,7158440.625,7797928.125,0.2628030420030842
string-unpack-code,32,60345279.6875,60611053.333333336,1138044.380137732,1668843.75,59233862.5,63992853.125,8110353.125,8133635.416666667,142089.56996653226,188765.625,7954325.0,8549687.5,0.13439913058651362
string-validate-input,32,14133281.25,14194208.854166666,234915.01408880812,169715.625,13927806.25,14889331.25,7064026.5625,7076156.770833333,94899.40784055629,114456.25,6932550.0,7336656.25,0.4998150420660453
