case,engine,status,wall_time_ns,exit_code,stdout,stderr,script_sha256
Richards,quickjs,PASS,2063167300,0,OCTANE_PASS:Richards:results=Richards,,fd12e2ed4a7a34153e0f2cddc91eb81e2aafddf9764c3f2c51c4ec6536681b73
Richards,v8_ignition,PASS,2074877300,0,OCTANE_PASS:Richards:results=Richards,,fd12e2ed4a7a34153e0f2cddc91eb81e2aafddf9764c3f2c51c4ec6536681b73
DeltaBlue,quickjs,PASS,2015585400,0,OCTANE_PASS:DeltaBlue:results=DeltaBlue,,fdb86671747fc8e24b7cb5297412d50a41e0f66fc5e4e1c592b8846161873cfd
DeltaBlue,v8_ignition,PASS,2043099000,0,OCTANE_PASS:DeltaBlue:results=DeltaBlue,,fdb86671747fc8e24b7cb5297412d50a41e0f66fc5e4e1c592b8846161873cfd
Crypto,quickjs,PASS,6398331000,0,OCTANE_PASS:Crypto:results=Crypto,,ba1fb539c5a12c924178307f822344acc9506c09b961ecc7f700be25e9f412dc
Crypto,v8_ignition,PASS,6341816400,0,OCTANE_PASS:Crypto:results=Crypto,,ba1fb539c5a12c924178307f822344acc9506c09b961ecc7f700be25e9f412dc
RayTrace,quickjs,PASS,3046815000,0,OCTANE_PASS:RayTrace:results=RayTrace,,90604779b563664dc9ce78c122a15aeed82d88a5176a94844ac02f68826923c0
RayTrace,v8_ignition,PASS,2052068100,0,OCTANE_PASS:RayTrace:results=RayTrace,,90604779b563664dc9ce78c122a15aeed82d88a5176a94844ac02f68826923c0
EarleyBoyer,quickjs,PASS,7201216800,0,OCTANE_PASS:EarleyBoyer:results=EarleyBoyer,,06ab47004a65f3f1c0643655e2ab6ca47d1ff29ee2a2ed9a981260f99075e401
EarleyBoyer,v8_ignition,PASS,5060865900,0,OCTANE_PASS:EarleyBoyer:results=EarleyBoyer,,06ab47004a65f3f1c0643655e2ab6ca47d1ff29ee2a2ed9a981260f99075e401
RegExp,quickjs,PASS,5763368300,0,OCTANE_PASS:RegExp:results=RegExp,,1a9edb4954f0795fe308f1d36f6d23a20e063b9903f8df92a1187b61f9957bf7
RegExp,v8_ignition,PASS,2119297900,0,OCTANE_PASS:RegExp:results=RegExp,,1a9edb4954f0795fe308f1d36f6d23a20e063b9903f8df92a1187b61f9957bf7
Splay,quickjs,PASS,2431791200,0,OCTANE_PASS:Splay:results=Splay|SplayLatency,,37a4607daebc51bfbae12c7da3a42a8bd458bc4ff323940e07dd50af49558657
Splay,v8_ignition,PASS,2136511100,0,OCTANE_PASS:Splay:results=Splay|SplayLatency,,37a4607daebc51bfbae12c7da3a42a8bd458bc4ff323940e07dd50af49558657
NavierStokes,quickjs,PASS,2075896300,0,OCTANE_PASS:NavierStokes:results=NavierStokes,,21cc1c98da55d2f25afac51cf58c1a985cd193a0d0f62f8d8bdb9a66fceda4a3
NavierStokes,v8_ignition,PASS,3151468800,0,OCTANE_PASS:NavierStokes:results=NavierStokes,,21cc1c98da55d2f25afac51cf58c1a985cd193a0d0f62f8d8bdb9a66fceda4a3
PdfJS,quickjs,PASS,1193823700,0,OCTANE_PASS:PdfJS:results=PdfJS,,e1141ece38190d14297430dbcc32ff3ad97c2b010292133d51c68f47e857c67d
PdfJS,v8_ignition,PASS,1172793300,0,OCTANE_PASS:PdfJS:results=PdfJS,,e1141ece38190d14297430dbcc32ff3ad97c2b010292133d51c68f47e857c67d
Mandreel,quickjs,PASS,8611924000,0,OCTANE_PASS:Mandreel:results=Mandreel|MandreelLatency,,bfa056cadfe37c89300ffd83b98c466948a1b4ac0278f7bc7f56665299e9e55b
Mandreel,v8_ignition,PASS,7274423400,0,OCTANE_PASS:Mandreel:results=Mandreel|MandreelLatency,,bfa056cadfe37c89300ffd83b98c466948a1b4ac0278f7bc7f56665299e9e55b
Gameboy,quickjs,PASS,2166588000,0,OCTANE_PASS:Gameboy:results=Gameboy,,77cb3feb348a0eab17c5b7fdcb9f0ffe7791b0330828db75a64a23924c103deb
Gameboy,v8_ignition,PASS,1247691300,0,OCTANE_PASS:Gameboy:results=Gameboy,,77cb3feb348a0eab17c5b7fdcb9f0ffe7791b0330828db75a64a23924c103deb
CodeLoad,quickjs,PASS,2074993300,0,OCTANE_PASS:CodeLoad:results=CodeLoad,,5911bb0e90acbb8f6156d39d4fe8428b2e2bdeab6436f7f3f53910c4633a0d59
CodeLoad,v8_ignition,PASS,2054642100,0,OCTANE_PASS:CodeLoad:results=CodeLoad,,5911bb0e90acbb8f6156d39d4fe8428b2e2bdeab6436f7f3f53910c4633a0d59
Box2D,quickjs,PASS,1137254700,0,OCTANE_PASS:Box2D:results=Box2D,,c2f89699601b58a057e6f29f4e8aafe7a5fbffd0ec372e2772cde3646961e5bd
Box2D,v8_ignition,PASS,1075255200,0,OCTANE_PASS:Box2D:results=Box2D,,c2f89699601b58a057e6f29f4e8aafe7a5fbffd0ec372e2772cde3646961e5bd
zlib,quickjs,FAIL,33339700,1,,"Error: Octane self-check failed: zlib: ReferenceError: 'read' is not defined
    at NotifyError (C:\Users\mzyx\Desktop\0921\js-interpreter-bench\experiments\octane\generated\zlib.js:2994:22)
    at <anonymous> (C:\Users\mzyx\Desktop\0921\js-interpreter-bench\experiments\octane\generated\zlib.js:280:28)
    at RunNextBenchmark (C:\Users\mzyx\Desktop\0921\js-interpreter-bench\experiments\octane\generated\zlib.js:371:24)
    at RunStep (C:\Users\mzyx\Desktop\0921\js-interpreter-bench\experiments\octane\generated\zlib.js:150:36)
    at <anonymous> (C:\Users\mzyx\Desktop\0921\js-interpreter-bench\experiments\octane\generated\zlib.js:173:10)
    at <anonymous> (C:\Users\mzyx\Desktop\0921\js-interpreter-bench\experiments\octane\generated\zlib.js:2987:27)
    at <eval> (C:\Users\mzyx\Desktop\0921\js-interpreter-bench\experiments\octane\generated\zlib.js:3005:3)",0fc6483895eac730b615acb7c678f2392bd507447e6db7a70e15e6c3d3d7a83f
zlib,v8_ignition,PASS,74476494400,0,OCTANE_PASS:zlib:results=zlib,,0fc6483895eac730b615acb7c678f2392bd507447e6db7a70e15e6c3d3d7a83f
Typescript,quickjs,PASS,10741654600,0,OCTANE_PASS:Typescript:results=Typescript,,20bd36c034440c3c0bd9992ec3b878c8c0940138605decb0d047faaf6aa7ac76
Typescript,v8_ignition,PASS,5911171300,0,OCTANE_PASS:Typescript:results=Typescript,,20bd36c034440c3c0bd9992ec3b878c8c0940138605decb0d047faaf6aa7ac76
