case,N,script_sha256,quickjs_calibration_ms,v8_calibration_ms,jsc_calibration_ms
3d-cube,128,8aec20245fb4f9a71e5c4996e329d773a131e6bdffd63d0e2243a461e5cbfee9,2632.9829600000085,2470.343,1289.26
3d-morph,128,4c4db640f84e8430dfafdc876f4c48638719430dbaf2c116775033d6217fa909,1833.0347089999996,2441.377,1737.9
3d-raytrace,128,d2cb558e528829c8a98e8707b4cc39c004c29db645dee1bbddf814a4e09f0d66,2039.8989659999788,2068.939,1878.94
access-binary-trees,256,c4f880b60dc61fc70dcc1bc7e8a5ffa6a73bbf235cfd716691d1eca72241eb0f,3277.4955180000106,1617.9080000000001,3610.74
access-fannkuch,64,eb92f32c0401c0d84e7f4b5622de3ada1b5645de1ffec04aecd97a209ab3c31f,2315.4391419999884,2278.136,1512.04
access-nbody,128,a501f5c6909794fc24c444aa15ec72e794eebed4a8852326124e541761ac2774,2131.5527449999936,2723.672,1491.8
access-nsieve,256,adfe51733d1e01a58b095cad176c0bf84b110a0e45292162d08cf46c14fe0215,4918.949370999995,2675.416,1638.72
bitops-3bit-bits-in-byte,256,415a393835da08790b4b1d07204c52a367c890ead6e7d788e48fa8a9fa866c46,2490.354523999995,1867.111,1720.18
bitops-bits-in-byte,128,46e6bbf0b5c1a4586e250e4468eb591f0ca6d71afd28fb538b1bbb66e9af8d69,2613.964467999991,2653.6890000000003,1932.22
bitops-bitwise-and,256,4d5fca02a7a094c2b54be6baf3072ff5f4f45b49832707cf8f629b0c63fba3e2,1865.5707650000113,2481.928,2133.28
bitops-nsieve-bits,128,34f9ea5096c26b893e5e0ce072b48e7fb8daa8b8fa8ee7cc73c25a3058e1a077,1892.823121000023,3014.991,2853.32
controlflow-recursive,256,f586c5deb91bc208d998be3297b09b56c93d05221de83efeae3f5d81f1edc1a1,1926.0910789999762,1680.847,1663.9
crypto-aes,128,e837148b06369386567b137a1e8fde4ad5146fbe8c3db68a01f5565c8362b212,2033.9784780000336,1889.52,1380.7
crypto-md5,256,3d78eece1c080aae439ccad0da71bf9b0118eb86f18071dfbb740ad2ac019c5c,1868.2848590000067,1989.012,1923.02
crypto-sha1,256,c8dd8a9f77b6324c4631a45d830091ae525216db06aa33e2f75941eff5a9d7b1,1730.030420999974,2277.7059999999997,1495.92
date-format-tofte,128,0ff82c04adfd58b4c1e73f7d125a3c211ac239ce2a360ac8a8c0e00b701ebdae,3984.2351809999673,1198.726,1588.52
date-format-xparb,256,69877f16a716b07a80ee49ddfcab1eea62f06b2d1e889e2449e710dda309dff8,5854.872580000025,1159.73,2145.74
math-cordic,64,57e317668a711875dc9f1d636d83922a5120254c8c7e48ea5a2f8931ea09abda,1553.7599850000115,1197.556,1233.8
math-partial-sums,128,9c8aa6cc4d866ed7d6a7bd27b862bba4b3f47b335d2836c1a16dcb6e8e6b7380,1508.6737299999804,1636.982,1305.68
math-spectral-norm,128,cc17b425ce0d48316abefbb95f2efcc2de6bd42b9a2483020bda2833f33fb00c,1147.4291310000117,1179.98,1436.92
regexp-dna,512,804a0f197c6f151f253e5d10076ed3e7610c70339bf37862246065eda9618cdd,35611.237580000015,1020.0020000000001,51056.32
string-base64,256,9eea1462d8413d5064ae46d6bb9332ddf8e1a19ecaf8d7bce3b32e5a5b1ec412,4113.868422999978,1684.864,2471.9
string-fasta,128,f20b612779a7e2bf5266a90df22eee22d95383ad16e49eef9075939382efa16f,3071.099244999932,1287.826,1718.12
string-tagcloud,256,d7af33faa746b2602adc40fe50dea9bb0c9bc52e8b537f5cded5a02d1028303c,6189.129196999944,1567.857,4887.08
string-unpack-code,256,267d868cdc459c030262297191fca65819aef57792dbde11142b9ee947d3c107,11687.937974,1718.473,3394.26
string-validate-input,256,371b0f2ad8f59fbff8cfda969216e1450bd53d275a287e2285377e6ba0005547,2947.7053389999783,1543.754,2830.32
