suite,benchmark,N,quickjs_elapsed_ms,v8_elapsed_ms,quickjs_per_call_ms,v8_per_call_ms,status,timestamp
Richards,Richards,1,4,2,4,2,BELOW_TARGET,2026-09-27T17:03:40.170983+00:00
Richards,Richards,2,8,4,4,2,BELOW_TARGET,2026-09-27T17:03:40.258668+00:00
Richards,Richards,4,15,9,3.75,2.25,BELOW_TARGET,2026-09-27T17:03:40.364988+00:00
Richards,Richards,8,30,16,3.75,2,BELOW_TARGET,2026-09-27T17:03:40.492238+00:00
Richards,Richards,16,61,33,3.8125,2.0625,BELOW_TARGET,2026-09-27T17:03:40.666659+00:00
Richards,Richards,32,128,67,4,2.09375,BELOW_TARGET,2026-09-27T17:03:40.944474+00:00
Richards,Richards,64,248,134,3.875,2.09375,BELOW_TARGET,2026-09-27T17:03:41.412117+00:00
Richards,Richards,128,483,263,3.7734375,2.0546875,BELOW_TARGET,2026-09-27T17:03:42.240575+00:00
Richards,Richards,256,955,529,3.73046875,2.06640625,BELOW_TARGET,2026-09-27T17:03:43.806846+00:00
Richards,Richards,512,1961,1040,3.830078125,2.03125,SELECTED,2026-09-27T17:03:46.893608+00:00
DeltaBlue,DeltaBlue,1,8,4,8,4,BELOW_TARGET,2026-09-27T17:03:46.987881+00:00
DeltaBlue,DeltaBlue,2,15,8,7.5,4,BELOW_TARGET,2026-09-27T17:03:47.097404+00:00
DeltaBlue,DeltaBlue,4,34,15,8.5,3.75,BELOW_TARGET,2026-09-27T17:03:47.226983+00:00
DeltaBlue,DeltaBlue,8,62,30,7.75,3.75,BELOW_TARGET,2026-09-27T17:03:47.400723+00:00
DeltaBlue,DeltaBlue,16,123,59,7.6875,3.6875,BELOW_TARGET,2026-09-27T17:03:47.665799+00:00
DeltaBlue,DeltaBlue,32,244,116,7.625,3.625,BELOW_TARGET,2026-09-27T17:03:48.109621+00:00
DeltaBlue,DeltaBlue,64,490,232,7.65625,3.625,BELOW_TARGET,2026-09-27T17:03:48.919397+00:00
DeltaBlue,DeltaBlue,128,970,459,7.578125,3.5859375,BELOW_TARGET,2026-09-27T17:03:50.433776+00:00
DeltaBlue,DeltaBlue,256,1997,902,7.80078125,3.5234375,BELOW_TARGET,2026-09-27T17:03:53.421215+00:00
DeltaBlue,DeltaBlue,512,3893,1827,7.603515625,3.568359375,SELECTED,2026-09-27T17:03:59.224502+00:00
Crypto,Encrypt,1,6,5,6,5,BELOW_TARGET,2026-09-27T17:03:59.527771+00:00
Crypto,Encrypt,2,11,10,5.5,5,BELOW_TARGET,2026-09-27T17:03:59.828958+00:00
Crypto,Encrypt,4,22,19,5.5,4.75,BELOW_TARGET,2026-09-27T17:04:00.143033+00:00
Crypto,Encrypt,8,44,38,5.5,4.75,BELOW_TARGET,2026-09-27T17:04:00.501384+00:00
Crypto,Encrypt,16,91,76,5.6875,4.75,BELOW_TARGET,2026-09-27T17:04:00.945755+00:00
Crypto,Encrypt,32,174,157,5.4375,4.90625,BELOW_TARGET,2026-09-27T17:04:01.555434+00:00
Crypto,Encrypt,64,343,309,5.359375,4.828125,BELOW_TARGET,2026-09-27T17:04:02.480298+00:00
Crypto,Encrypt,128,697,612,5.4453125,4.78125,BELOW_TARGET,2026-09-27T17:04:04.068998+00:00
Crypto,Encrypt,256,1382,1230,5.3984375,4.8046875,SELECTED,2026-09-27T17:04:06.957006+00:00
Crypto,Decrypt,1,104,90,104,90,BELOW_TARGET,2026-09-27T17:04:07.246127+00:00
Crypto,Decrypt,2,205,175,102.5,87.5,BELOW_TARGET,2026-09-27T17:04:07.729262+00:00
Crypto,Decrypt,4,402,359,100.5,89.75,BELOW_TARGET,2026-09-27T17:04:08.584526+00:00
Crypto,Decrypt,8,813,716,101.625,89.5,BELOW_TARGET,2026-09-27T17:04:10.216305+00:00
Crypto,Decrypt,16,1599,1403,99.9375,87.6875,SELECTED,2026-09-27T17:04:13.322993+00:00
RayTrace,RayTrace,1,40,18,40,18,BELOW_TARGET,2026-09-27T17:04:13.464252+00:00
RayTrace,RayTrace,2,81,35,40.5,17.5,BELOW_TARGET,2026-09-27T17:04:13.662510+00:00
RayTrace,RayTrace,4,160,69,40,17.25,BELOW_TARGET,2026-09-27T17:04:13.975055+00:00
RayTrace,RayTrace,8,315,138,39.375,17.25,BELOW_TARGET,2026-09-27T17:04:14.510590+00:00
RayTrace,RayTrace,16,630,268,39.375,16.75,BELOW_TARGET,2026-09-27T17:04:15.495766+00:00
RayTrace,RayTrace,32,1254,563,39.1875,17.59375,BELOW_TARGET,2026-09-27T17:04:17.394684+00:00
RayTrace,RayTrace,64,2554,1062,39.90625,16.59375,SELECTED,2026-09-27T17:04:21.100495+00:00
EarleyBoyer,Earley,1,8,2,8,2,BELOW_TARGET,2026-09-27T17:04:21.215165+00:00
EarleyBoyer,Earley,2,15,5,7.5,2.5,BELOW_TARGET,2026-09-27T17:04:21.330779+00:00
EarleyBoyer,Earley,4,40,10,10,2.5,BELOW_TARGET,2026-09-27T17:04:21.475557+00:00
EarleyBoyer,Earley,8,60,19,7.5,2.375,BELOW_TARGET,2026-09-27T17:04:21.651190+00:00
EarleyBoyer,Earley,16,119,36,7.4375,2.25,BELOW_TARGET,2026-09-27T17:04:21.904997+00:00
EarleyBoyer,Earley,32,239,71,7.46875,2.21875,BELOW_TARGET,2026-09-27T17:04:22.316260+00:00
EarleyBoyer,Earley,64,467,139,7.296875,2.171875,BELOW_TARGET,2026-09-27T17:04:23.018592+00:00
EarleyBoyer,Earley,128,943,273,7.3671875,2.1328125,BELOW_TARGET,2026-09-27T17:04:24.339660+00:00
EarleyBoyer,Earley,256,1879,552,7.33984375,2.15625,BELOW_TARGET,2026-09-27T17:04:26.875127+00:00
EarleyBoyer,Earley,512,3763,1096,7.349609375,2.140625,SELECTED,2026-09-27T17:04:31.836237+00:00
EarleyBoyer,Boyer,1,125,44,125,44,BELOW_TARGET,2026-09-27T17:04:32.102719+00:00
EarleyBoyer,Boyer,2,238,85,119,42.5,BELOW_TARGET,2026-09-27T17:04:32.523966+00:00
EarleyBoyer,Boyer,4,472,176,118,44,BELOW_TARGET,2026-09-27T17:04:33.271278+00:00
EarleyBoyer,Boyer,8,935,328,116.875,41,BELOW_TARGET,2026-09-27T17:04:34.640612+00:00
EarleyBoyer,Boyer,16,1847,649,115.4375,40.5625,BELOW_TARGET,2026-09-27T17:04:37.236604+00:00
EarleyBoyer,Boyer,32,3740,1279,116.875,39.96875,SELECTED,2026-09-27T17:04:42.357204+00:00
RegExp,RegExp,1,229,26,229,26,BELOW_TARGET,2026-09-27T17:04:42.737021+00:00
RegExp,RegExp,2,458,45,229,22.5,BELOW_TARGET,2026-09-27T17:04:43.367629+00:00
RegExp,RegExp,4,925,84,231.25,21,BELOW_TARGET,2026-09-27T17:04:44.503755+00:00
RegExp,RegExp,8,1826,162,228.25,20.25,BELOW_TARGET,2026-09-27T17:04:46.618403+00:00
RegExp,RegExp,16,3725,313,232.8125,19.5625,BELOW_TARGET,2026-09-27T17:04:50.780695+00:00
RegExp,RegExp,32,7306,618,228.3125,19.3125,BELOW_TARGET,2026-09-27T17:04:58.826196+00:00
RegExp,RegExp,64,14545,1248,227.265625,19.5,SELECTED,2026-09-27T17:05:14.767365+00:00
Splay,Splay,1,3,1,3,1,BELOW_TARGET,2026-09-27T17:05:15.359171+00:00
Splay,Splay,2,5,1,2.5,0.5,BELOW_TARGET,2026-09-27T17:05:15.938819+00:00
Splay,Splay,4,10,3,2.5,0.75,BELOW_TARGET,2026-09-27T17:05:16.525572+00:00
Splay,Splay,8,19,7,2.375,0.875,BELOW_TARGET,2026-09-27T17:05:17.131949+00:00
Splay,Splay,16,38,12,2.375,0.75,BELOW_TARGET,2026-09-27T17:05:17.763677+00:00
Splay,Splay,32,77,28,2.40625,0.875,BELOW_TARGET,2026-09-27T17:05:18.443119+00:00
Splay,Splay,64,148,60,2.3125,0.9375,BELOW_TARGET,2026-09-27T17:05:19.234186+00:00
Splay,Splay,128,298,117,2.328125,0.9140625,BELOW_TARGET,2026-09-27T17:05:20.243650+00:00
Splay,Splay,256,585,254,2.28515625,0.9921875,BELOW_TARGET,2026-09-27T17:05:21.674766+00:00
Splay,Splay,512,1188,485,2.3203125,0.947265625,BELOW_TARGET,2026-09-27T17:05:23.958250+00:00
Splay,Splay,1024,2327,944,2.2724609375,0.921875,BELOW_TARGET,2026-09-27T17:05:27.826849+00:00
Splay,Splay,2048,4543,1849,2.21826171875,0.90283203125,SELECTED,2026-09-27T17:05:34.813096+00:00
NavierStokes,NavierStokes,1,63,73,63,73,BELOW_TARGET,2026-09-27T17:05:36.924877+00:00
NavierStokes,NavierStokes,2,125,149,62.5,74.5,BELOW_TARGET,2026-09-27T17:05:39.046287+00:00
NavierStokes,NavierStokes,4,251,283,62.75,70.75,BELOW_TARGET,2026-09-27T17:05:41.137911+00:00
NavierStokes,NavierStokes,8,492,565,61.5,70.625,BELOW_TARGET,2026-09-27T17:05:43.209824+00:00
NavierStokes,NavierStokes,16,938,1200,58.625,75,BELOW_TARGET,2026-09-27T17:05:45.446671+00:00
NavierStokes,NavierStokes,32,1934,2276,60.4375,71.125,SELECTED,2026-09-27T17:05:49.747358+00:00
PdfJS,PdfJS,1,213,111,213,111,BELOW_TARGET,2026-09-27T17:05:50.348908+00:00
PdfJS,PdfJS,2,425,220,212.5,110,BELOW_TARGET,2026-09-27T17:05:51.281778+00:00
PdfJS,PdfJS,4,826,425,206.5,106.25,BELOW_TARGET,2026-09-27T17:05:52.837515+00:00
PdfJS,PdfJS,8,1655,852,206.875,106.5,BELOW_TARGET,2026-09-27T17:05:55.688449+00:00
PdfJS,PdfJS,16,3230,1712,201.875,107,SELECTED,2026-09-27T17:06:01.055313+00:00
Mandreel,Mandreel,1,1828,1465,1828,1465,SELECTED,2026-09-27T17:06:07.274936+00:00
Gameboy,Gameboy,1,417,360,417,360,BELOW_TARGET,2026-09-27T17:06:08.191353+00:00
Gameboy,Gameboy,2,760,645,380,322.5,BELOW_TARGET,2026-09-27T17:06:09.736629+00:00
Gameboy,Gameboy,4,1433,1178,358.25,294.5,SELECTED,2026-09-27T17:06:12.494365+00:00
CodeLoad,CodeLoadClosure,1,1,0,1,0,BELOW_TARGET,2026-09-27T17:06:12.576856+00:00
CodeLoad,CodeLoadClosure,2,1,1,0.5,0.5,BELOW_TARGET,2026-09-27T17:06:12.659811+00:00
CodeLoad,CodeLoadClosure,4,4,1,1,0.25,BELOW_TARGET,2026-09-27T17:06:12.752360+00:00
CodeLoad,CodeLoadClosure,8,5,3,0.625,0.375,BELOW_TARGET,2026-09-27T17:06:12.844569+00:00
CodeLoad,CodeLoadClosure,16,10,5,0.625,0.3125,BELOW_TARGET,2026-09-27T17:06:12.941645+00:00
CodeLoad,CodeLoadClosure,32,19,10,0.59375,0.3125,BELOW_TARGET,2026-09-27T17:06:13.052456+00:00
CodeLoad,CodeLoadClosure,64,38,20,0.59375,0.3125,BELOW_TARGET,2026-09-27T17:06:13.194098+00:00
CodeLoad,CodeLoadClosure,128,75,38,0.5859375,0.296875,BELOW_TARGET,2026-09-27T17:06:13.397052+00:00
CodeLoad,CodeLoadClosure,256,152,75,0.59375,0.29296875,BELOW_TARGET,2026-09-27T17:06:13.712408+00:00
CodeLoad,CodeLoadClosure,512,308,152,0.6015625,0.296875,BELOW_TARGET,2026-09-27T17:06:14.268195+00:00
CodeLoad,CodeLoadClosure,1024,606,307,0.591796875,0.2998046875,BELOW_TARGET,2026-09-27T17:06:15.297476+00:00
CodeLoad,CodeLoadClosure,2048,1217,597,0.59423828125,0.29150390625,BELOW_TARGET,2026-09-27T17:06:17.259023+00:00
CodeLoad,CodeLoadClosure,4096,2465,1159,0.601806640625,0.282958984375,SELECTED,2026-09-27T17:06:21.105139+00:00
CodeLoad,CodeLoadJQuery,1,11,7,11,7,BELOW_TARGET,2026-09-27T17:06:21.208741+00:00
CodeLoad,CodeLoadJQuery,2,22,11,11,5.5,BELOW_TARGET,2026-09-27T17:06:21.322243+00:00
CodeLoad,CodeLoadJQuery,4,44,22,11,5.5,BELOW_TARGET,2026-09-27T17:06:21.472745+00:00
CodeLoad,CodeLoadJQuery,8,89,37,11.125,4.625,BELOW_TARGET,2026-09-27T17:06:21.682180+00:00
CodeLoad,CodeLoadJQuery,16,175,70,10.9375,4.375,BELOW_TARGET,2026-09-27T17:06:22.011021+00:00
CodeLoad,CodeLoadJQuery,32,354,138,11.0625,4.3125,BELOW_TARGET,2026-09-27T17:06:22.593223+00:00
CodeLoad,CodeLoadJQuery,64,700,270,10.9375,4.21875,BELOW_TARGET,2026-09-27T17:06:23.654558+00:00
CodeLoad,CodeLoadJQuery,128,1416,544,11.0625,4.25,BELOW_TARGET,2026-09-27T17:06:25.715452+00:00
CodeLoad,CodeLoadJQuery,256,2773,1071,10.83203125,4.18359375,SELECTED,2026-09-27T17:06:29.660868+00:00
Typescript,Typescript,1,2046,1196,2046,1196,SELECTED,2026-09-27T17:06:33.242114+00:00
