case,suite,subbenchmark,quickjs_status,v8_status,jsc_status,included,reason
Richards.Richards,Richards,Richards,PASS,PASS,PASS,True,
DeltaBlue.DeltaBlue,DeltaBlue,DeltaBlue,PASS,PASS,PASS,True,
Crypto.Encrypt,Crypto,Encrypt,PASS,PASS,PASS,True,
Crypto.Decrypt,Crypto,Decrypt,PASS,PASS,PASS,True,
RayTrace.RayTrace,RayTrace,RayTrace,PASS,PASS,PASS,True,
EarleyBoyer.Earley,EarleyBoyer,Earley,PASS,PASS,PASS,True,
EarleyBoyer.Boyer,EarleyBoyer,Boyer,PASS,PASS,PASS,True,
RegExp.RegExp,RegExp,RegExp,PASS,PASS,PASS,True,
Splay.Splay,Splay,Splay,PASS,PASS,PASS,True,
NavierStokes.NavierStokes,NavierStokes,NavierStokes,PASS,PASS,PASS,True,
PdfJS.PdfJS,PdfJS,PdfJS,PASS,PASS,PASS,True,
Mandreel.Mandreel,Mandreel,Mandreel,PASS,PASS,PASS,True,
Gameboy.Gameboy,Gameboy,Gameboy,PASS,PASS,PASS,True,
CodeLoad.CodeLoadClosure,CodeLoad,CodeLoadClosure,PASS,PASS,PASS,True,
CodeLoad.CodeLoadJQuery,CodeLoad,CodeLoadJQuery,PASS,PASS,PASS,True,
Typescript.Typescript,Typescript,Typescript,PASS,PASS,PASS,True,
