case,engine,rep,order,permutation,round_case_position,schedule_index
Crypto.Decrypt,quickjs,1,1,"[""quickjs"",""v8"",""jsc""]",1,1
Crypto.Decrypt,v8,1,2,"[""quickjs"",""v8"",""jsc""]",1,2
Crypto.Decrypt,jsc,1,3,"[""quickjs"",""v8"",""jsc""]",1,3
CodeLoad.CodeLoadJQuery,v8,1,1,"[""v8"",""jsc"",""quickjs""]",2,4
CodeLoad.CodeLoadJQuery,jsc,1,2,"[""v8"",""jsc"",""quickjs""]",2,5
CodeLoad.CodeLoadJQuery,quickjs,1,3,"[""v8"",""jsc"",""quickjs""]",2,6
RayTrace.RayTrace,quickjs,1,1,"[""quickjs"",""jsc"",""v8""]",3,7
RayTrace.RayTrace,jsc,1,2,"[""quickjs"",""jsc"",""v8""]",3,8
RayTrace.RayTrace,v8,1,3,"[""quickjs"",""jsc"",""v8""]",3,9
CodeLoad.CodeLoadClosure,v8,1,1,"[""v8"",""jsc"",""quickjs""]",4,10
CodeLoad.CodeLoadClosure,jsc,1,2,"[""v8"",""jsc"",""quickjs""]",4,11
CodeLoad.CodeLoadClosure,quickjs,1,3,"[""v8"",""jsc"",""quickjs""]",4,12
RegExp.RegExp,v8,1,1,"[""v8"",""quickjs"",""jsc""]",5,13
RegExp.RegExp,quickjs,1,2,"[""v8"",""quickjs"",""jsc""]",5,14
RegExp.RegExp,jsc,1,3,"[""v8"",""quickjs"",""jsc""]",5,15
EarleyBoyer.Earley,v8,1,1,"[""v8"",""jsc"",""quickjs""]",6,16
EarleyBoyer.Earley,jsc,1,2,"[""v8"",""jsc"",""quickjs""]",6,17
EarleyBoyer.Earley,quickjs,1,3,"[""v8"",""jsc"",""quickjs""]",6,18
Richards.Richards,quickjs,1,1,"[""quickjs"",""v8"",""jsc""]",7,19
Richards.Richards,v8,1,2,"[""quickjs"",""v8"",""jsc""]",7,20
Richards.Richards,jsc,1,3,"[""quickjs"",""v8"",""jsc""]",7,21
PdfJS.PdfJS,jsc,1,1,"[""jsc"",""v8"",""quickjs""]",8,22
PdfJS.PdfJS,v8,1,2,"[""jsc"",""v8"",""quickjs""]",8,23
PdfJS.PdfJS,quickjs,1,3,"[""jsc"",""v8"",""quickjs""]",8,24
EarleyBoyer.Boyer,v8,1,1,"[""v8"",""quickjs"",""jsc""]",9,25
EarleyBoyer.Boyer,quickjs,1,2,"[""v8"",""quickjs"",""jsc""]",9,26
EarleyBoyer.Boyer,jsc,1,3,"[""v8"",""quickjs"",""jsc""]",9,27
Crypto.Encrypt,quickjs,1,1,"[""quickjs"",""v8"",""jsc""]",10,28
Crypto.Encrypt,v8,1,2,"[""quickjs"",""v8"",""jsc""]",10,29
Crypto.Encrypt,jsc,1,3,"[""quickjs"",""v8"",""jsc""]",10,30
Typescript.Typescript,jsc,1,1,"[""jsc"",""quickjs"",""v8""]",11,31
Typescript.Typescript,quickjs,1,2,"[""jsc"",""quickjs"",""v8""]",11,32
Typescript.Typescript,v8,1,3,"[""jsc"",""quickjs"",""v8""]",11,33
Gameboy.Gameboy,quickjs,1,1,"[""quickjs"",""v8"",""jsc""]",12,34
Gameboy.Gameboy,v8,1,2,"[""quickjs"",""v8"",""jsc""]",12,35
Gameboy.Gameboy,jsc,1,3,"[""quickjs"",""v8"",""jsc""]",12,36
DeltaBlue.DeltaBlue,jsc,1,1,"[""jsc"",""v8"",""quickjs""]",13,37
DeltaBlue.DeltaBlue,v8,1,2,"[""jsc"",""v8"",""quickjs""]",13,38
DeltaBlue.DeltaBlue,quickjs,1,3,"[""jsc"",""v8"",""quickjs""]",13,39
NavierStokes.NavierStokes,v8,1,1,"[""v8"",""jsc"",""quickjs""]",14,40
NavierStokes.NavierStokes,jsc,1,2,"[""v8"",""jsc"",""quickjs""]",14,41
NavierStokes.NavierStokes,quickjs,1,3,"[""v8"",""jsc"",""quickjs""]",14,42
Mandreel.Mandreel,v8,1,1,"[""v8"",""quickjs"",""jsc""]",15,43
Mandreel.Mandreel,quickjs,1,2,"[""v8"",""quickjs"",""jsc""]",15,44
Mandreel.Mandreel,jsc,1,3,"[""v8"",""quickjs"",""jsc""]",15,45
Splay.Splay,v8,1,1,"[""v8"",""jsc"",""quickjs""]",16,46
Splay.Splay,jsc,1,2,"[""v8"",""jsc"",""quickjs""]",16,47
Splay.Splay,quickjs,1,3,"[""v8"",""jsc"",""quickjs""]",16,48
CodeLoad.CodeLoadJQuery,jsc,2,1,"[""jsc"",""quickjs"",""v8""]",1,49
CodeLoad.CodeLoadJQuery,quickjs,2,2,"[""jsc"",""quickjs"",""v8""]",1,50
CodeLoad.CodeLoadJQuery,v8,2,3,"[""jsc"",""quickjs"",""v8""]",1,51
Crypto.Decrypt,v8,2,1,"[""v8"",""jsc"",""quickjs""]",2,52
Crypto.Decrypt,jsc,2,2,"[""v8"",""jsc"",""quickjs""]",2,53
Crypto.Decrypt,quickjs,2,3,"[""v8"",""jsc"",""quickjs""]",2,54
Mandreel.Mandreel,quickjs,2,1,"[""quickjs"",""v8"",""jsc""]",3,55
Mandreel.Mandreel,v8,2,2,"[""quickjs"",""v8"",""jsc""]",3,56
Mandreel.Mandreel,jsc,2,3,"[""quickjs"",""v8"",""jsc""]",3,57
PdfJS.PdfJS,v8,2,1,"[""v8"",""quickjs"",""jsc""]",4,58
PdfJS.PdfJS,quickjs,2,2,"[""v8"",""quickjs"",""jsc""]",4,59
PdfJS.PdfJS,jsc,2,3,"[""v8"",""quickjs"",""jsc""]",4,60
EarleyBoyer.Earley,quickjs,2,1,"[""quickjs"",""v8"",""jsc""]",5,61
EarleyBoyer.Earley,v8,2,2,"[""quickjs"",""v8"",""jsc""]",5,62
EarleyBoyer.Earley,jsc,2,3,"[""quickjs"",""v8"",""jsc""]",5,63
NavierStokes.NavierStokes,jsc,2,1,"[""jsc"",""v8"",""quickjs""]",6,64
NavierStokes.NavierStokes,v8,2,2,"[""jsc"",""v8"",""quickjs""]",6,65
NavierStokes.NavierStokes,quickjs,2,3,"[""jsc"",""v8"",""quickjs""]",6,66
RegExp.RegExp,jsc,2,1,"[""jsc"",""v8"",""quickjs""]",7,67
RegExp.RegExp,v8,2,2,"[""jsc"",""v8"",""quickjs""]",7,68
RegExp.RegExp,quickjs,2,3,"[""jsc"",""v8"",""quickjs""]",7,69
Richards.Richards,jsc,2,1,"[""jsc"",""v8"",""quickjs""]",8,70
Richards.Richards,v8,2,2,"[""jsc"",""v8"",""quickjs""]",8,71
Richards.Richards,quickjs,2,3,"[""jsc"",""v8"",""quickjs""]",8,72
EarleyBoyer.Boyer,quickjs,2,1,"[""quickjs"",""jsc"",""v8""]",9,73
EarleyBoyer.Boyer,jsc,2,2,"[""quickjs"",""jsc"",""v8""]",9,74
EarleyBoyer.Boyer,v8,2,3,"[""quickjs"",""jsc"",""v8""]",9,75
Typescript.Typescript,quickjs,2,1,"[""quickjs"",""jsc"",""v8""]",10,76
Typescript.Typescript,jsc,2,2,"[""quickjs"",""jsc"",""v8""]",10,77
Typescript.Typescript,v8,2,3,"[""quickjs"",""jsc"",""v8""]",10,78
CodeLoad.CodeLoadClosure,v8,2,1,"[""v8"",""quickjs"",""jsc""]",11,79
CodeLoad.CodeLoadClosure,quickjs,2,2,"[""v8"",""quickjs"",""jsc""]",11,80
CodeLoad.CodeLoadClosure,jsc,2,3,"[""v8"",""quickjs"",""jsc""]",11,81
RayTrace.RayTrace,jsc,2,1,"[""jsc"",""quickjs"",""v8""]",12,82
RayTrace.RayTrace,quickjs,2,2,"[""jsc"",""quickjs"",""v8""]",12,83
RayTrace.RayTrace,v8,2,3,"[""jsc"",""quickjs"",""v8""]",12,84
DeltaBlue.DeltaBlue,v8,2,1,"[""v8"",""jsc"",""quickjs""]",13,85
DeltaBlue.DeltaBlue,jsc,2,2,"[""v8"",""jsc"",""quickjs""]",13,86
DeltaBlue.DeltaBlue,quickjs,2,3,"[""v8"",""jsc"",""quickjs""]",13,87
Splay.Splay,quickjs,2,1,"[""quickjs"",""v8"",""jsc""]",14,88
Splay.Splay,v8,2,2,"[""quickjs"",""v8"",""jsc""]",14,89
Splay.Splay,jsc,2,3,"[""quickjs"",""v8"",""jsc""]",14,90
Crypto.Encrypt,v8,2,1,"[""v8"",""jsc"",""quickjs""]",15,91
Crypto.Encrypt,jsc,2,2,"[""v8"",""jsc"",""quickjs""]",15,92
Crypto.Encrypt,quickjs,2,3,"[""v8"",""jsc"",""quickjs""]",15,93
Gameboy.Gameboy,jsc,2,1,"[""jsc"",""quickjs"",""v8""]",16,94
Gameboy.Gameboy,quickjs,2,2,"[""jsc"",""quickjs"",""v8""]",16,95
Gameboy.Gameboy,v8,2,3,"[""jsc"",""quickjs"",""v8""]",16,96
Gameboy.Gameboy,jsc,3,1,"[""jsc"",""quickjs"",""v8""]",1,97
Gameboy.Gameboy,quickjs,3,2,"[""jsc"",""quickjs"",""v8""]",1,98
Gameboy.Gameboy,v8,3,3,"[""jsc"",""quickjs"",""v8""]",1,99
DeltaBlue.DeltaBlue,v8,3,1,"[""v8"",""quickjs"",""jsc""]",2,100
DeltaBlue.DeltaBlue,quickjs,3,2,"[""v8"",""quickjs"",""jsc""]",2,101
DeltaBlue.DeltaBlue,jsc,3,3,"[""v8"",""quickjs"",""jsc""]",2,102
RegExp.RegExp,quickjs,3,1,"[""quickjs"",""jsc"",""v8""]",3,103
RegExp.RegExp,jsc,3,2,"[""quickjs"",""jsc"",""v8""]",3,104
RegExp.RegExp,v8,3,3,"[""quickjs"",""jsc"",""v8""]",3,105
EarleyBoyer.Boyer,jsc,3,1,"[""jsc"",""quickjs"",""v8""]",4,106
EarleyBoyer.Boyer,quickjs,3,2,"[""jsc"",""quickjs"",""v8""]",4,107
EarleyBoyer.Boyer,v8,3,3,"[""jsc"",""quickjs"",""v8""]",4,108
Mandreel.Mandreel,jsc,3,1,"[""jsc"",""quickjs"",""v8""]",5,109
Mandreel.Mandreel,quickjs,3,2,"[""jsc"",""quickjs"",""v8""]",5,110
Mandreel.Mandreel,v8,3,3,"[""jsc"",""quickjs"",""v8""]",5,111
Crypto.Encrypt,v8,3,1,"[""v8"",""jsc"",""quickjs""]",6,112
Crypto.Encrypt,jsc,3,2,"[""v8"",""jsc"",""quickjs""]",6,113
Crypto.Encrypt,quickjs,3,3,"[""v8"",""jsc"",""quickjs""]",6,114
Typescript.Typescript,quickjs,3,1,"[""quickjs"",""jsc"",""v8""]",7,115
Typescript.Typescript,jsc,3,2,"[""quickjs"",""jsc"",""v8""]",7,116
Typescript.Typescript,v8,3,3,"[""quickjs"",""jsc"",""v8""]",7,117
Crypto.Decrypt,jsc,3,1,"[""jsc"",""v8"",""quickjs""]",8,118
Crypto.Decrypt,v8,3,2,"[""jsc"",""v8"",""quickjs""]",8,119
Crypto.Decrypt,quickjs,3,3,"[""jsc"",""v8"",""quickjs""]",8,120
NavierStokes.NavierStokes,v8,3,1,"[""v8"",""jsc"",""quickjs""]",9,121
NavierStokes.NavierStokes,jsc,3,2,"[""v8"",""jsc"",""quickjs""]",9,122
NavierStokes.NavierStokes,quickjs,3,3,"[""v8"",""jsc"",""quickjs""]",9,123
RayTrace.RayTrace,v8,3,1,"[""v8"",""quickjs"",""jsc""]",10,124
RayTrace.RayTrace,quickjs,3,2,"[""v8"",""quickjs"",""jsc""]",10,125
RayTrace.RayTrace,jsc,3,3,"[""v8"",""quickjs"",""jsc""]",10,126
EarleyBoyer.Earley,v8,3,1,"[""v8"",""quickjs"",""jsc""]",11,127
EarleyBoyer.Earley,quickjs,3,2,"[""v8"",""quickjs"",""jsc""]",11,128
EarleyBoyer.Earley,jsc,3,3,"[""v8"",""quickjs"",""jsc""]",11,129
Richards.Richards,jsc,3,1,"[""jsc"",""v8"",""quickjs""]",12,130
Richards.Richards,v8,3,2,"[""jsc"",""v8"",""quickjs""]",12,131
Richards.Richards,quickjs,3,3,"[""jsc"",""v8"",""quickjs""]",12,132
Splay.Splay,jsc,3,1,"[""jsc"",""v8"",""quickjs""]",13,133
Splay.Splay,v8,3,2,"[""jsc"",""v8"",""quickjs""]",13,134
Splay.Splay,quickjs,3,3,"[""jsc"",""v8"",""quickjs""]",13,135
CodeLoad.CodeLoadJQuery,v8,3,1,"[""v8"",""quickjs"",""jsc""]",14,136
CodeLoad.CodeLoadJQuery,quickjs,3,2,"[""v8"",""quickjs"",""jsc""]",14,137
CodeLoad.CodeLoadJQuery,jsc,3,3,"[""v8"",""quickjs"",""jsc""]",14,138
PdfJS.PdfJS,jsc,3,1,"[""jsc"",""v8"",""quickjs""]",15,139
PdfJS.PdfJS,v8,3,2,"[""jsc"",""v8"",""quickjs""]",15,140
PdfJS.PdfJS,quickjs,3,3,"[""jsc"",""v8"",""quickjs""]",15,141
CodeLoad.CodeLoadClosure,jsc,3,1,"[""jsc"",""v8"",""quickjs""]",16,142
CodeLoad.CodeLoadClosure,v8,3,2,"[""jsc"",""v8"",""quickjs""]",16,143
CodeLoad.CodeLoadClosure,quickjs,3,3,"[""jsc"",""v8"",""quickjs""]",16,144
Crypto.Encrypt,jsc,4,1,"[""jsc"",""quickjs"",""v8""]",1,145
Crypto.Encrypt,quickjs,4,2,"[""jsc"",""quickjs"",""v8""]",1,146
Crypto.Encrypt,v8,4,3,"[""jsc"",""quickjs"",""v8""]",1,147
EarleyBoyer.Boyer,jsc,4,1,"[""jsc"",""quickjs"",""v8""]",2,148
EarleyBoyer.Boyer,quickjs,4,2,"[""jsc"",""quickjs"",""v8""]",2,149
EarleyBoyer.Boyer,v8,4,3,"[""jsc"",""quickjs"",""v8""]",2,150
NavierStokes.NavierStokes,v8,4,1,"[""v8"",""quickjs"",""jsc""]",3,151
NavierStokes.NavierStokes,quickjs,4,2,"[""v8"",""quickjs"",""jsc""]",3,152
NavierStokes.NavierStokes,jsc,4,3,"[""v8"",""quickjs"",""jsc""]",3,153
CodeLoad.CodeLoadJQuery,jsc,4,1,"[""jsc"",""v8"",""quickjs""]",4,154
CodeLoad.CodeLoadJQuery,v8,4,2,"[""jsc"",""v8"",""quickjs""]",4,155
CodeLoad.CodeLoadJQuery,quickjs,4,3,"[""jsc"",""v8"",""quickjs""]",4,156
RayTrace.RayTrace,jsc,4,1,"[""jsc"",""quickjs"",""v8""]",5,157
RayTrace.RayTrace,quickjs,4,2,"[""jsc"",""quickjs"",""v8""]",5,158
RayTrace.RayTrace,v8,4,3,"[""jsc"",""quickjs"",""v8""]",5,159
CodeLoad.CodeLoadClosure,quickjs,4,1,"[""quickjs"",""jsc"",""v8""]",6,160
CodeLoad.CodeLoadClosure,jsc,4,2,"[""quickjs"",""jsc"",""v8""]",6,161
CodeLoad.CodeLoadClosure,v8,4,3,"[""quickjs"",""jsc"",""v8""]",6,162
DeltaBlue.DeltaBlue,quickjs,4,1,"[""quickjs"",""v8"",""jsc""]",7,163
DeltaBlue.DeltaBlue,v8,4,2,"[""quickjs"",""v8"",""jsc""]",7,164
DeltaBlue.DeltaBlue,jsc,4,3,"[""quickjs"",""v8"",""jsc""]",7,165
Richards.Richards,quickjs,4,1,"[""quickjs"",""jsc"",""v8""]",8,166
Richards.Richards,jsc,4,2,"[""quickjs"",""jsc"",""v8""]",8,167
Richards.Richards,v8,4,3,"[""quickjs"",""jsc"",""v8""]",8,168
EarleyBoyer.Earley,v8,4,1,"[""v8"",""quickjs"",""jsc""]",9,169
EarleyBoyer.Earley,quickjs,4,2,"[""v8"",""quickjs"",""jsc""]",9,170
EarleyBoyer.Earley,jsc,4,3,"[""v8"",""quickjs"",""jsc""]",9,171
Gameboy.Gameboy,quickjs,4,1,"[""quickjs"",""jsc"",""v8""]",10,172
Gameboy.Gameboy,jsc,4,2,"[""quickjs"",""jsc"",""v8""]",10,173
Gameboy.Gameboy,v8,4,3,"[""quickjs"",""jsc"",""v8""]",10,174
Splay.Splay,jsc,4,1,"[""jsc"",""quickjs"",""v8""]",11,175
Splay.Splay,quickjs,4,2,"[""jsc"",""quickjs"",""v8""]",11,176
Splay.Splay,v8,4,3,"[""jsc"",""quickjs"",""v8""]",11,177
PdfJS.PdfJS,quickjs,4,1,"[""quickjs"",""v8"",""jsc""]",12,178
PdfJS.PdfJS,v8,4,2,"[""quickjs"",""v8"",""jsc""]",12,179
PdfJS.PdfJS,jsc,4,3,"[""quickjs"",""v8"",""jsc""]",12,180
RegExp.RegExp,jsc,4,1,"[""jsc"",""quickjs"",""v8""]",13,181
RegExp.RegExp,quickjs,4,2,"[""jsc"",""quickjs"",""v8""]",13,182
RegExp.RegExp,v8,4,3,"[""jsc"",""quickjs"",""v8""]",13,183
Mandreel.Mandreel,quickjs,4,1,"[""quickjs"",""v8"",""jsc""]",14,184
Mandreel.Mandreel,v8,4,2,"[""quickjs"",""v8"",""jsc""]",14,185
Mandreel.Mandreel,jsc,4,3,"[""quickjs"",""v8"",""jsc""]",14,186
Typescript.Typescript,quickjs,4,1,"[""quickjs"",""v8"",""jsc""]",15,187
Typescript.Typescript,v8,4,2,"[""quickjs"",""v8"",""jsc""]",15,188
Typescript.Typescript,jsc,4,3,"[""quickjs"",""v8"",""jsc""]",15,189
Crypto.Decrypt,jsc,4,1,"[""jsc"",""v8"",""quickjs""]",16,190
Crypto.Decrypt,v8,4,2,"[""jsc"",""v8"",""quickjs""]",16,191
Crypto.Decrypt,quickjs,4,3,"[""jsc"",""v8"",""quickjs""]",16,192
NavierStokes.NavierStokes,quickjs,5,1,"[""quickjs"",""v8"",""jsc""]",1,193
NavierStokes.NavierStokes,v8,5,2,"[""quickjs"",""v8"",""jsc""]",1,194
NavierStokes.NavierStokes,jsc,5,3,"[""quickjs"",""v8"",""jsc""]",1,195
Crypto.Decrypt,v8,5,1,"[""v8"",""jsc"",""quickjs""]",2,196
Crypto.Decrypt,jsc,5,2,"[""v8"",""jsc"",""quickjs""]",2,197
Crypto.Decrypt,quickjs,5,3,"[""v8"",""jsc"",""quickjs""]",2,198
PdfJS.PdfJS,quickjs,5,1,"[""quickjs"",""v8"",""jsc""]",3,199
PdfJS.PdfJS,v8,5,2,"[""quickjs"",""v8"",""jsc""]",3,200
PdfJS.PdfJS,jsc,5,3,"[""quickjs"",""v8"",""jsc""]",3,201
RayTrace.RayTrace,jsc,5,1,"[""jsc"",""quickjs"",""v8""]",4,202
RayTrace.RayTrace,quickjs,5,2,"[""jsc"",""quickjs"",""v8""]",4,203
RayTrace.RayTrace,v8,5,3,"[""jsc"",""quickjs"",""v8""]",4,204
Richards.Richards,v8,5,1,"[""v8"",""quickjs"",""jsc""]",5,205
Richards.Richards,quickjs,5,2,"[""v8"",""quickjs"",""jsc""]",5,206
Richards.Richards,jsc,5,3,"[""v8"",""quickjs"",""jsc""]",5,207
RegExp.RegExp,jsc,5,1,"[""jsc"",""quickjs"",""v8""]",6,208
RegExp.RegExp,quickjs,5,2,"[""jsc"",""quickjs"",""v8""]",6,209
RegExp.RegExp,v8,5,3,"[""jsc"",""quickjs"",""v8""]",6,210
CodeLoad.CodeLoadClosure,v8,5,1,"[""v8"",""jsc"",""quickjs""]",7,211
CodeLoad.CodeLoadClosure,jsc,5,2,"[""v8"",""jsc"",""quickjs""]",7,212
CodeLoad.CodeLoadClosure,quickjs,5,3,"[""v8"",""jsc"",""quickjs""]",7,213
EarleyBoyer.Earley,v8,5,1,"[""v8"",""quickjs"",""jsc""]",8,214
EarleyBoyer.Earley,quickjs,5,2,"[""v8"",""quickjs"",""jsc""]",8,215
EarleyBoyer.Earley,jsc,5,3,"[""v8"",""quickjs"",""jsc""]",8,216
Gameboy.Gameboy,v8,5,1,"[""v8"",""quickjs"",""jsc""]",9,217
Gameboy.Gameboy,quickjs,5,2,"[""v8"",""quickjs"",""jsc""]",9,218
Gameboy.Gameboy,jsc,5,3,"[""v8"",""quickjs"",""jsc""]",9,219
Typescript.Typescript,jsc,5,1,"[""jsc"",""v8"",""quickjs""]",10,220
Typescript.Typescript,v8,5,2,"[""jsc"",""v8"",""quickjs""]",10,221
Typescript.Typescript,quickjs,5,3,"[""jsc"",""v8"",""quickjs""]",10,222
CodeLoad.CodeLoadJQuery,quickjs,5,1,"[""quickjs"",""v8"",""jsc""]",11,223
CodeLoad.CodeLoadJQuery,v8,5,2,"[""quickjs"",""v8"",""jsc""]",11,224
CodeLoad.CodeLoadJQuery,jsc,5,3,"[""quickjs"",""v8"",""jsc""]",11,225
EarleyBoyer.Boyer,quickjs,5,1,"[""quickjs"",""jsc"",""v8""]",12,226
EarleyBoyer.Boyer,jsc,5,2,"[""quickjs"",""jsc"",""v8""]",12,227
EarleyBoyer.Boyer,v8,5,3,"[""quickjs"",""jsc"",""v8""]",12,228
Splay.Splay,v8,5,1,"[""v8"",""jsc"",""quickjs""]",13,229
Splay.Splay,jsc,5,2,"[""v8"",""jsc"",""quickjs""]",13,230
Splay.Splay,quickjs,5,3,"[""v8"",""jsc"",""quickjs""]",13,231
DeltaBlue.DeltaBlue,jsc,5,1,"[""jsc"",""v8"",""quickjs""]",14,232
DeltaBlue.DeltaBlue,v8,5,2,"[""jsc"",""v8"",""quickjs""]",14,233
DeltaBlue.DeltaBlue,quickjs,5,3,"[""jsc"",""v8"",""quickjs""]",14,234
Crypto.Encrypt,v8,5,1,"[""v8"",""jsc"",""quickjs""]",15,235
Crypto.Encrypt,jsc,5,2,"[""v8"",""jsc"",""quickjs""]",15,236
Crypto.Encrypt,quickjs,5,3,"[""v8"",""jsc"",""quickjs""]",15,237
Mandreel.Mandreel,jsc,5,1,"[""jsc"",""v8"",""quickjs""]",16,238
Mandreel.Mandreel,v8,5,2,"[""jsc"",""v8"",""quickjs""]",16,239
Mandreel.Mandreel,quickjs,5,3,"[""jsc"",""v8"",""quickjs""]",16,240
RayTrace.RayTrace,v8,6,1,"[""v8"",""jsc"",""quickjs""]",1,241
RayTrace.RayTrace,jsc,6,2,"[""v8"",""jsc"",""quickjs""]",1,242
RayTrace.RayTrace,quickjs,6,3,"[""v8"",""jsc"",""quickjs""]",1,243
Richards.Richards,v8,6,1,"[""v8"",""quickjs"",""jsc""]",2,244
Richards.Richards,quickjs,6,2,"[""v8"",""quickjs"",""jsc""]",2,245
Richards.Richards,jsc,6,3,"[""v8"",""quickjs"",""jsc""]",2,246
Crypto.Encrypt,quickjs,6,1,"[""quickjs"",""v8"",""jsc""]",3,247
Crypto.Encrypt,v8,6,2,"[""quickjs"",""v8"",""jsc""]",3,248
Crypto.Encrypt,jsc,6,3,"[""quickjs"",""v8"",""jsc""]",3,249
EarleyBoyer.Boyer,quickjs,6,1,"[""quickjs"",""v8"",""jsc""]",4,250
EarleyBoyer.Boyer,v8,6,2,"[""quickjs"",""v8"",""jsc""]",4,251
EarleyBoyer.Boyer,jsc,6,3,"[""quickjs"",""v8"",""jsc""]",4,252
PdfJS.PdfJS,quickjs,6,1,"[""quickjs"",""jsc"",""v8""]",5,253
PdfJS.PdfJS,jsc,6,2,"[""quickjs"",""jsc"",""v8""]",5,254
PdfJS.PdfJS,v8,6,3,"[""quickjs"",""jsc"",""v8""]",5,255
EarleyBoyer.Earley,v8,6,1,"[""v8"",""jsc"",""quickjs""]",6,256
EarleyBoyer.Earley,jsc,6,2,"[""v8"",""jsc"",""quickjs""]",6,257
EarleyBoyer.Earley,quickjs,6,3,"[""v8"",""jsc"",""quickjs""]",6,258
DeltaBlue.DeltaBlue,jsc,6,1,"[""jsc"",""quickjs"",""v8""]",7,259
DeltaBlue.DeltaBlue,quickjs,6,2,"[""jsc"",""quickjs"",""v8""]",7,260
DeltaBlue.DeltaBlue,v8,6,3,"[""jsc"",""quickjs"",""v8""]",7,261
CodeLoad.CodeLoadJQuery,v8,6,1,"[""v8"",""jsc"",""quickjs""]",8,262
CodeLoad.CodeLoadJQuery,jsc,6,2,"[""v8"",""jsc"",""quickjs""]",8,263
CodeLoad.CodeLoadJQuery,quickjs,6,3,"[""v8"",""jsc"",""quickjs""]",8,264
Typescript.Typescript,quickjs,6,1,"[""quickjs"",""v8"",""jsc""]",9,265
Typescript.Typescript,v8,6,2,"[""quickjs"",""v8"",""jsc""]",9,266
Typescript.Typescript,jsc,6,3,"[""quickjs"",""v8"",""jsc""]",9,267
NavierStokes.NavierStokes,quickjs,6,1,"[""quickjs"",""jsc"",""v8""]",10,268
NavierStokes.NavierStokes,jsc,6,2,"[""quickjs"",""jsc"",""v8""]",10,269
NavierStokes.NavierStokes,v8,6,3,"[""quickjs"",""jsc"",""v8""]",10,270
CodeLoad.CodeLoadClosure,v8,6,1,"[""v8"",""jsc"",""quickjs""]",11,271
CodeLoad.CodeLoadClosure,jsc,6,2,"[""v8"",""jsc"",""quickjs""]",11,272
CodeLoad.CodeLoadClosure,quickjs,6,3,"[""v8"",""jsc"",""quickjs""]",11,273
Crypto.Decrypt,quickjs,6,1,"[""quickjs"",""jsc"",""v8""]",12,274
Crypto.Decrypt,jsc,6,2,"[""quickjs"",""jsc"",""v8""]",12,275
Crypto.Decrypt,v8,6,3,"[""quickjs"",""jsc"",""v8""]",12,276
RegExp.RegExp,jsc,6,1,"[""jsc"",""v8"",""quickjs""]",13,277
RegExp.RegExp,v8,6,2,"[""jsc"",""v8"",""quickjs""]",13,278
RegExp.RegExp,quickjs,6,3,"[""jsc"",""v8"",""quickjs""]",13,279
Mandreel.Mandreel,jsc,6,1,"[""jsc"",""v8"",""quickjs""]",14,280
Mandreel.Mandreel,v8,6,2,"[""jsc"",""v8"",""quickjs""]",14,281
Mandreel.Mandreel,quickjs,6,3,"[""jsc"",""v8"",""quickjs""]",14,282
Splay.Splay,jsc,6,1,"[""jsc"",""quickjs"",""v8""]",15,283
Splay.Splay,quickjs,6,2,"[""jsc"",""quickjs"",""v8""]",15,284
Splay.Splay,v8,6,3,"[""jsc"",""quickjs"",""v8""]",15,285
Gameboy.Gameboy,v8,6,1,"[""v8"",""jsc"",""quickjs""]",16,286
Gameboy.Gameboy,jsc,6,2,"[""v8"",""jsc"",""quickjs""]",16,287
Gameboy.Gameboy,quickjs,6,3,"[""v8"",""jsc"",""quickjs""]",16,288
CodeLoad.CodeLoadClosure,v8,7,1,"[""v8"",""jsc"",""quickjs""]",1,289
CodeLoad.CodeLoadClosure,jsc,7,2,"[""v8"",""jsc"",""quickjs""]",1,290
CodeLoad.CodeLoadClosure,quickjs,7,3,"[""v8"",""jsc"",""quickjs""]",1,291
RayTrace.RayTrace,v8,7,1,"[""v8"",""quickjs"",""jsc""]",2,292
RayTrace.RayTrace,quickjs,7,2,"[""v8"",""quickjs"",""jsc""]",2,293
RayTrace.RayTrace,jsc,7,3,"[""v8"",""quickjs"",""jsc""]",2,294
EarleyBoyer.Earley,jsc,7,1,"[""jsc"",""v8"",""quickjs""]",3,295
EarleyBoyer.Earley,v8,7,2,"[""jsc"",""v8"",""quickjs""]",3,296
EarleyBoyer.Earley,quickjs,7,3,"[""jsc"",""v8"",""quickjs""]",3,297
PdfJS.PdfJS,quickjs,7,1,"[""quickjs"",""jsc"",""v8""]",4,298
PdfJS.PdfJS,jsc,7,2,"[""quickjs"",""jsc"",""v8""]",4,299
PdfJS.PdfJS,v8,7,3,"[""quickjs"",""jsc"",""v8""]",4,300
NavierStokes.NavierStokes,quickjs,7,1,"[""quickjs"",""v8"",""jsc""]",5,301
NavierStokes.NavierStokes,v8,7,2,"[""quickjs"",""v8"",""jsc""]",5,302
NavierStokes.NavierStokes,jsc,7,3,"[""quickjs"",""v8"",""jsc""]",5,303
Crypto.Encrypt,quickjs,7,1,"[""quickjs"",""jsc"",""v8""]",6,304
Crypto.Encrypt,jsc,7,2,"[""quickjs"",""jsc"",""v8""]",6,305
Crypto.Encrypt,v8,7,3,"[""quickjs"",""jsc"",""v8""]",6,306
RegExp.RegExp,quickjs,7,1,"[""quickjs"",""v8"",""jsc""]",7,307
RegExp.RegExp,v8,7,2,"[""quickjs"",""v8"",""jsc""]",7,308
RegExp.RegExp,jsc,7,3,"[""quickjs"",""v8"",""jsc""]",7,309
Gameboy.Gameboy,v8,7,1,"[""v8"",""jsc"",""quickjs""]",8,310
Gameboy.Gameboy,jsc,7,2,"[""v8"",""jsc"",""quickjs""]",8,311
Gameboy.Gameboy,quickjs,7,3,"[""v8"",""jsc"",""quickjs""]",8,312
EarleyBoyer.Boyer,jsc,7,1,"[""jsc"",""v8"",""quickjs""]",9,313
EarleyBoyer.Boyer,v8,7,2,"[""jsc"",""v8"",""quickjs""]",9,314
EarleyBoyer.Boyer,quickjs,7,3,"[""jsc"",""v8"",""quickjs""]",9,315
CodeLoad.CodeLoadJQuery,quickjs,7,1,"[""quickjs"",""v8"",""jsc""]",10,316
CodeLoad.CodeLoadJQuery,v8,7,2,"[""quickjs"",""v8"",""jsc""]",10,317
CodeLoad.CodeLoadJQuery,jsc,7,3,"[""quickjs"",""v8"",""jsc""]",10,318
Typescript.Typescript,jsc,7,1,"[""jsc"",""quickjs"",""v8""]",11,319
Typescript.Typescript,quickjs,7,2,"[""jsc"",""quickjs"",""v8""]",11,320
Typescript.Typescript,v8,7,3,"[""jsc"",""quickjs"",""v8""]",11,321
Richards.Richards,quickjs,7,1,"[""quickjs"",""jsc"",""v8""]",12,322
Richards.Richards,jsc,7,2,"[""quickjs"",""jsc"",""v8""]",12,323
Richards.Richards,v8,7,3,"[""quickjs"",""jsc"",""v8""]",12,324
Crypto.Decrypt,quickjs,7,1,"[""quickjs"",""jsc"",""v8""]",13,325
Crypto.Decrypt,jsc,7,2,"[""quickjs"",""jsc"",""v8""]",13,326
Crypto.Decrypt,v8,7,3,"[""quickjs"",""jsc"",""v8""]",13,327
Mandreel.Mandreel,jsc,7,1,"[""jsc"",""v8"",""quickjs""]",14,328
Mandreel.Mandreel,v8,7,2,"[""jsc"",""v8"",""quickjs""]",14,329
Mandreel.Mandreel,quickjs,7,3,"[""jsc"",""v8"",""quickjs""]",14,330
Splay.Splay,quickjs,7,1,"[""quickjs"",""jsc"",""v8""]",15,331
Splay.Splay,jsc,7,2,"[""quickjs"",""jsc"",""v8""]",15,332
Splay.Splay,v8,7,3,"[""quickjs"",""jsc"",""v8""]",15,333
DeltaBlue.DeltaBlue,quickjs,7,1,"[""quickjs"",""jsc"",""v8""]",16,334
DeltaBlue.DeltaBlue,jsc,7,2,"[""quickjs"",""jsc"",""v8""]",16,335
DeltaBlue.DeltaBlue,v8,7,3,"[""quickjs"",""jsc"",""v8""]",16,336
CodeLoad.CodeLoadJQuery,quickjs,8,1,"[""quickjs"",""jsc"",""v8""]",1,337
CodeLoad.CodeLoadJQuery,jsc,8,2,"[""quickjs"",""jsc"",""v8""]",1,338
CodeLoad.CodeLoadJQuery,v8,8,3,"[""quickjs"",""jsc"",""v8""]",1,339
PdfJS.PdfJS,v8,8,1,"[""v8"",""quickjs"",""jsc""]",2,340
PdfJS.PdfJS,quickjs,8,2,"[""v8"",""quickjs"",""jsc""]",2,341
PdfJS.PdfJS,jsc,8,3,"[""v8"",""quickjs"",""jsc""]",2,342
Typescript.Typescript,v8,8,1,"[""v8"",""jsc"",""quickjs""]",3,343
Typescript.Typescript,jsc,8,2,"[""v8"",""jsc"",""quickjs""]",3,344
Typescript.Typescript,quickjs,8,3,"[""v8"",""jsc"",""quickjs""]",3,345
EarleyBoyer.Boyer,quickjs,8,1,"[""quickjs"",""v8"",""jsc""]",4,346
EarleyBoyer.Boyer,v8,8,2,"[""quickjs"",""v8"",""jsc""]",4,347
EarleyBoyer.Boyer,jsc,8,3,"[""quickjs"",""v8"",""jsc""]",4,348
RegExp.RegExp,quickjs,8,1,"[""quickjs"",""jsc"",""v8""]",5,349
RegExp.RegExp,jsc,8,2,"[""quickjs"",""jsc"",""v8""]",5,350
RegExp.RegExp,v8,8,3,"[""quickjs"",""jsc"",""v8""]",5,351
Splay.Splay,quickjs,8,1,"[""quickjs"",""v8"",""jsc""]",6,352
Splay.Splay,v8,8,2,"[""quickjs"",""v8"",""jsc""]",6,353
Splay.Splay,jsc,8,3,"[""quickjs"",""v8"",""jsc""]",6,354
Crypto.Encrypt,v8,8,1,"[""v8"",""jsc"",""quickjs""]",7,355
Crypto.Encrypt,jsc,8,2,"[""v8"",""jsc"",""quickjs""]",7,356
Crypto.Encrypt,quickjs,8,3,"[""v8"",""jsc"",""quickjs""]",7,357
Gameboy.Gameboy,jsc,8,1,"[""jsc"",""v8"",""quickjs""]",8,358
Gameboy.Gameboy,v8,8,2,"[""jsc"",""v8"",""quickjs""]",8,359
Gameboy.Gameboy,quickjs,8,3,"[""jsc"",""v8"",""quickjs""]",8,360
Mandreel.Mandreel,v8,8,1,"[""v8"",""jsc"",""quickjs""]",9,361
Mandreel.Mandreel,jsc,8,2,"[""v8"",""jsc"",""quickjs""]",9,362
Mandreel.Mandreel,quickjs,8,3,"[""v8"",""jsc"",""quickjs""]",9,363
Richards.Richards,v8,8,1,"[""v8"",""jsc"",""quickjs""]",10,364
Richards.Richards,jsc,8,2,"[""v8"",""jsc"",""quickjs""]",10,365
Richards.Richards,quickjs,8,3,"[""v8"",""jsc"",""quickjs""]",10,366
NavierStokes.NavierStokes,jsc,8,1,"[""jsc"",""v8"",""quickjs""]",11,367
NavierStokes.NavierStokes,v8,8,2,"[""jsc"",""v8"",""quickjs""]",11,368
NavierStokes.NavierStokes,quickjs,8,3,"[""jsc"",""v8"",""quickjs""]",11,369
EarleyBoyer.Earley,quickjs,8,1,"[""quickjs"",""jsc"",""v8""]",12,370
EarleyBoyer.Earley,jsc,8,2,"[""quickjs"",""jsc"",""v8""]",12,371
EarleyBoyer.Earley,v8,8,3,"[""quickjs"",""jsc"",""v8""]",12,372
Crypto.Decrypt,jsc,8,1,"[""jsc"",""quickjs"",""v8""]",13,373
Crypto.Decrypt,quickjs,8,2,"[""jsc"",""quickjs"",""v8""]",13,374
Crypto.Decrypt,v8,8,3,"[""jsc"",""quickjs"",""v8""]",13,375
CodeLoad.CodeLoadClosure,quickjs,8,1,"[""quickjs"",""v8"",""jsc""]",14,376
CodeLoad.CodeLoadClosure,v8,8,2,"[""quickjs"",""v8"",""jsc""]",14,377
CodeLoad.CodeLoadClosure,jsc,8,3,"[""quickjs"",""v8"",""jsc""]",14,378
RayTrace.RayTrace,jsc,8,1,"[""jsc"",""v8"",""quickjs""]",15,379
RayTrace.RayTrace,v8,8,2,"[""jsc"",""v8"",""quickjs""]",15,380
RayTrace.RayTrace,quickjs,8,3,"[""jsc"",""v8"",""quickjs""]",15,381
DeltaBlue.DeltaBlue,v8,8,1,"[""v8"",""jsc"",""quickjs""]",16,382
DeltaBlue.DeltaBlue,jsc,8,2,"[""v8"",""jsc"",""quickjs""]",16,383
DeltaBlue.DeltaBlue,quickjs,8,3,"[""v8"",""jsc"",""quickjs""]",16,384
NavierStokes.NavierStokes,jsc,9,1,"[""jsc"",""quickjs"",""v8""]",1,385
NavierStokes.NavierStokes,quickjs,9,2,"[""jsc"",""quickjs"",""v8""]",1,386
NavierStokes.NavierStokes,v8,9,3,"[""jsc"",""quickjs"",""v8""]",1,387
Crypto.Encrypt,jsc,9,1,"[""jsc"",""v8"",""quickjs""]",2,388
Crypto.Encrypt,v8,9,2,"[""jsc"",""v8"",""quickjs""]",2,389
Crypto.Encrypt,quickjs,9,3,"[""jsc"",""v8"",""quickjs""]",2,390
CodeLoad.CodeLoadJQuery,jsc,9,1,"[""jsc"",""quickjs"",""v8""]",3,391
CodeLoad.CodeLoadJQuery,quickjs,9,2,"[""jsc"",""quickjs"",""v8""]",3,392
CodeLoad.CodeLoadJQuery,v8,9,3,"[""jsc"",""quickjs"",""v8""]",3,393
Typescript.Typescript,v8,9,1,"[""v8"",""quickjs"",""jsc""]",4,394
Typescript.Typescript,quickjs,9,2,"[""v8"",""quickjs"",""jsc""]",4,395
Typescript.Typescript,jsc,9,3,"[""v8"",""quickjs"",""jsc""]",4,396
PdfJS.PdfJS,jsc,9,1,"[""jsc"",""quickjs"",""v8""]",5,397
PdfJS.PdfJS,quickjs,9,2,"[""jsc"",""quickjs"",""v8""]",5,398
PdfJS.PdfJS,v8,9,3,"[""jsc"",""quickjs"",""v8""]",5,399
EarleyBoyer.Boyer,quickjs,9,1,"[""quickjs"",""v8"",""jsc""]",6,400
EarleyBoyer.Boyer,v8,9,2,"[""quickjs"",""v8"",""jsc""]",6,401
EarleyBoyer.Boyer,jsc,9,3,"[""quickjs"",""v8"",""jsc""]",6,402
DeltaBlue.DeltaBlue,jsc,9,1,"[""jsc"",""quickjs"",""v8""]",7,403
DeltaBlue.DeltaBlue,quickjs,9,2,"[""jsc"",""quickjs"",""v8""]",7,404
DeltaBlue.DeltaBlue,v8,9,3,"[""jsc"",""quickjs"",""v8""]",7,405
EarleyBoyer.Earley,jsc,9,1,"[""jsc"",""v8"",""quickjs""]",8,406
EarleyBoyer.Earley,v8,9,2,"[""jsc"",""v8"",""quickjs""]",8,407
EarleyBoyer.Earley,quickjs,9,3,"[""jsc"",""v8"",""quickjs""]",8,408
CodeLoad.CodeLoadClosure,quickjs,9,1,"[""quickjs"",""jsc"",""v8""]",9,409
CodeLoad.CodeLoadClosure,jsc,9,2,"[""quickjs"",""jsc"",""v8""]",9,410
CodeLoad.CodeLoadClosure,v8,9,3,"[""quickjs"",""jsc"",""v8""]",9,411
Crypto.Decrypt,quickjs,9,1,"[""quickjs"",""v8"",""jsc""]",10,412
Crypto.Decrypt,v8,9,2,"[""quickjs"",""v8"",""jsc""]",10,413
Crypto.Decrypt,jsc,9,3,"[""quickjs"",""v8"",""jsc""]",10,414
Gameboy.Gameboy,jsc,9,1,"[""jsc"",""quickjs"",""v8""]",11,415
Gameboy.Gameboy,quickjs,9,2,"[""jsc"",""quickjs"",""v8""]",11,416
Gameboy.Gameboy,v8,9,3,"[""jsc"",""quickjs"",""v8""]",11,417
Mandreel.Mandreel,quickjs,9,1,"[""quickjs"",""jsc"",""v8""]",12,418
Mandreel.Mandreel,jsc,9,2,"[""quickjs"",""jsc"",""v8""]",12,419
Mandreel.Mandreel,v8,9,3,"[""quickjs"",""jsc"",""v8""]",12,420
Splay.Splay,v8,9,1,"[""v8"",""quickjs"",""jsc""]",13,421
Splay.Splay,quickjs,9,2,"[""v8"",""quickjs"",""jsc""]",13,422
Splay.Splay,jsc,9,3,"[""v8"",""quickjs"",""jsc""]",13,423
Richards.Richards,v8,9,1,"[""v8"",""jsc"",""quickjs""]",14,424
Richards.Richards,jsc,9,2,"[""v8"",""jsc"",""quickjs""]",14,425
Richards.Richards,quickjs,9,3,"[""v8"",""jsc"",""quickjs""]",14,426
RegExp.RegExp,v8,9,1,"[""v8"",""quickjs"",""jsc""]",15,427
RegExp.RegExp,quickjs,9,2,"[""v8"",""quickjs"",""jsc""]",15,428
RegExp.RegExp,jsc,9,3,"[""v8"",""quickjs"",""jsc""]",15,429
RayTrace.RayTrace,jsc,9,1,"[""jsc"",""v8"",""quickjs""]",16,430
RayTrace.RayTrace,v8,9,2,"[""jsc"",""v8"",""quickjs""]",16,431
RayTrace.RayTrace,quickjs,9,3,"[""jsc"",""v8"",""quickjs""]",16,432
NavierStokes.NavierStokes,v8,10,1,"[""v8"",""quickjs"",""jsc""]",1,433
NavierStokes.NavierStokes,quickjs,10,2,"[""v8"",""quickjs"",""jsc""]",1,434
NavierStokes.NavierStokes,jsc,10,3,"[""v8"",""quickjs"",""jsc""]",1,435
CodeLoad.CodeLoadJQuery,jsc,10,1,"[""jsc"",""quickjs"",""v8""]",2,436
CodeLoad.CodeLoadJQuery,quickjs,10,2,"[""jsc"",""quickjs"",""v8""]",2,437
CodeLoad.CodeLoadJQuery,v8,10,3,"[""jsc"",""quickjs"",""v8""]",2,438
Splay.Splay,jsc,10,1,"[""jsc"",""v8"",""quickjs""]",3,439
Splay.Splay,v8,10,2,"[""jsc"",""v8"",""quickjs""]",3,440
Splay.Splay,quickjs,10,3,"[""jsc"",""v8"",""quickjs""]",3,441
PdfJS.PdfJS,jsc,10,1,"[""jsc"",""v8"",""quickjs""]",4,442
PdfJS.PdfJS,v8,10,2,"[""jsc"",""v8"",""quickjs""]",4,443
PdfJS.PdfJS,quickjs,10,3,"[""jsc"",""v8"",""quickjs""]",4,444
Crypto.Decrypt,quickjs,10,1,"[""quickjs"",""jsc"",""v8""]",5,445
Crypto.Decrypt,jsc,10,2,"[""quickjs"",""jsc"",""v8""]",5,446
Crypto.Decrypt,v8,10,3,"[""quickjs"",""jsc"",""v8""]",5,447
DeltaBlue.DeltaBlue,jsc,10,1,"[""jsc"",""quickjs"",""v8""]",6,448
DeltaBlue.DeltaBlue,quickjs,10,2,"[""jsc"",""quickjs"",""v8""]",6,449
DeltaBlue.DeltaBlue,v8,10,3,"[""jsc"",""quickjs"",""v8""]",6,450
Crypto.Encrypt,quickjs,10,1,"[""quickjs"",""jsc"",""v8""]",7,451
Crypto.Encrypt,jsc,10,2,"[""quickjs"",""jsc"",""v8""]",7,452
Crypto.Encrypt,v8,10,3,"[""quickjs"",""jsc"",""v8""]",7,453
RegExp.RegExp,quickjs,10,1,"[""quickjs"",""jsc"",""v8""]",8,454
RegExp.RegExp,jsc,10,2,"[""quickjs"",""jsc"",""v8""]",8,455
RegExp.RegExp,v8,10,3,"[""quickjs"",""jsc"",""v8""]",8,456
Typescript.Typescript,v8,10,1,"[""v8"",""quickjs"",""jsc""]",9,457
Typescript.Typescript,quickjs,10,2,"[""v8"",""quickjs"",""jsc""]",9,458
Typescript.Typescript,jsc,10,3,"[""v8"",""quickjs"",""jsc""]",9,459
Mandreel.Mandreel,jsc,10,1,"[""jsc"",""quickjs"",""v8""]",10,460
Mandreel.Mandreel,quickjs,10,2,"[""jsc"",""quickjs"",""v8""]",10,461
Mandreel.Mandreel,v8,10,3,"[""jsc"",""quickjs"",""v8""]",10,462
EarleyBoyer.Boyer,v8,10,1,"[""v8"",""jsc"",""quickjs""]",11,463
EarleyBoyer.Boyer,jsc,10,2,"[""v8"",""jsc"",""quickjs""]",11,464
EarleyBoyer.Boyer,quickjs,10,3,"[""v8"",""jsc"",""quickjs""]",11,465
Richards.Richards,v8,10,1,"[""v8"",""jsc"",""quickjs""]",12,466
Richards.Richards,jsc,10,2,"[""v8"",""jsc"",""quickjs""]",12,467
Richards.Richards,quickjs,10,3,"[""v8"",""jsc"",""quickjs""]",12,468
RayTrace.RayTrace,v8,10,1,"[""v8"",""quickjs"",""jsc""]",13,469
RayTrace.RayTrace,quickjs,10,2,"[""v8"",""quickjs"",""jsc""]",13,470
RayTrace.RayTrace,jsc,10,3,"[""v8"",""quickjs"",""jsc""]",13,471
CodeLoad.CodeLoadClosure,v8,10,1,"[""v8"",""quickjs"",""jsc""]",14,472
CodeLoad.CodeLoadClosure,quickjs,10,2,"[""v8"",""quickjs"",""jsc""]",14,473
CodeLoad.CodeLoadClosure,jsc,10,3,"[""v8"",""quickjs"",""jsc""]",14,474
Gameboy.Gameboy,jsc,10,1,"[""jsc"",""quickjs"",""v8""]",15,475
Gameboy.Gameboy,quickjs,10,2,"[""jsc"",""quickjs"",""v8""]",15,476
Gameboy.Gameboy,v8,10,3,"[""jsc"",""quickjs"",""v8""]",15,477
EarleyBoyer.Earley,quickjs,10,1,"[""quickjs"",""v8"",""jsc""]",16,478
EarleyBoyer.Earley,v8,10,2,"[""quickjs"",""v8"",""jsc""]",16,479
EarleyBoyer.Earley,jsc,10,3,"[""quickjs"",""v8"",""jsc""]",16,480
Richards.Richards,quickjs,11,1,"[""quickjs"",""v8"",""jsc""]",1,481
Richards.Richards,v8,11,2,"[""quickjs"",""v8"",""jsc""]",1,482
Richards.Richards,jsc,11,3,"[""quickjs"",""v8"",""jsc""]",1,483
EarleyBoyer.Boyer,jsc,11,1,"[""jsc"",""quickjs"",""v8""]",2,484
EarleyBoyer.Boyer,quickjs,11,2,"[""jsc"",""quickjs"",""v8""]",2,485
EarleyBoyer.Boyer,v8,11,3,"[""jsc"",""quickjs"",""v8""]",2,486
RayTrace.RayTrace,v8,11,1,"[""v8"",""jsc"",""quickjs""]",3,487
RayTrace.RayTrace,jsc,11,2,"[""v8"",""jsc"",""quickjs""]",3,488
RayTrace.RayTrace,quickjs,11,3,"[""v8"",""jsc"",""quickjs""]",3,489
Typescript.Typescript,v8,11,1,"[""v8"",""quickjs"",""jsc""]",4,490
Typescript.Typescript,quickjs,11,2,"[""v8"",""quickjs"",""jsc""]",4,491
Typescript.Typescript,jsc,11,3,"[""v8"",""quickjs"",""jsc""]",4,492
CodeLoad.CodeLoadClosure,quickjs,11,1,"[""quickjs"",""v8"",""jsc""]",5,493
CodeLoad.CodeLoadClosure,v8,11,2,"[""quickjs"",""v8"",""jsc""]",5,494
CodeLoad.CodeLoadClosure,jsc,11,3,"[""quickjs"",""v8"",""jsc""]",5,495
CodeLoad.CodeLoadJQuery,quickjs,11,1,"[""quickjs"",""jsc"",""v8""]",6,496
CodeLoad.CodeLoadJQuery,jsc,11,2,"[""quickjs"",""jsc"",""v8""]",6,497
CodeLoad.CodeLoadJQuery,v8,11,3,"[""quickjs"",""jsc"",""v8""]",6,498
Mandreel.Mandreel,quickjs,11,1,"[""quickjs"",""jsc"",""v8""]",7,499
Mandreel.Mandreel,jsc,11,2,"[""quickjs"",""jsc"",""v8""]",7,500
Mandreel.Mandreel,v8,11,3,"[""quickjs"",""jsc"",""v8""]",7,501
Crypto.Decrypt,jsc,11,1,"[""jsc"",""quickjs"",""v8""]",8,502
Crypto.Decrypt,quickjs,11,2,"[""jsc"",""quickjs"",""v8""]",8,503
Crypto.Decrypt,v8,11,3,"[""jsc"",""quickjs"",""v8""]",8,504
RegExp.RegExp,jsc,11,1,"[""jsc"",""v8"",""quickjs""]",9,505
RegExp.RegExp,v8,11,2,"[""jsc"",""v8"",""quickjs""]",9,506
RegExp.RegExp,quickjs,11,3,"[""jsc"",""v8"",""quickjs""]",9,507
NavierStokes.NavierStokes,v8,11,1,"[""v8"",""quickjs"",""jsc""]",10,508
NavierStokes.NavierStokes,quickjs,11,2,"[""v8"",""quickjs"",""jsc""]",10,509
NavierStokes.NavierStokes,jsc,11,3,"[""v8"",""quickjs"",""jsc""]",10,510
PdfJS.PdfJS,quickjs,11,1,"[""quickjs"",""v8"",""jsc""]",11,511
PdfJS.PdfJS,v8,11,2,"[""quickjs"",""v8"",""jsc""]",11,512
PdfJS.PdfJS,jsc,11,3,"[""quickjs"",""v8"",""jsc""]",11,513
Crypto.Encrypt,v8,11,1,"[""v8"",""quickjs"",""jsc""]",12,514
Crypto.Encrypt,quickjs,11,2,"[""v8"",""quickjs"",""jsc""]",12,515
Crypto.Encrypt,jsc,11,3,"[""v8"",""quickjs"",""jsc""]",12,516
DeltaBlue.DeltaBlue,jsc,11,1,"[""jsc"",""v8"",""quickjs""]",13,517
DeltaBlue.DeltaBlue,v8,11,2,"[""jsc"",""v8"",""quickjs""]",13,518
DeltaBlue.DeltaBlue,quickjs,11,3,"[""jsc"",""v8"",""quickjs""]",13,519
Gameboy.Gameboy,quickjs,11,1,"[""quickjs"",""jsc"",""v8""]",14,520
Gameboy.Gameboy,jsc,11,2,"[""quickjs"",""jsc"",""v8""]",14,521
Gameboy.Gameboy,v8,11,3,"[""quickjs"",""jsc"",""v8""]",14,522
Splay.Splay,quickjs,11,1,"[""quickjs"",""v8"",""jsc""]",15,523
Splay.Splay,v8,11,2,"[""quickjs"",""v8"",""jsc""]",15,524
Splay.Splay,jsc,11,3,"[""quickjs"",""v8"",""jsc""]",15,525
EarleyBoyer.Earley,jsc,11,1,"[""jsc"",""quickjs"",""v8""]",16,526
EarleyBoyer.Earley,quickjs,11,2,"[""jsc"",""quickjs"",""v8""]",16,527
EarleyBoyer.Earley,v8,11,3,"[""jsc"",""quickjs"",""v8""]",16,528
PdfJS.PdfJS,jsc,12,1,"[""jsc"",""v8"",""quickjs""]",1,529
PdfJS.PdfJS,v8,12,2,"[""jsc"",""v8"",""quickjs""]",1,530
PdfJS.PdfJS,quickjs,12,3,"[""jsc"",""v8"",""quickjs""]",1,531
CodeLoad.CodeLoadClosure,quickjs,12,1,"[""quickjs"",""v8"",""jsc""]",2,532
CodeLoad.CodeLoadClosure,v8,12,2,"[""quickjs"",""v8"",""jsc""]",2,533
CodeLoad.CodeLoadClosure,jsc,12,3,"[""quickjs"",""v8"",""jsc""]",2,534
CodeLoad.CodeLoadJQuery,v8,12,1,"[""v8"",""quickjs"",""jsc""]",3,535
CodeLoad.CodeLoadJQuery,quickjs,12,2,"[""v8"",""quickjs"",""jsc""]",3,536
CodeLoad.CodeLoadJQuery,jsc,12,3,"[""v8"",""quickjs"",""jsc""]",3,537
Crypto.Decrypt,v8,12,1,"[""v8"",""jsc"",""quickjs""]",4,538
Crypto.Decrypt,jsc,12,2,"[""v8"",""jsc"",""quickjs""]",4,539
Crypto.Decrypt,quickjs,12,3,"[""v8"",""jsc"",""quickjs""]",4,540
Typescript.Typescript,v8,12,1,"[""v8"",""quickjs"",""jsc""]",5,541
Typescript.Typescript,quickjs,12,2,"[""v8"",""quickjs"",""jsc""]",5,542
Typescript.Typescript,jsc,12,3,"[""v8"",""quickjs"",""jsc""]",5,543
RayTrace.RayTrace,quickjs,12,1,"[""quickjs"",""jsc"",""v8""]",6,544
RayTrace.RayTrace,jsc,12,2,"[""quickjs"",""jsc"",""v8""]",6,545
RayTrace.RayTrace,v8,12,3,"[""quickjs"",""jsc"",""v8""]",6,546
DeltaBlue.DeltaBlue,v8,12,1,"[""v8"",""quickjs"",""jsc""]",7,547
DeltaBlue.DeltaBlue,quickjs,12,2,"[""v8"",""quickjs"",""jsc""]",7,548
DeltaBlue.DeltaBlue,jsc,12,3,"[""v8"",""quickjs"",""jsc""]",7,549
EarleyBoyer.Boyer,v8,12,1,"[""v8"",""jsc"",""quickjs""]",8,550
EarleyBoyer.Boyer,jsc,12,2,"[""v8"",""jsc"",""quickjs""]",8,551
EarleyBoyer.Boyer,quickjs,12,3,"[""v8"",""jsc"",""quickjs""]",8,552
EarleyBoyer.Earley,quickjs,12,1,"[""quickjs"",""jsc"",""v8""]",9,553
EarleyBoyer.Earley,jsc,12,2,"[""quickjs"",""jsc"",""v8""]",9,554
EarleyBoyer.Earley,v8,12,3,"[""quickjs"",""jsc"",""v8""]",9,555
Mandreel.Mandreel,v8,12,1,"[""v8"",""quickjs"",""jsc""]",10,556
Mandreel.Mandreel,quickjs,12,2,"[""v8"",""quickjs"",""jsc""]",10,557
Mandreel.Mandreel,jsc,12,3,"[""v8"",""quickjs"",""jsc""]",10,558
Richards.Richards,jsc,12,1,"[""jsc"",""quickjs"",""v8""]",11,559
Richards.Richards,quickjs,12,2,"[""jsc"",""quickjs"",""v8""]",11,560
Richards.Richards,v8,12,3,"[""jsc"",""quickjs"",""v8""]",11,561
NavierStokes.NavierStokes,quickjs,12,1,"[""quickjs"",""v8"",""jsc""]",12,562
NavierStokes.NavierStokes,v8,12,2,"[""quickjs"",""v8"",""jsc""]",12,563
NavierStokes.NavierStokes,jsc,12,3,"[""quickjs"",""v8"",""jsc""]",12,564
Gameboy.Gameboy,jsc,12,1,"[""jsc"",""v8"",""quickjs""]",13,565
Gameboy.Gameboy,v8,12,2,"[""jsc"",""v8"",""quickjs""]",13,566
Gameboy.Gameboy,quickjs,12,3,"[""jsc"",""v8"",""quickjs""]",13,567
RegExp.RegExp,quickjs,12,1,"[""quickjs"",""jsc"",""v8""]",14,568
RegExp.RegExp,jsc,12,2,"[""quickjs"",""jsc"",""v8""]",14,569
RegExp.RegExp,v8,12,3,"[""quickjs"",""jsc"",""v8""]",14,570
Splay.Splay,quickjs,12,1,"[""quickjs"",""jsc"",""v8""]",15,571
Splay.Splay,jsc,12,2,"[""quickjs"",""jsc"",""v8""]",15,572
Splay.Splay,v8,12,3,"[""quickjs"",""jsc"",""v8""]",15,573
Crypto.Encrypt,quickjs,12,1,"[""quickjs"",""jsc"",""v8""]",16,574
Crypto.Encrypt,jsc,12,2,"[""quickjs"",""jsc"",""v8""]",16,575
Crypto.Encrypt,v8,12,3,"[""quickjs"",""jsc"",""v8""]",16,576
DeltaBlue.DeltaBlue,v8,13,1,"[""v8"",""quickjs"",""jsc""]",1,577
DeltaBlue.DeltaBlue,quickjs,13,2,"[""v8"",""quickjs"",""jsc""]",1,578
DeltaBlue.DeltaBlue,jsc,13,3,"[""v8"",""quickjs"",""jsc""]",1,579
CodeLoad.CodeLoadJQuery,v8,13,1,"[""v8"",""quickjs"",""jsc""]",2,580
CodeLoad.CodeLoadJQuery,quickjs,13,2,"[""v8"",""quickjs"",""jsc""]",2,581
CodeLoad.CodeLoadJQuery,jsc,13,3,"[""v8"",""quickjs"",""jsc""]",2,582
Mandreel.Mandreel,quickjs,13,1,"[""quickjs"",""jsc"",""v8""]",3,583
Mandreel.Mandreel,jsc,13,2,"[""quickjs"",""jsc"",""v8""]",3,584
Mandreel.Mandreel,v8,13,3,"[""quickjs"",""jsc"",""v8""]",3,585
Crypto.Encrypt,quickjs,13,1,"[""quickjs"",""jsc"",""v8""]",4,586
Crypto.Encrypt,jsc,13,2,"[""quickjs"",""jsc"",""v8""]",4,587
Crypto.Encrypt,v8,13,3,"[""quickjs"",""jsc"",""v8""]",4,588
CodeLoad.CodeLoadClosure,jsc,13,1,"[""jsc"",""quickjs"",""v8""]",5,589
CodeLoad.CodeLoadClosure,quickjs,13,2,"[""jsc"",""quickjs"",""v8""]",5,590
CodeLoad.CodeLoadClosure,v8,13,3,"[""jsc"",""quickjs"",""v8""]",5,591
NavierStokes.NavierStokes,jsc,13,1,"[""jsc"",""quickjs"",""v8""]",6,592
NavierStokes.NavierStokes,quickjs,13,2,"[""jsc"",""quickjs"",""v8""]",6,593
NavierStokes.NavierStokes,v8,13,3,"[""jsc"",""quickjs"",""v8""]",6,594
EarleyBoyer.Earley,quickjs,13,1,"[""quickjs"",""jsc"",""v8""]",7,595
EarleyBoyer.Earley,jsc,13,2,"[""quickjs"",""jsc"",""v8""]",7,596
EarleyBoyer.Earley,v8,13,3,"[""quickjs"",""jsc"",""v8""]",7,597
RegExp.RegExp,jsc,13,1,"[""jsc"",""quickjs"",""v8""]",8,598
RegExp.RegExp,quickjs,13,2,"[""jsc"",""quickjs"",""v8""]",8,599
RegExp.RegExp,v8,13,3,"[""jsc"",""quickjs"",""v8""]",8,600
PdfJS.PdfJS,v8,13,1,"[""v8"",""quickjs"",""jsc""]",9,601
PdfJS.PdfJS,quickjs,13,2,"[""v8"",""quickjs"",""jsc""]",9,602
PdfJS.PdfJS,jsc,13,3,"[""v8"",""quickjs"",""jsc""]",9,603
Typescript.Typescript,quickjs,13,1,"[""quickjs"",""jsc"",""v8""]",10,604
Typescript.Typescript,jsc,13,2,"[""quickjs"",""jsc"",""v8""]",10,605
Typescript.Typescript,v8,13,3,"[""quickjs"",""jsc"",""v8""]",10,606
EarleyBoyer.Boyer,v8,13,1,"[""v8"",""jsc"",""quickjs""]",11,607
EarleyBoyer.Boyer,jsc,13,2,"[""v8"",""jsc"",""quickjs""]",11,608
EarleyBoyer.Boyer,quickjs,13,3,"[""v8"",""jsc"",""quickjs""]",11,609
Gameboy.Gameboy,quickjs,13,1,"[""quickjs"",""v8"",""jsc""]",12,610
Gameboy.Gameboy,v8,13,2,"[""quickjs"",""v8"",""jsc""]",12,611
Gameboy.Gameboy,jsc,13,3,"[""quickjs"",""v8"",""jsc""]",12,612
Richards.Richards,jsc,13,1,"[""jsc"",""quickjs"",""v8""]",13,613
Richards.Richards,quickjs,13,2,"[""jsc"",""quickjs"",""v8""]",13,614
Richards.Richards,v8,13,3,"[""jsc"",""quickjs"",""v8""]",13,615
Crypto.Decrypt,v8,13,1,"[""v8"",""quickjs"",""jsc""]",14,616
Crypto.Decrypt,quickjs,13,2,"[""v8"",""quickjs"",""jsc""]",14,617
Crypto.Decrypt,jsc,13,3,"[""v8"",""quickjs"",""jsc""]",14,618
Splay.Splay,v8,13,1,"[""v8"",""quickjs"",""jsc""]",15,619
Splay.Splay,quickjs,13,2,"[""v8"",""quickjs"",""jsc""]",15,620
Splay.Splay,jsc,13,3,"[""v8"",""quickjs"",""jsc""]",15,621
RayTrace.RayTrace,v8,13,1,"[""v8"",""jsc"",""quickjs""]",16,622
RayTrace.RayTrace,jsc,13,2,"[""v8"",""jsc"",""quickjs""]",16,623
RayTrace.RayTrace,quickjs,13,3,"[""v8"",""jsc"",""quickjs""]",16,624
CodeLoad.CodeLoadClosure,v8,14,1,"[""v8"",""jsc"",""quickjs""]",1,625
CodeLoad.CodeLoadClosure,jsc,14,2,"[""v8"",""jsc"",""quickjs""]",1,626
CodeLoad.CodeLoadClosure,quickjs,14,3,"[""v8"",""jsc"",""quickjs""]",1,627
RegExp.RegExp,quickjs,14,1,"[""quickjs"",""jsc"",""v8""]",2,628
RegExp.RegExp,jsc,14,2,"[""quickjs"",""jsc"",""v8""]",2,629
RegExp.RegExp,v8,14,3,"[""quickjs"",""jsc"",""v8""]",2,630
Richards.Richards,quickjs,14,1,"[""quickjs"",""v8"",""jsc""]",3,631
Richards.Richards,v8,14,2,"[""quickjs"",""v8"",""jsc""]",3,632
Richards.Richards,jsc,14,3,"[""quickjs"",""v8"",""jsc""]",3,633
PdfJS.PdfJS,v8,14,1,"[""v8"",""quickjs"",""jsc""]",4,634
PdfJS.PdfJS,quickjs,14,2,"[""v8"",""quickjs"",""jsc""]",4,635
PdfJS.PdfJS,jsc,14,3,"[""v8"",""quickjs"",""jsc""]",4,636
DeltaBlue.DeltaBlue,quickjs,14,1,"[""quickjs"",""v8"",""jsc""]",5,637
DeltaBlue.DeltaBlue,v8,14,2,"[""quickjs"",""v8"",""jsc""]",5,638
DeltaBlue.DeltaBlue,jsc,14,3,"[""quickjs"",""v8"",""jsc""]",5,639
Typescript.Typescript,jsc,14,1,"[""jsc"",""quickjs"",""v8""]",6,640
Typescript.Typescript,quickjs,14,2,"[""jsc"",""quickjs"",""v8""]",6,641
Typescript.Typescript,v8,14,3,"[""jsc"",""quickjs"",""v8""]",6,642
NavierStokes.NavierStokes,quickjs,14,1,"[""quickjs"",""jsc"",""v8""]",7,643
NavierStokes.NavierStokes,jsc,14,2,"[""quickjs"",""jsc"",""v8""]",7,644
NavierStokes.NavierStokes,v8,14,3,"[""quickjs"",""jsc"",""v8""]",7,645
Splay.Splay,v8,14,1,"[""v8"",""jsc"",""quickjs""]",8,646
Splay.Splay,jsc,14,2,"[""v8"",""jsc"",""quickjs""]",8,647
Splay.Splay,quickjs,14,3,"[""v8"",""jsc"",""quickjs""]",8,648
Crypto.Decrypt,quickjs,14,1,"[""quickjs"",""jsc"",""v8""]",9,649
Crypto.Decrypt,jsc,14,2,"[""quickjs"",""jsc"",""v8""]",9,650
Crypto.Decrypt,v8,14,3,"[""quickjs"",""jsc"",""v8""]",9,651
EarleyBoyer.Boyer,quickjs,14,1,"[""quickjs"",""jsc"",""v8""]",10,652
EarleyBoyer.Boyer,jsc,14,2,"[""quickjs"",""jsc"",""v8""]",10,653
EarleyBoyer.Boyer,v8,14,3,"[""quickjs"",""jsc"",""v8""]",10,654
Crypto.Encrypt,v8,14,1,"[""v8"",""quickjs"",""jsc""]",11,655
Crypto.Encrypt,quickjs,14,2,"[""v8"",""quickjs"",""jsc""]",11,656
Crypto.Encrypt,jsc,14,3,"[""v8"",""quickjs"",""jsc""]",11,657
Gameboy.Gameboy,v8,14,1,"[""v8"",""quickjs"",""jsc""]",12,658
Gameboy.Gameboy,quickjs,14,2,"[""v8"",""quickjs"",""jsc""]",12,659
Gameboy.Gameboy,jsc,14,3,"[""v8"",""quickjs"",""jsc""]",12,660
EarleyBoyer.Earley,jsc,14,1,"[""jsc"",""quickjs"",""v8""]",13,661
EarleyBoyer.Earley,quickjs,14,2,"[""jsc"",""quickjs"",""v8""]",13,662
EarleyBoyer.Earley,v8,14,3,"[""jsc"",""quickjs"",""v8""]",13,663
CodeLoad.CodeLoadJQuery,v8,14,1,"[""v8"",""quickjs"",""jsc""]",14,664
CodeLoad.CodeLoadJQuery,quickjs,14,2,"[""v8"",""quickjs"",""jsc""]",14,665
CodeLoad.CodeLoadJQuery,jsc,14,3,"[""v8"",""quickjs"",""jsc""]",14,666
RayTrace.RayTrace,jsc,14,1,"[""jsc"",""quickjs"",""v8""]",15,667
RayTrace.RayTrace,quickjs,14,2,"[""jsc"",""quickjs"",""v8""]",15,668
RayTrace.RayTrace,v8,14,3,"[""jsc"",""quickjs"",""v8""]",15,669
Mandreel.Mandreel,v8,14,1,"[""v8"",""jsc"",""quickjs""]",16,670
Mandreel.Mandreel,jsc,14,2,"[""v8"",""jsc"",""quickjs""]",16,671
Mandreel.Mandreel,quickjs,14,3,"[""v8"",""jsc"",""quickjs""]",16,672
PdfJS.PdfJS,quickjs,15,1,"[""quickjs"",""jsc"",""v8""]",1,673
PdfJS.PdfJS,jsc,15,2,"[""quickjs"",""jsc"",""v8""]",1,674
PdfJS.PdfJS,v8,15,3,"[""quickjs"",""jsc"",""v8""]",1,675
RayTrace.RayTrace,v8,15,1,"[""v8"",""jsc"",""quickjs""]",2,676
RayTrace.RayTrace,jsc,15,2,"[""v8"",""jsc"",""quickjs""]",2,677
RayTrace.RayTrace,quickjs,15,3,"[""v8"",""jsc"",""quickjs""]",2,678
Gameboy.Gameboy,jsc,15,1,"[""jsc"",""v8"",""quickjs""]",3,679
Gameboy.Gameboy,v8,15,2,"[""jsc"",""v8"",""quickjs""]",3,680
Gameboy.Gameboy,quickjs,15,3,"[""jsc"",""v8"",""quickjs""]",3,681
Richards.Richards,quickjs,15,1,"[""quickjs"",""jsc"",""v8""]",4,682
Richards.Richards,jsc,15,2,"[""quickjs"",""jsc"",""v8""]",4,683
Richards.Richards,v8,15,3,"[""quickjs"",""jsc"",""v8""]",4,684
Splay.Splay,v8,15,1,"[""v8"",""quickjs"",""jsc""]",5,685
Splay.Splay,quickjs,15,2,"[""v8"",""quickjs"",""jsc""]",5,686
Splay.Splay,jsc,15,3,"[""v8"",""quickjs"",""jsc""]",5,687
Crypto.Encrypt,v8,15,1,"[""v8"",""quickjs"",""jsc""]",6,688
Crypto.Encrypt,quickjs,15,2,"[""v8"",""quickjs"",""jsc""]",6,689
Crypto.Encrypt,jsc,15,3,"[""v8"",""quickjs"",""jsc""]",6,690
EarleyBoyer.Earley,quickjs,15,1,"[""quickjs"",""jsc"",""v8""]",7,691
EarleyBoyer.Earley,jsc,15,2,"[""quickjs"",""jsc"",""v8""]",7,692
EarleyBoyer.Earley,v8,15,3,"[""quickjs"",""jsc"",""v8""]",7,693
CodeLoad.CodeLoadJQuery,v8,15,1,"[""v8"",""jsc"",""quickjs""]",8,694
CodeLoad.CodeLoadJQuery,jsc,15,2,"[""v8"",""jsc"",""quickjs""]",8,695
CodeLoad.CodeLoadJQuery,quickjs,15,3,"[""v8"",""jsc"",""quickjs""]",8,696
RegExp.RegExp,v8,15,1,"[""v8"",""jsc"",""quickjs""]",9,697
RegExp.RegExp,jsc,15,2,"[""v8"",""jsc"",""quickjs""]",9,698
RegExp.RegExp,quickjs,15,3,"[""v8"",""jsc"",""quickjs""]",9,699
DeltaBlue.DeltaBlue,quickjs,15,1,"[""quickjs"",""v8"",""jsc""]",10,700
DeltaBlue.DeltaBlue,v8,15,2,"[""quickjs"",""v8"",""jsc""]",10,701
DeltaBlue.DeltaBlue,jsc,15,3,"[""quickjs"",""v8"",""jsc""]",10,702
Mandreel.Mandreel,v8,15,1,"[""v8"",""jsc"",""quickjs""]",11,703
Mandreel.Mandreel,jsc,15,2,"[""v8"",""jsc"",""quickjs""]",11,704
Mandreel.Mandreel,quickjs,15,3,"[""v8"",""jsc"",""quickjs""]",11,705
NavierStokes.NavierStokes,jsc,15,1,"[""jsc"",""quickjs"",""v8""]",12,706
NavierStokes.NavierStokes,quickjs,15,2,"[""jsc"",""quickjs"",""v8""]",12,707
NavierStokes.NavierStokes,v8,15,3,"[""jsc"",""quickjs"",""v8""]",12,708
EarleyBoyer.Boyer,quickjs,15,1,"[""quickjs"",""jsc"",""v8""]",13,709
EarleyBoyer.Boyer,jsc,15,2,"[""quickjs"",""jsc"",""v8""]",13,710
EarleyBoyer.Boyer,v8,15,3,"[""quickjs"",""jsc"",""v8""]",13,711
Typescript.Typescript,jsc,15,1,"[""jsc"",""quickjs"",""v8""]",14,712
Typescript.Typescript,quickjs,15,2,"[""jsc"",""quickjs"",""v8""]",14,713
Typescript.Typescript,v8,15,3,"[""jsc"",""quickjs"",""v8""]",14,714
Crypto.Decrypt,v8,15,1,"[""v8"",""jsc"",""quickjs""]",15,715
Crypto.Decrypt,jsc,15,2,"[""v8"",""jsc"",""quickjs""]",15,716
Crypto.Decrypt,quickjs,15,3,"[""v8"",""jsc"",""quickjs""]",15,717
CodeLoad.CodeLoadClosure,quickjs,15,1,"[""quickjs"",""v8"",""jsc""]",16,718
CodeLoad.CodeLoadClosure,v8,15,2,"[""quickjs"",""v8"",""jsc""]",16,719
CodeLoad.CodeLoadClosure,jsc,15,3,"[""quickjs"",""v8"",""jsc""]",16,720
NavierStokes.NavierStokes,v8,16,1,"[""v8"",""jsc"",""quickjs""]",1,721
NavierStokes.NavierStokes,jsc,16,2,"[""v8"",""jsc"",""quickjs""]",1,722
NavierStokes.NavierStokes,quickjs,16,3,"[""v8"",""jsc"",""quickjs""]",1,723
EarleyBoyer.Earley,jsc,16,1,"[""jsc"",""v8"",""quickjs""]",2,724
EarleyBoyer.Earley,v8,16,2,"[""jsc"",""v8"",""quickjs""]",2,725
EarleyBoyer.Earley,quickjs,16,3,"[""jsc"",""v8"",""quickjs""]",2,726
Typescript.Typescript,jsc,16,1,"[""jsc"",""quickjs"",""v8""]",3,727
Typescript.Typescript,quickjs,16,2,"[""jsc"",""quickjs"",""v8""]",3,728
Typescript.Typescript,v8,16,3,"[""jsc"",""quickjs"",""v8""]",3,729
CodeLoad.CodeLoadClosure,quickjs,16,1,"[""quickjs"",""jsc"",""v8""]",4,730
CodeLoad.CodeLoadClosure,jsc,16,2,"[""quickjs"",""jsc"",""v8""]",4,731
CodeLoad.CodeLoadClosure,v8,16,3,"[""quickjs"",""jsc"",""v8""]",4,732
Splay.Splay,jsc,16,1,"[""jsc"",""quickjs"",""v8""]",5,733
Splay.Splay,quickjs,16,2,"[""jsc"",""quickjs"",""v8""]",5,734
Splay.Splay,v8,16,3,"[""jsc"",""quickjs"",""v8""]",5,735
RayTrace.RayTrace,jsc,16,1,"[""jsc"",""quickjs"",""v8""]",6,736
RayTrace.RayTrace,quickjs,16,2,"[""jsc"",""quickjs"",""v8""]",6,737
RayTrace.RayTrace,v8,16,3,"[""jsc"",""quickjs"",""v8""]",6,738
RegExp.RegExp,v8,16,1,"[""v8"",""quickjs"",""jsc""]",7,739
RegExp.RegExp,quickjs,16,2,"[""v8"",""quickjs"",""jsc""]",7,740
RegExp.RegExp,jsc,16,3,"[""v8"",""quickjs"",""jsc""]",7,741
Richards.Richards,jsc,16,1,"[""jsc"",""v8"",""quickjs""]",8,742
Richards.Richards,v8,16,2,"[""jsc"",""v8"",""quickjs""]",8,743
Richards.Richards,quickjs,16,3,"[""jsc"",""v8"",""quickjs""]",8,744
Crypto.Decrypt,jsc,16,1,"[""jsc"",""quickjs"",""v8""]",9,745
Crypto.Decrypt,quickjs,16,2,"[""jsc"",""quickjs"",""v8""]",9,746
Crypto.Decrypt,v8,16,3,"[""jsc"",""quickjs"",""v8""]",9,747
Mandreel.Mandreel,v8,16,1,"[""v8"",""jsc"",""quickjs""]",10,748
Mandreel.Mandreel,jsc,16,2,"[""v8"",""jsc"",""quickjs""]",10,749
Mandreel.Mandreel,quickjs,16,3,"[""v8"",""jsc"",""quickjs""]",10,750
CodeLoad.CodeLoadJQuery,v8,16,1,"[""v8"",""jsc"",""quickjs""]",11,751
CodeLoad.CodeLoadJQuery,jsc,16,2,"[""v8"",""jsc"",""quickjs""]",11,752
CodeLoad.CodeLoadJQuery,quickjs,16,3,"[""v8"",""jsc"",""quickjs""]",11,753
Crypto.Encrypt,v8,16,1,"[""v8"",""jsc"",""quickjs""]",12,754
Crypto.Encrypt,jsc,16,2,"[""v8"",""jsc"",""quickjs""]",12,755
Crypto.Encrypt,quickjs,16,3,"[""v8"",""jsc"",""quickjs""]",12,756
EarleyBoyer.Boyer,v8,16,1,"[""v8"",""quickjs"",""jsc""]",13,757
EarleyBoyer.Boyer,quickjs,16,2,"[""v8"",""quickjs"",""jsc""]",13,758
EarleyBoyer.Boyer,jsc,16,3,"[""v8"",""quickjs"",""jsc""]",13,759
PdfJS.PdfJS,jsc,16,1,"[""jsc"",""quickjs"",""v8""]",14,760
PdfJS.PdfJS,quickjs,16,2,"[""jsc"",""quickjs"",""v8""]",14,761
PdfJS.PdfJS,v8,16,3,"[""jsc"",""quickjs"",""v8""]",14,762
DeltaBlue.DeltaBlue,quickjs,16,1,"[""quickjs"",""jsc"",""v8""]",15,763
DeltaBlue.DeltaBlue,jsc,16,2,"[""quickjs"",""jsc"",""v8""]",15,764
DeltaBlue.DeltaBlue,v8,16,3,"[""quickjs"",""jsc"",""v8""]",15,765
Gameboy.Gameboy,v8,16,1,"[""v8"",""jsc"",""quickjs""]",16,766
Gameboy.Gameboy,jsc,16,2,"[""v8"",""jsc"",""quickjs""]",16,767
Gameboy.Gameboy,quickjs,16,3,"[""v8"",""jsc"",""quickjs""]",16,768
CodeLoad.CodeLoadClosure,jsc,17,1,"[""jsc"",""quickjs"",""v8""]",1,769
CodeLoad.CodeLoadClosure,quickjs,17,2,"[""jsc"",""quickjs"",""v8""]",1,770
CodeLoad.CodeLoadClosure,v8,17,3,"[""jsc"",""quickjs"",""v8""]",1,771
RegExp.RegExp,v8,17,1,"[""v8"",""jsc"",""quickjs""]",2,772
RegExp.RegExp,jsc,17,2,"[""v8"",""jsc"",""quickjs""]",2,773
RegExp.RegExp,quickjs,17,3,"[""v8"",""jsc"",""quickjs""]",2,774
RayTrace.RayTrace,quickjs,17,1,"[""quickjs"",""v8"",""jsc""]",3,775
RayTrace.RayTrace,v8,17,2,"[""quickjs"",""v8"",""jsc""]",3,776
RayTrace.RayTrace,jsc,17,3,"[""quickjs"",""v8"",""jsc""]",3,777
EarleyBoyer.Boyer,v8,17,1,"[""v8"",""jsc"",""quickjs""]",4,778
EarleyBoyer.Boyer,jsc,17,2,"[""v8"",""jsc"",""quickjs""]",4,779
EarleyBoyer.Boyer,quickjs,17,3,"[""v8"",""jsc"",""quickjs""]",4,780
Typescript.Typescript,v8,17,1,"[""v8"",""quickjs"",""jsc""]",5,781
Typescript.Typescript,quickjs,17,2,"[""v8"",""quickjs"",""jsc""]",5,782
Typescript.Typescript,jsc,17,3,"[""v8"",""quickjs"",""jsc""]",5,783
PdfJS.PdfJS,quickjs,17,1,"[""quickjs"",""jsc"",""v8""]",6,784
PdfJS.PdfJS,jsc,17,2,"[""quickjs"",""jsc"",""v8""]",6,785
PdfJS.PdfJS,v8,17,3,"[""quickjs"",""jsc"",""v8""]",6,786
Splay.Splay,quickjs,17,1,"[""quickjs"",""jsc"",""v8""]",7,787
Splay.Splay,jsc,17,2,"[""quickjs"",""jsc"",""v8""]",7,788
Splay.Splay,v8,17,3,"[""quickjs"",""jsc"",""v8""]",7,789
NavierStokes.NavierStokes,quickjs,17,1,"[""quickjs"",""v8"",""jsc""]",8,790
NavierStokes.NavierStokes,v8,17,2,"[""quickjs"",""v8"",""jsc""]",8,791
NavierStokes.NavierStokes,jsc,17,3,"[""quickjs"",""v8"",""jsc""]",8,792
Crypto.Encrypt,jsc,17,1,"[""jsc"",""quickjs"",""v8""]",9,793
Crypto.Encrypt,quickjs,17,2,"[""jsc"",""quickjs"",""v8""]",9,794
Crypto.Encrypt,v8,17,3,"[""jsc"",""quickjs"",""v8""]",9,795
Crypto.Decrypt,jsc,17,1,"[""jsc"",""v8"",""quickjs""]",10,796
Crypto.Decrypt,v8,17,2,"[""jsc"",""v8"",""quickjs""]",10,797
Crypto.Decrypt,quickjs,17,3,"[""jsc"",""v8"",""quickjs""]",10,798
Mandreel.Mandreel,quickjs,17,1,"[""quickjs"",""v8"",""jsc""]",11,799
Mandreel.Mandreel,v8,17,2,"[""quickjs"",""v8"",""jsc""]",11,800
Mandreel.Mandreel,jsc,17,3,"[""quickjs"",""v8"",""jsc""]",11,801
EarleyBoyer.Earley,v8,17,1,"[""v8"",""jsc"",""quickjs""]",12,802
EarleyBoyer.Earley,jsc,17,2,"[""v8"",""jsc"",""quickjs""]",12,803
EarleyBoyer.Earley,quickjs,17,3,"[""v8"",""jsc"",""quickjs""]",12,804
CodeLoad.CodeLoadJQuery,v8,17,1,"[""v8"",""quickjs"",""jsc""]",13,805
CodeLoad.CodeLoadJQuery,quickjs,17,2,"[""v8"",""quickjs"",""jsc""]",13,806
CodeLoad.CodeLoadJQuery,jsc,17,3,"[""v8"",""quickjs"",""jsc""]",13,807
Richards.Richards,jsc,17,1,"[""jsc"",""quickjs"",""v8""]",14,808
Richards.Richards,quickjs,17,2,"[""jsc"",""quickjs"",""v8""]",14,809
Richards.Richards,v8,17,3,"[""jsc"",""quickjs"",""v8""]",14,810
DeltaBlue.DeltaBlue,v8,17,1,"[""v8"",""quickjs"",""jsc""]",15,811
DeltaBlue.DeltaBlue,quickjs,17,2,"[""v8"",""quickjs"",""jsc""]",15,812
DeltaBlue.DeltaBlue,jsc,17,3,"[""v8"",""quickjs"",""jsc""]",15,813
Gameboy.Gameboy,quickjs,17,1,"[""quickjs"",""v8"",""jsc""]",16,814
Gameboy.Gameboy,v8,17,2,"[""quickjs"",""v8"",""jsc""]",16,815
Gameboy.Gameboy,jsc,17,3,"[""quickjs"",""v8"",""jsc""]",16,816
NavierStokes.NavierStokes,jsc,18,1,"[""jsc"",""quickjs"",""v8""]",1,817
NavierStokes.NavierStokes,quickjs,18,2,"[""jsc"",""quickjs"",""v8""]",1,818
NavierStokes.NavierStokes,v8,18,3,"[""jsc"",""quickjs"",""v8""]",1,819
Crypto.Decrypt,quickjs,18,1,"[""quickjs"",""jsc"",""v8""]",2,820
Crypto.Decrypt,jsc,18,2,"[""quickjs"",""jsc"",""v8""]",2,821
Crypto.Decrypt,v8,18,3,"[""quickjs"",""jsc"",""v8""]",2,822
PdfJS.PdfJS,jsc,18,1,"[""jsc"",""v8"",""quickjs""]",3,823
PdfJS.PdfJS,v8,18,2,"[""jsc"",""v8"",""quickjs""]",3,824
PdfJS.PdfJS,quickjs,18,3,"[""jsc"",""v8"",""quickjs""]",3,825
Mandreel.Mandreel,jsc,18,1,"[""jsc"",""v8"",""quickjs""]",4,826
Mandreel.Mandreel,v8,18,2,"[""jsc"",""v8"",""quickjs""]",4,827
Mandreel.Mandreel,quickjs,18,3,"[""jsc"",""v8"",""quickjs""]",4,828
RayTrace.RayTrace,quickjs,18,1,"[""quickjs"",""v8"",""jsc""]",5,829
RayTrace.RayTrace,v8,18,2,"[""quickjs"",""v8"",""jsc""]",5,830
RayTrace.RayTrace,jsc,18,3,"[""quickjs"",""v8"",""jsc""]",5,831
Richards.Richards,jsc,18,1,"[""jsc"",""quickjs"",""v8""]",6,832
Richards.Richards,quickjs,18,2,"[""jsc"",""quickjs"",""v8""]",6,833
Richards.Richards,v8,18,3,"[""jsc"",""quickjs"",""v8""]",6,834
EarleyBoyer.Boyer,jsc,18,1,"[""jsc"",""quickjs"",""v8""]",7,835
EarleyBoyer.Boyer,quickjs,18,2,"[""jsc"",""quickjs"",""v8""]",7,836
EarleyBoyer.Boyer,v8,18,3,"[""jsc"",""quickjs"",""v8""]",7,837
Gameboy.Gameboy,jsc,18,1,"[""jsc"",""v8"",""quickjs""]",8,838
Gameboy.Gameboy,v8,18,2,"[""jsc"",""v8"",""quickjs""]",8,839
Gameboy.Gameboy,quickjs,18,3,"[""jsc"",""v8"",""quickjs""]",8,840
Crypto.Encrypt,jsc,18,1,"[""jsc"",""v8"",""quickjs""]",9,841
Crypto.Encrypt,v8,18,2,"[""jsc"",""v8"",""quickjs""]",9,842
Crypto.Encrypt,quickjs,18,3,"[""jsc"",""v8"",""quickjs""]",9,843
CodeLoad.CodeLoadJQuery,quickjs,18,1,"[""quickjs"",""jsc"",""v8""]",10,844
CodeLoad.CodeLoadJQuery,jsc,18,2,"[""quickjs"",""jsc"",""v8""]",10,845
CodeLoad.CodeLoadJQuery,v8,18,3,"[""quickjs"",""jsc"",""v8""]",10,846
EarleyBoyer.Earley,quickjs,18,1,"[""quickjs"",""v8"",""jsc""]",11,847
EarleyBoyer.Earley,v8,18,2,"[""quickjs"",""v8"",""jsc""]",11,848
EarleyBoyer.Earley,jsc,18,3,"[""quickjs"",""v8"",""jsc""]",11,849
CodeLoad.CodeLoadClosure,jsc,18,1,"[""jsc"",""quickjs"",""v8""]",12,850
CodeLoad.CodeLoadClosure,quickjs,18,2,"[""jsc"",""quickjs"",""v8""]",12,851
CodeLoad.CodeLoadClosure,v8,18,3,"[""jsc"",""quickjs"",""v8""]",12,852
Typescript.Typescript,quickjs,18,1,"[""quickjs"",""v8"",""jsc""]",13,853
Typescript.Typescript,v8,18,2,"[""quickjs"",""v8"",""jsc""]",13,854
Typescript.Typescript,jsc,18,3,"[""quickjs"",""v8"",""jsc""]",13,855
RegExp.RegExp,v8,18,1,"[""v8"",""quickjs"",""jsc""]",14,856
RegExp.RegExp,quickjs,18,2,"[""v8"",""quickjs"",""jsc""]",14,857
RegExp.RegExp,jsc,18,3,"[""v8"",""quickjs"",""jsc""]",14,858
DeltaBlue.DeltaBlue,jsc,18,1,"[""jsc"",""v8"",""quickjs""]",15,859
DeltaBlue.DeltaBlue,v8,18,2,"[""jsc"",""v8"",""quickjs""]",15,860
DeltaBlue.DeltaBlue,quickjs,18,3,"[""jsc"",""v8"",""quickjs""]",15,861
Splay.Splay,v8,18,1,"[""v8"",""jsc"",""quickjs""]",16,862
Splay.Splay,jsc,18,2,"[""v8"",""jsc"",""quickjs""]",16,863
Splay.Splay,quickjs,18,3,"[""v8"",""jsc"",""quickjs""]",16,864
RegExp.RegExp,jsc,19,1,"[""jsc"",""v8"",""quickjs""]",1,865
RegExp.RegExp,v8,19,2,"[""jsc"",""v8"",""quickjs""]",1,866
RegExp.RegExp,quickjs,19,3,"[""jsc"",""v8"",""quickjs""]",1,867
Richards.Richards,v8,19,1,"[""v8"",""quickjs"",""jsc""]",2,868
Richards.Richards,quickjs,19,2,"[""v8"",""quickjs"",""jsc""]",2,869
Richards.Richards,jsc,19,3,"[""v8"",""quickjs"",""jsc""]",2,870
Crypto.Decrypt,v8,19,1,"[""v8"",""quickjs"",""jsc""]",3,871
Crypto.Decrypt,quickjs,19,2,"[""v8"",""quickjs"",""jsc""]",3,872
Crypto.Decrypt,jsc,19,3,"[""v8"",""quickjs"",""jsc""]",3,873
PdfJS.PdfJS,v8,19,1,"[""v8"",""quickjs"",""jsc""]",4,874
PdfJS.PdfJS,quickjs,19,2,"[""v8"",""quickjs"",""jsc""]",4,875
PdfJS.PdfJS,jsc,19,3,"[""v8"",""quickjs"",""jsc""]",4,876
NavierStokes.NavierStokes,v8,19,1,"[""v8"",""jsc"",""quickjs""]",5,877
NavierStokes.NavierStokes,jsc,19,2,"[""v8"",""jsc"",""quickjs""]",5,878
NavierStokes.NavierStokes,quickjs,19,3,"[""v8"",""jsc"",""quickjs""]",5,879
Mandreel.Mandreel,jsc,19,1,"[""jsc"",""v8"",""quickjs""]",6,880
Mandreel.Mandreel,v8,19,2,"[""jsc"",""v8"",""quickjs""]",6,881
Mandreel.Mandreel,quickjs,19,3,"[""jsc"",""v8"",""quickjs""]",6,882
Gameboy.Gameboy,v8,19,1,"[""v8"",""jsc"",""quickjs""]",7,883
Gameboy.Gameboy,jsc,19,2,"[""v8"",""jsc"",""quickjs""]",7,884
Gameboy.Gameboy,quickjs,19,3,"[""v8"",""jsc"",""quickjs""]",7,885
Splay.Splay,jsc,19,1,"[""jsc"",""v8"",""quickjs""]",8,886
Splay.Splay,v8,19,2,"[""jsc"",""v8"",""quickjs""]",8,887
Splay.Splay,quickjs,19,3,"[""jsc"",""v8"",""quickjs""]",8,888
RayTrace.RayTrace,jsc,19,1,"[""jsc"",""v8"",""quickjs""]",9,889
RayTrace.RayTrace,v8,19,2,"[""jsc"",""v8"",""quickjs""]",9,890
RayTrace.RayTrace,quickjs,19,3,"[""jsc"",""v8"",""quickjs""]",9,891
CodeLoad.CodeLoadJQuery,jsc,19,1,"[""jsc"",""quickjs"",""v8""]",10,892
CodeLoad.CodeLoadJQuery,quickjs,19,2,"[""jsc"",""quickjs"",""v8""]",10,893
CodeLoad.CodeLoadJQuery,v8,19,3,"[""jsc"",""quickjs"",""v8""]",10,894
DeltaBlue.DeltaBlue,jsc,19,1,"[""jsc"",""quickjs"",""v8""]",11,895
DeltaBlue.DeltaBlue,quickjs,19,2,"[""jsc"",""quickjs"",""v8""]",11,896
DeltaBlue.DeltaBlue,v8,19,3,"[""jsc"",""quickjs"",""v8""]",11,897
Crypto.Encrypt,jsc,19,1,"[""jsc"",""quickjs"",""v8""]",12,898
Crypto.Encrypt,quickjs,19,2,"[""jsc"",""quickjs"",""v8""]",12,899
Crypto.Encrypt,v8,19,3,"[""jsc"",""quickjs"",""v8""]",12,900
CodeLoad.CodeLoadClosure,jsc,19,1,"[""jsc"",""v8"",""quickjs""]",13,901
CodeLoad.CodeLoadClosure,v8,19,2,"[""jsc"",""v8"",""quickjs""]",13,902
CodeLoad.CodeLoadClosure,quickjs,19,3,"[""jsc"",""v8"",""quickjs""]",13,903
EarleyBoyer.Boyer,v8,19,1,"[""v8"",""quickjs"",""jsc""]",14,904
EarleyBoyer.Boyer,quickjs,19,2,"[""v8"",""quickjs"",""jsc""]",14,905
EarleyBoyer.Boyer,jsc,19,3,"[""v8"",""quickjs"",""jsc""]",14,906
EarleyBoyer.Earley,v8,19,1,"[""v8"",""jsc"",""quickjs""]",15,907
EarleyBoyer.Earley,jsc,19,2,"[""v8"",""jsc"",""quickjs""]",15,908
EarleyBoyer.Earley,quickjs,19,3,"[""v8"",""jsc"",""quickjs""]",15,909
Typescript.Typescript,v8,19,1,"[""v8"",""jsc"",""quickjs""]",16,910
Typescript.Typescript,jsc,19,2,"[""v8"",""jsc"",""quickjs""]",16,911
Typescript.Typescript,quickjs,19,3,"[""v8"",""jsc"",""quickjs""]",16,912
PdfJS.PdfJS,quickjs,20,1,"[""quickjs"",""v8"",""jsc""]",1,913
PdfJS.PdfJS,v8,20,2,"[""quickjs"",""v8"",""jsc""]",1,914
PdfJS.PdfJS,jsc,20,3,"[""quickjs"",""v8"",""jsc""]",1,915
Richards.Richards,jsc,20,1,"[""jsc"",""v8"",""quickjs""]",2,916
Richards.Richards,v8,20,2,"[""jsc"",""v8"",""quickjs""]",2,917
Richards.Richards,quickjs,20,3,"[""jsc"",""v8"",""quickjs""]",2,918
Crypto.Encrypt,jsc,20,1,"[""jsc"",""v8"",""quickjs""]",3,919
Crypto.Encrypt,v8,20,2,"[""jsc"",""v8"",""quickjs""]",3,920
Crypto.Encrypt,quickjs,20,3,"[""jsc"",""v8"",""quickjs""]",3,921
CodeLoad.CodeLoadClosure,jsc,20,1,"[""jsc"",""v8"",""quickjs""]",4,922
CodeLoad.CodeLoadClosure,v8,20,2,"[""jsc"",""v8"",""quickjs""]",4,923
CodeLoad.CodeLoadClosure,quickjs,20,3,"[""jsc"",""v8"",""quickjs""]",4,924
CodeLoad.CodeLoadJQuery,jsc,20,1,"[""jsc"",""v8"",""quickjs""]",5,925
CodeLoad.CodeLoadJQuery,v8,20,2,"[""jsc"",""v8"",""quickjs""]",5,926
CodeLoad.CodeLoadJQuery,quickjs,20,3,"[""jsc"",""v8"",""quickjs""]",5,927
Gameboy.Gameboy,quickjs,20,1,"[""quickjs"",""jsc"",""v8""]",6,928
Gameboy.Gameboy,jsc,20,2,"[""quickjs"",""jsc"",""v8""]",6,929
Gameboy.Gameboy,v8,20,3,"[""quickjs"",""jsc"",""v8""]",6,930
Mandreel.Mandreel,quickjs,20,1,"[""quickjs"",""jsc"",""v8""]",7,931
Mandreel.Mandreel,jsc,20,2,"[""quickjs"",""jsc"",""v8""]",7,932
Mandreel.Mandreel,v8,20,3,"[""quickjs"",""jsc"",""v8""]",7,933
EarleyBoyer.Earley,v8,20,1,"[""v8"",""jsc"",""quickjs""]",8,934
EarleyBoyer.Earley,jsc,20,2,"[""v8"",""jsc"",""quickjs""]",8,935
EarleyBoyer.Earley,quickjs,20,3,"[""v8"",""jsc"",""quickjs""]",8,936
EarleyBoyer.Boyer,jsc,20,1,"[""jsc"",""v8"",""quickjs""]",9,937
EarleyBoyer.Boyer,v8,20,2,"[""jsc"",""v8"",""quickjs""]",9,938
EarleyBoyer.Boyer,quickjs,20,3,"[""jsc"",""v8"",""quickjs""]",9,939
Splay.Splay,jsc,20,1,"[""jsc"",""v8"",""quickjs""]",10,940
Splay.Splay,v8,20,2,"[""jsc"",""v8"",""quickjs""]",10,941
Splay.Splay,quickjs,20,3,"[""jsc"",""v8"",""quickjs""]",10,942
DeltaBlue.DeltaBlue,v8,20,1,"[""v8"",""jsc"",""quickjs""]",11,943
DeltaBlue.DeltaBlue,jsc,20,2,"[""v8"",""jsc"",""quickjs""]",11,944
DeltaBlue.DeltaBlue,quickjs,20,3,"[""v8"",""jsc"",""quickjs""]",11,945
Crypto.Decrypt,jsc,20,1,"[""jsc"",""v8"",""quickjs""]",12,946
Crypto.Decrypt,v8,20,2,"[""jsc"",""v8"",""quickjs""]",12,947
Crypto.Decrypt,quickjs,20,3,"[""jsc"",""v8"",""quickjs""]",12,948
RegExp.RegExp,jsc,20,1,"[""jsc"",""quickjs"",""v8""]",13,949
RegExp.RegExp,quickjs,20,2,"[""jsc"",""quickjs"",""v8""]",13,950
RegExp.RegExp,v8,20,3,"[""jsc"",""quickjs"",""v8""]",13,951
RayTrace.RayTrace,jsc,20,1,"[""jsc"",""v8"",""quickjs""]",14,952
RayTrace.RayTrace,v8,20,2,"[""jsc"",""v8"",""quickjs""]",14,953
RayTrace.RayTrace,quickjs,20,3,"[""jsc"",""v8"",""quickjs""]",14,954
NavierStokes.NavierStokes,v8,20,1,"[""v8"",""jsc"",""quickjs""]",15,955
NavierStokes.NavierStokes,jsc,20,2,"[""v8"",""jsc"",""quickjs""]",15,956
NavierStokes.NavierStokes,quickjs,20,3,"[""v8"",""jsc"",""quickjs""]",15,957
Typescript.Typescript,quickjs,20,1,"[""quickjs"",""jsc"",""v8""]",16,958
Typescript.Typescript,jsc,20,2,"[""quickjs"",""jsc"",""v8""]",16,959
Typescript.Typescript,v8,20,3,"[""quickjs"",""jsc"",""v8""]",16,960
EarleyBoyer.Earley,jsc,21,1,"[""jsc"",""v8"",""quickjs""]",1,961
EarleyBoyer.Earley,v8,21,2,"[""jsc"",""v8"",""quickjs""]",1,962
EarleyBoyer.Earley,quickjs,21,3,"[""jsc"",""v8"",""quickjs""]",1,963
CodeLoad.CodeLoadJQuery,jsc,21,1,"[""jsc"",""v8"",""quickjs""]",2,964
CodeLoad.CodeLoadJQuery,v8,21,2,"[""jsc"",""v8"",""quickjs""]",2,965
CodeLoad.CodeLoadJQuery,quickjs,21,3,"[""jsc"",""v8"",""quickjs""]",2,966
DeltaBlue.DeltaBlue,v8,21,1,"[""v8"",""jsc"",""quickjs""]",3,967
DeltaBlue.DeltaBlue,jsc,21,2,"[""v8"",""jsc"",""quickjs""]",3,968
DeltaBlue.DeltaBlue,quickjs,21,3,"[""v8"",""jsc"",""quickjs""]",3,969
Crypto.Decrypt,quickjs,21,1,"[""quickjs"",""v8"",""jsc""]",4,970
Crypto.Decrypt,v8,21,2,"[""quickjs"",""v8"",""jsc""]",4,971
Crypto.Decrypt,jsc,21,3,"[""quickjs"",""v8"",""jsc""]",4,972
RegExp.RegExp,jsc,21,1,"[""jsc"",""quickjs"",""v8""]",5,973
RegExp.RegExp,quickjs,21,2,"[""jsc"",""quickjs"",""v8""]",5,974
RegExp.RegExp,v8,21,3,"[""jsc"",""quickjs"",""v8""]",5,975
RayTrace.RayTrace,quickjs,21,1,"[""quickjs"",""jsc"",""v8""]",6,976
RayTrace.RayTrace,jsc,21,2,"[""quickjs"",""jsc"",""v8""]",6,977
RayTrace.RayTrace,v8,21,3,"[""quickjs"",""jsc"",""v8""]",6,978
EarleyBoyer.Boyer,quickjs,21,1,"[""quickjs"",""v8"",""jsc""]",7,979
EarleyBoyer.Boyer,v8,21,2,"[""quickjs"",""v8"",""jsc""]",7,980
EarleyBoyer.Boyer,jsc,21,3,"[""quickjs"",""v8"",""jsc""]",7,981
Mandreel.Mandreel,v8,21,1,"[""v8"",""quickjs"",""jsc""]",8,982
Mandreel.Mandreel,quickjs,21,2,"[""v8"",""quickjs"",""jsc""]",8,983
Mandreel.Mandreel,jsc,21,3,"[""v8"",""quickjs"",""jsc""]",8,984
Typescript.Typescript,v8,21,1,"[""v8"",""jsc"",""quickjs""]",9,985
Typescript.Typescript,jsc,21,2,"[""v8"",""jsc"",""quickjs""]",9,986
Typescript.Typescript,quickjs,21,3,"[""v8"",""jsc"",""quickjs""]",9,987
Crypto.Encrypt,v8,21,1,"[""v8"",""quickjs"",""jsc""]",10,988
Crypto.Encrypt,quickjs,21,2,"[""v8"",""quickjs"",""jsc""]",10,989
Crypto.Encrypt,jsc,21,3,"[""v8"",""quickjs"",""jsc""]",10,990
Richards.Richards,v8,21,1,"[""v8"",""quickjs"",""jsc""]",11,991
Richards.Richards,quickjs,21,2,"[""v8"",""quickjs"",""jsc""]",11,992
Richards.Richards,jsc,21,3,"[""v8"",""quickjs"",""jsc""]",11,993
PdfJS.PdfJS,v8,21,1,"[""v8"",""jsc"",""quickjs""]",12,994
PdfJS.PdfJS,jsc,21,2,"[""v8"",""jsc"",""quickjs""]",12,995
PdfJS.PdfJS,quickjs,21,3,"[""v8"",""jsc"",""quickjs""]",12,996
NavierStokes.NavierStokes,v8,21,1,"[""v8"",""quickjs"",""jsc""]",13,997
NavierStokes.NavierStokes,quickjs,21,2,"[""v8"",""quickjs"",""jsc""]",13,998
NavierStokes.NavierStokes,jsc,21,3,"[""v8"",""quickjs"",""jsc""]",13,999
Gameboy.Gameboy,quickjs,21,1,"[""quickjs"",""v8"",""jsc""]",14,1000
Gameboy.Gameboy,v8,21,2,"[""quickjs"",""v8"",""jsc""]",14,1001
Gameboy.Gameboy,jsc,21,3,"[""quickjs"",""v8"",""jsc""]",14,1002
CodeLoad.CodeLoadClosure,quickjs,21,1,"[""quickjs"",""jsc"",""v8""]",15,1003
CodeLoad.CodeLoadClosure,jsc,21,2,"[""quickjs"",""jsc"",""v8""]",15,1004
CodeLoad.CodeLoadClosure,v8,21,3,"[""quickjs"",""jsc"",""v8""]",15,1005
Splay.Splay,jsc,21,1,"[""jsc"",""quickjs"",""v8""]",16,1006
Splay.Splay,quickjs,21,2,"[""jsc"",""quickjs"",""v8""]",16,1007
Splay.Splay,v8,21,3,"[""jsc"",""quickjs"",""v8""]",16,1008
Splay.Splay,v8,22,1,"[""v8"",""quickjs"",""jsc""]",1,1009
Splay.Splay,quickjs,22,2,"[""v8"",""quickjs"",""jsc""]",1,1010
Splay.Splay,jsc,22,3,"[""v8"",""quickjs"",""jsc""]",1,1011
Mandreel.Mandreel,quickjs,22,1,"[""quickjs"",""jsc"",""v8""]",2,1012
Mandreel.Mandreel,jsc,22,2,"[""quickjs"",""jsc"",""v8""]",2,1013
Mandreel.Mandreel,v8,22,3,"[""quickjs"",""jsc"",""v8""]",2,1014
EarleyBoyer.Earley,jsc,22,1,"[""jsc"",""quickjs"",""v8""]",3,1015
EarleyBoyer.Earley,quickjs,22,2,"[""jsc"",""quickjs"",""v8""]",3,1016
EarleyBoyer.Earley,v8,22,3,"[""jsc"",""quickjs"",""v8""]",3,1017
Typescript.Typescript,quickjs,22,1,"[""quickjs"",""jsc"",""v8""]",4,1018
Typescript.Typescript,jsc,22,2,"[""quickjs"",""jsc"",""v8""]",4,1019
Typescript.Typescript,v8,22,3,"[""quickjs"",""jsc"",""v8""]",4,1020
CodeLoad.CodeLoadJQuery,quickjs,22,1,"[""quickjs"",""v8"",""jsc""]",5,1021
CodeLoad.CodeLoadJQuery,v8,22,2,"[""quickjs"",""v8"",""jsc""]",5,1022
CodeLoad.CodeLoadJQuery,jsc,22,3,"[""quickjs"",""v8"",""jsc""]",5,1023
RegExp.RegExp,quickjs,22,1,"[""quickjs"",""v8"",""jsc""]",6,1024
RegExp.RegExp,v8,22,2,"[""quickjs"",""v8"",""jsc""]",6,1025
RegExp.RegExp,jsc,22,3,"[""quickjs"",""v8"",""jsc""]",6,1026
Crypto.Decrypt,v8,22,1,"[""v8"",""jsc"",""quickjs""]",7,1027
Crypto.Decrypt,jsc,22,2,"[""v8"",""jsc"",""quickjs""]",7,1028
Crypto.Decrypt,quickjs,22,3,"[""v8"",""jsc"",""quickjs""]",7,1029
EarleyBoyer.Boyer,jsc,22,1,"[""jsc"",""v8"",""quickjs""]",8,1030
EarleyBoyer.Boyer,v8,22,2,"[""jsc"",""v8"",""quickjs""]",8,1031
EarleyBoyer.Boyer,quickjs,22,3,"[""jsc"",""v8"",""quickjs""]",8,1032
NavierStokes.NavierStokes,v8,22,1,"[""v8"",""quickjs"",""jsc""]",9,1033
NavierStokes.NavierStokes,quickjs,22,2,"[""v8"",""quickjs"",""jsc""]",9,1034
NavierStokes.NavierStokes,jsc,22,3,"[""v8"",""quickjs"",""jsc""]",9,1035
PdfJS.PdfJS,quickjs,22,1,"[""quickjs"",""v8"",""jsc""]",10,1036
PdfJS.PdfJS,v8,22,2,"[""quickjs"",""v8"",""jsc""]",10,1037
PdfJS.PdfJS,jsc,22,3,"[""quickjs"",""v8"",""jsc""]",10,1038
Gameboy.Gameboy,v8,22,1,"[""v8"",""jsc"",""quickjs""]",11,1039
Gameboy.Gameboy,jsc,22,2,"[""v8"",""jsc"",""quickjs""]",11,1040
Gameboy.Gameboy,quickjs,22,3,"[""v8"",""jsc"",""quickjs""]",11,1041
CodeLoad.CodeLoadClosure,jsc,22,1,"[""jsc"",""quickjs"",""v8""]",12,1042
CodeLoad.CodeLoadClosure,quickjs,22,2,"[""jsc"",""quickjs"",""v8""]",12,1043
CodeLoad.CodeLoadClosure,v8,22,3,"[""jsc"",""quickjs"",""v8""]",12,1044
RayTrace.RayTrace,jsc,22,1,"[""jsc"",""v8"",""quickjs""]",13,1045
RayTrace.RayTrace,v8,22,2,"[""jsc"",""v8"",""quickjs""]",13,1046
RayTrace.RayTrace,quickjs,22,3,"[""jsc"",""v8"",""quickjs""]",13,1047
DeltaBlue.DeltaBlue,quickjs,22,1,"[""quickjs"",""jsc"",""v8""]",14,1048
DeltaBlue.DeltaBlue,jsc,22,2,"[""quickjs"",""jsc"",""v8""]",14,1049
DeltaBlue.DeltaBlue,v8,22,3,"[""quickjs"",""jsc"",""v8""]",14,1050
Crypto.Encrypt,v8,22,1,"[""v8"",""quickjs"",""jsc""]",15,1051
Crypto.Encrypt,quickjs,22,2,"[""v8"",""quickjs"",""jsc""]",15,1052
Crypto.Encrypt,jsc,22,3,"[""v8"",""quickjs"",""jsc""]",15,1053
Richards.Richards,v8,22,1,"[""v8"",""jsc"",""quickjs""]",16,1054
Richards.Richards,jsc,22,2,"[""v8"",""jsc"",""quickjs""]",16,1055
Richards.Richards,quickjs,22,3,"[""v8"",""jsc"",""quickjs""]",16,1056
Typescript.Typescript,v8,23,1,"[""v8"",""jsc"",""quickjs""]",1,1057
Typescript.Typescript,jsc,23,2,"[""v8"",""jsc"",""quickjs""]",1,1058
Typescript.Typescript,quickjs,23,3,"[""v8"",""jsc"",""quickjs""]",1,1059
RayTrace.RayTrace,v8,23,1,"[""v8"",""jsc"",""quickjs""]",2,1060
RayTrace.RayTrace,jsc,23,2,"[""v8"",""jsc"",""quickjs""]",2,1061
RayTrace.RayTrace,quickjs,23,3,"[""v8"",""jsc"",""quickjs""]",2,1062
EarleyBoyer.Earley,jsc,23,1,"[""jsc"",""v8"",""quickjs""]",3,1063
EarleyBoyer.Earley,v8,23,2,"[""jsc"",""v8"",""quickjs""]",3,1064
EarleyBoyer.Earley,quickjs,23,3,"[""jsc"",""v8"",""quickjs""]",3,1065
EarleyBoyer.Boyer,v8,23,1,"[""v8"",""quickjs"",""jsc""]",4,1066
EarleyBoyer.Boyer,quickjs,23,2,"[""v8"",""quickjs"",""jsc""]",4,1067
EarleyBoyer.Boyer,jsc,23,3,"[""v8"",""quickjs"",""jsc""]",4,1068
Mandreel.Mandreel,v8,23,1,"[""v8"",""quickjs"",""jsc""]",5,1069
Mandreel.Mandreel,quickjs,23,2,"[""v8"",""quickjs"",""jsc""]",5,1070
Mandreel.Mandreel,jsc,23,3,"[""v8"",""quickjs"",""jsc""]",5,1071
Crypto.Encrypt,quickjs,23,1,"[""quickjs"",""v8"",""jsc""]",6,1072
Crypto.Encrypt,v8,23,2,"[""quickjs"",""v8"",""jsc""]",6,1073
Crypto.Encrypt,jsc,23,3,"[""quickjs"",""v8"",""jsc""]",6,1074
RegExp.RegExp,v8,23,1,"[""v8"",""quickjs"",""jsc""]",7,1075
RegExp.RegExp,quickjs,23,2,"[""v8"",""quickjs"",""jsc""]",7,1076
RegExp.RegExp,jsc,23,3,"[""v8"",""quickjs"",""jsc""]",7,1077
CodeLoad.CodeLoadJQuery,quickjs,23,1,"[""quickjs"",""v8"",""jsc""]",8,1078
CodeLoad.CodeLoadJQuery,v8,23,2,"[""quickjs"",""v8"",""jsc""]",8,1079
CodeLoad.CodeLoadJQuery,jsc,23,3,"[""quickjs"",""v8"",""jsc""]",8,1080
Richards.Richards,quickjs,23,1,"[""quickjs"",""v8"",""jsc""]",9,1081
Richards.Richards,v8,23,2,"[""quickjs"",""v8"",""jsc""]",9,1082
Richards.Richards,jsc,23,3,"[""quickjs"",""v8"",""jsc""]",9,1083
DeltaBlue.DeltaBlue,quickjs,23,1,"[""quickjs"",""jsc"",""v8""]",10,1084
DeltaBlue.DeltaBlue,jsc,23,2,"[""quickjs"",""jsc"",""v8""]",10,1085
DeltaBlue.DeltaBlue,v8,23,3,"[""quickjs"",""jsc"",""v8""]",10,1086
CodeLoad.CodeLoadClosure,jsc,23,1,"[""jsc"",""quickjs"",""v8""]",11,1087
CodeLoad.CodeLoadClosure,quickjs,23,2,"[""jsc"",""quickjs"",""v8""]",11,1088
CodeLoad.CodeLoadClosure,v8,23,3,"[""jsc"",""quickjs"",""v8""]",11,1089
NavierStokes.NavierStokes,quickjs,23,1,"[""quickjs"",""jsc"",""v8""]",12,1090
NavierStokes.NavierStokes,jsc,23,2,"[""quickjs"",""jsc"",""v8""]",12,1091
NavierStokes.NavierStokes,v8,23,3,"[""quickjs"",""jsc"",""v8""]",12,1092
Splay.Splay,quickjs,23,1,"[""quickjs"",""jsc"",""v8""]",13,1093
Splay.Splay,jsc,23,2,"[""quickjs"",""jsc"",""v8""]",13,1094
Splay.Splay,v8,23,3,"[""quickjs"",""jsc"",""v8""]",13,1095
Crypto.Decrypt,v8,23,1,"[""v8"",""quickjs"",""jsc""]",14,1096
Crypto.Decrypt,quickjs,23,2,"[""v8"",""quickjs"",""jsc""]",14,1097
Crypto.Decrypt,jsc,23,3,"[""v8"",""quickjs"",""jsc""]",14,1098
PdfJS.PdfJS,v8,23,1,"[""v8"",""jsc"",""quickjs""]",15,1099
PdfJS.PdfJS,jsc,23,2,"[""v8"",""jsc"",""quickjs""]",15,1100
PdfJS.PdfJS,quickjs,23,3,"[""v8"",""jsc"",""quickjs""]",15,1101
Gameboy.Gameboy,v8,23,1,"[""v8"",""quickjs"",""jsc""]",16,1102
Gameboy.Gameboy,quickjs,23,2,"[""v8"",""quickjs"",""jsc""]",16,1103
Gameboy.Gameboy,jsc,23,3,"[""v8"",""quickjs"",""jsc""]",16,1104
Typescript.Typescript,jsc,24,1,"[""jsc"",""v8"",""quickjs""]",1,1105
Typescript.Typescript,v8,24,2,"[""jsc"",""v8"",""quickjs""]",1,1106
Typescript.Typescript,quickjs,24,3,"[""jsc"",""v8"",""quickjs""]",1,1107
Mandreel.Mandreel,jsc,24,1,"[""jsc"",""quickjs"",""v8""]",2,1108
Mandreel.Mandreel,quickjs,24,2,"[""jsc"",""quickjs"",""v8""]",2,1109
Mandreel.Mandreel,v8,24,3,"[""jsc"",""quickjs"",""v8""]",2,1110
EarleyBoyer.Earley,quickjs,24,1,"[""quickjs"",""v8"",""jsc""]",3,1111
EarleyBoyer.Earley,v8,24,2,"[""quickjs"",""v8"",""jsc""]",3,1112
EarleyBoyer.Earley,jsc,24,3,"[""quickjs"",""v8"",""jsc""]",3,1113
DeltaBlue.DeltaBlue,quickjs,24,1,"[""quickjs"",""v8"",""jsc""]",4,1114
DeltaBlue.DeltaBlue,v8,24,2,"[""quickjs"",""v8"",""jsc""]",4,1115
DeltaBlue.DeltaBlue,jsc,24,3,"[""quickjs"",""v8"",""jsc""]",4,1116
Crypto.Encrypt,quickjs,24,1,"[""quickjs"",""v8"",""jsc""]",5,1117
Crypto.Encrypt,v8,24,2,"[""quickjs"",""v8"",""jsc""]",5,1118
Crypto.Encrypt,jsc,24,3,"[""quickjs"",""v8"",""jsc""]",5,1119
CodeLoad.CodeLoadClosure,v8,24,1,"[""v8"",""quickjs"",""jsc""]",6,1120
CodeLoad.CodeLoadClosure,quickjs,24,2,"[""v8"",""quickjs"",""jsc""]",6,1121
CodeLoad.CodeLoadClosure,jsc,24,3,"[""v8"",""quickjs"",""jsc""]",6,1122
EarleyBoyer.Boyer,jsc,24,1,"[""jsc"",""v8"",""quickjs""]",7,1123
EarleyBoyer.Boyer,v8,24,2,"[""jsc"",""v8"",""quickjs""]",7,1124
EarleyBoyer.Boyer,quickjs,24,3,"[""jsc"",""v8"",""quickjs""]",7,1125
RegExp.RegExp,v8,24,1,"[""v8"",""jsc"",""quickjs""]",8,1126
RegExp.RegExp,jsc,24,2,"[""v8"",""jsc"",""quickjs""]",8,1127
RegExp.RegExp,quickjs,24,3,"[""v8"",""jsc"",""quickjs""]",8,1128
Splay.Splay,quickjs,24,1,"[""quickjs"",""v8"",""jsc""]",9,1129
Splay.Splay,v8,24,2,"[""quickjs"",""v8"",""jsc""]",9,1130
Splay.Splay,jsc,24,3,"[""quickjs"",""v8"",""jsc""]",9,1131
Richards.Richards,quickjs,24,1,"[""quickjs"",""jsc"",""v8""]",10,1132
Richards.Richards,jsc,24,2,"[""quickjs"",""jsc"",""v8""]",10,1133
Richards.Richards,v8,24,3,"[""quickjs"",""jsc"",""v8""]",10,1134
CodeLoad.CodeLoadJQuery,quickjs,24,1,"[""quickjs"",""jsc"",""v8""]",11,1135
CodeLoad.CodeLoadJQuery,jsc,24,2,"[""quickjs"",""jsc"",""v8""]",11,1136
CodeLoad.CodeLoadJQuery,v8,24,3,"[""quickjs"",""jsc"",""v8""]",11,1137
PdfJS.PdfJS,v8,24,1,"[""v8"",""jsc"",""quickjs""]",12,1138
PdfJS.PdfJS,jsc,24,2,"[""v8"",""jsc"",""quickjs""]",12,1139
PdfJS.PdfJS,quickjs,24,3,"[""v8"",""jsc"",""quickjs""]",12,1140
Crypto.Decrypt,jsc,24,1,"[""jsc"",""quickjs"",""v8""]",13,1141
Crypto.Decrypt,quickjs,24,2,"[""jsc"",""quickjs"",""v8""]",13,1142
Crypto.Decrypt,v8,24,3,"[""jsc"",""quickjs"",""v8""]",13,1143
RayTrace.RayTrace,quickjs,24,1,"[""quickjs"",""v8"",""jsc""]",14,1144
RayTrace.RayTrace,v8,24,2,"[""quickjs"",""v8"",""jsc""]",14,1145
RayTrace.RayTrace,jsc,24,3,"[""quickjs"",""v8"",""jsc""]",14,1146
NavierStokes.NavierStokes,jsc,24,1,"[""jsc"",""v8"",""quickjs""]",15,1147
NavierStokes.NavierStokes,v8,24,2,"[""jsc"",""v8"",""quickjs""]",15,1148
NavierStokes.NavierStokes,quickjs,24,3,"[""jsc"",""v8"",""quickjs""]",15,1149
Gameboy.Gameboy,jsc,24,1,"[""jsc"",""v8"",""quickjs""]",16,1150
Gameboy.Gameboy,v8,24,2,"[""jsc"",""v8"",""quickjs""]",16,1151
Gameboy.Gameboy,quickjs,24,3,"[""jsc"",""v8"",""quickjs""]",16,1152
RayTrace.RayTrace,quickjs,25,1,"[""quickjs"",""v8"",""jsc""]",1,1153
RayTrace.RayTrace,v8,25,2,"[""quickjs"",""v8"",""jsc""]",1,1154
RayTrace.RayTrace,jsc,25,3,"[""quickjs"",""v8"",""jsc""]",1,1155
RegExp.RegExp,v8,25,1,"[""v8"",""jsc"",""quickjs""]",2,1156
RegExp.RegExp,jsc,25,2,"[""v8"",""jsc"",""quickjs""]",2,1157
RegExp.RegExp,quickjs,25,3,"[""v8"",""jsc"",""quickjs""]",2,1158
Mandreel.Mandreel,jsc,25,1,"[""jsc"",""quickjs"",""v8""]",3,1159
Mandreel.Mandreel,quickjs,25,2,"[""jsc"",""quickjs"",""v8""]",3,1160
Mandreel.Mandreel,v8,25,3,"[""jsc"",""quickjs"",""v8""]",3,1161
DeltaBlue.DeltaBlue,quickjs,25,1,"[""quickjs"",""jsc"",""v8""]",4,1162
DeltaBlue.DeltaBlue,jsc,25,2,"[""quickjs"",""jsc"",""v8""]",4,1163
DeltaBlue.DeltaBlue,v8,25,3,"[""quickjs"",""jsc"",""v8""]",4,1164
Gameboy.Gameboy,jsc,25,1,"[""jsc"",""quickjs"",""v8""]",5,1165
Gameboy.Gameboy,quickjs,25,2,"[""jsc"",""quickjs"",""v8""]",5,1166
Gameboy.Gameboy,v8,25,3,"[""jsc"",""quickjs"",""v8""]",5,1167
Crypto.Encrypt,quickjs,25,1,"[""quickjs"",""jsc"",""v8""]",6,1168
Crypto.Encrypt,jsc,25,2,"[""quickjs"",""jsc"",""v8""]",6,1169
Crypto.Encrypt,v8,25,3,"[""quickjs"",""jsc"",""v8""]",6,1170
Richards.Richards,quickjs,25,1,"[""quickjs"",""v8"",""jsc""]",7,1171
Richards.Richards,v8,25,2,"[""quickjs"",""v8"",""jsc""]",7,1172
Richards.Richards,jsc,25,3,"[""quickjs"",""v8"",""jsc""]",7,1173
Crypto.Decrypt,v8,25,1,"[""v8"",""quickjs"",""jsc""]",8,1174
Crypto.Decrypt,quickjs,25,2,"[""v8"",""quickjs"",""jsc""]",8,1175
Crypto.Decrypt,jsc,25,3,"[""v8"",""quickjs"",""jsc""]",8,1176
Typescript.Typescript,jsc,25,1,"[""jsc"",""v8"",""quickjs""]",9,1177
Typescript.Typescript,v8,25,2,"[""jsc"",""v8"",""quickjs""]",9,1178
Typescript.Typescript,quickjs,25,3,"[""jsc"",""v8"",""quickjs""]",9,1179
CodeLoad.CodeLoadClosure,quickjs,25,1,"[""quickjs"",""jsc"",""v8""]",10,1180
CodeLoad.CodeLoadClosure,jsc,25,2,"[""quickjs"",""jsc"",""v8""]",10,1181
CodeLoad.CodeLoadClosure,v8,25,3,"[""quickjs"",""jsc"",""v8""]",10,1182
EarleyBoyer.Boyer,quickjs,25,1,"[""quickjs"",""jsc"",""v8""]",11,1183
EarleyBoyer.Boyer,jsc,25,2,"[""quickjs"",""jsc"",""v8""]",11,1184
EarleyBoyer.Boyer,v8,25,3,"[""quickjs"",""jsc"",""v8""]",11,1185
PdfJS.PdfJS,quickjs,25,1,"[""quickjs"",""jsc"",""v8""]",12,1186
PdfJS.PdfJS,jsc,25,2,"[""quickjs"",""jsc"",""v8""]",12,1187
PdfJS.PdfJS,v8,25,3,"[""quickjs"",""jsc"",""v8""]",12,1188
CodeLoad.CodeLoadJQuery,jsc,25,1,"[""jsc"",""v8"",""quickjs""]",13,1189
CodeLoad.CodeLoadJQuery,v8,25,2,"[""jsc"",""v8"",""quickjs""]",13,1190
CodeLoad.CodeLoadJQuery,quickjs,25,3,"[""jsc"",""v8"",""quickjs""]",13,1191
NavierStokes.NavierStokes,jsc,25,1,"[""jsc"",""v8"",""quickjs""]",14,1192
NavierStokes.NavierStokes,v8,25,2,"[""jsc"",""v8"",""quickjs""]",14,1193
NavierStokes.NavierStokes,quickjs,25,3,"[""jsc"",""v8"",""quickjs""]",14,1194
Splay.Splay,quickjs,25,1,"[""quickjs"",""v8"",""jsc""]",15,1195
Splay.Splay,v8,25,2,"[""quickjs"",""v8"",""jsc""]",15,1196
Splay.Splay,jsc,25,3,"[""quickjs"",""v8"",""jsc""]",15,1197
EarleyBoyer.Earley,jsc,25,1,"[""jsc"",""quickjs"",""v8""]",16,1198
EarleyBoyer.Earley,quickjs,25,2,"[""jsc"",""quickjs"",""v8""]",16,1199
EarleyBoyer.Earley,v8,25,3,"[""jsc"",""quickjs"",""v8""]",16,1200
NavierStokes.NavierStokes,jsc,26,1,"[""jsc"",""quickjs"",""v8""]",1,1201
NavierStokes.NavierStokes,quickjs,26,2,"[""jsc"",""quickjs"",""v8""]",1,1202
NavierStokes.NavierStokes,v8,26,3,"[""jsc"",""quickjs"",""v8""]",1,1203
CodeLoad.CodeLoadClosure,v8,26,1,"[""v8"",""quickjs"",""jsc""]",2,1204
CodeLoad.CodeLoadClosure,quickjs,26,2,"[""v8"",""quickjs"",""jsc""]",2,1205
CodeLoad.CodeLoadClosure,jsc,26,3,"[""v8"",""quickjs"",""jsc""]",2,1206
RegExp.RegExp,quickjs,26,1,"[""quickjs"",""v8"",""jsc""]",3,1207
RegExp.RegExp,v8,26,2,"[""quickjs"",""v8"",""jsc""]",3,1208
RegExp.RegExp,jsc,26,3,"[""quickjs"",""v8"",""jsc""]",3,1209
EarleyBoyer.Earley,v8,26,1,"[""v8"",""quickjs"",""jsc""]",4,1210
EarleyBoyer.Earley,quickjs,26,2,"[""v8"",""quickjs"",""jsc""]",4,1211
EarleyBoyer.Earley,jsc,26,3,"[""v8"",""quickjs"",""jsc""]",4,1212
Splay.Splay,v8,26,1,"[""v8"",""jsc"",""quickjs""]",5,1213
Splay.Splay,jsc,26,2,"[""v8"",""jsc"",""quickjs""]",5,1214
Splay.Splay,quickjs,26,3,"[""v8"",""jsc"",""quickjs""]",5,1215
Crypto.Decrypt,quickjs,26,1,"[""quickjs"",""v8"",""jsc""]",6,1216
Crypto.Decrypt,v8,26,2,"[""quickjs"",""v8"",""jsc""]",6,1217
Crypto.Decrypt,jsc,26,3,"[""quickjs"",""v8"",""jsc""]",6,1218
Typescript.Typescript,v8,26,1,"[""v8"",""jsc"",""quickjs""]",7,1219
Typescript.Typescript,jsc,26,2,"[""v8"",""jsc"",""quickjs""]",7,1220
Typescript.Typescript,quickjs,26,3,"[""v8"",""jsc"",""quickjs""]",7,1221
Gameboy.Gameboy,quickjs,26,1,"[""quickjs"",""jsc"",""v8""]",8,1222
Gameboy.Gameboy,jsc,26,2,"[""quickjs"",""jsc"",""v8""]",8,1223
Gameboy.Gameboy,v8,26,3,"[""quickjs"",""jsc"",""v8""]",8,1224
DeltaBlue.DeltaBlue,jsc,26,1,"[""jsc"",""v8"",""quickjs""]",9,1225
DeltaBlue.DeltaBlue,v8,26,2,"[""jsc"",""v8"",""quickjs""]",9,1226
DeltaBlue.DeltaBlue,quickjs,26,3,"[""jsc"",""v8"",""quickjs""]",9,1227
Mandreel.Mandreel,v8,26,1,"[""v8"",""jsc"",""quickjs""]",10,1228
Mandreel.Mandreel,jsc,26,2,"[""v8"",""jsc"",""quickjs""]",10,1229
Mandreel.Mandreel,quickjs,26,3,"[""v8"",""jsc"",""quickjs""]",10,1230
Richards.Richards,quickjs,26,1,"[""quickjs"",""jsc"",""v8""]",11,1231
Richards.Richards,jsc,26,2,"[""quickjs"",""jsc"",""v8""]",11,1232
Richards.Richards,v8,26,3,"[""quickjs"",""jsc"",""v8""]",11,1233
PdfJS.PdfJS,v8,26,1,"[""v8"",""jsc"",""quickjs""]",12,1234
PdfJS.PdfJS,jsc,26,2,"[""v8"",""jsc"",""quickjs""]",12,1235
PdfJS.PdfJS,quickjs,26,3,"[""v8"",""jsc"",""quickjs""]",12,1236
EarleyBoyer.Boyer,v8,26,1,"[""v8"",""jsc"",""quickjs""]",13,1237
EarleyBoyer.Boyer,jsc,26,2,"[""v8"",""jsc"",""quickjs""]",13,1238
EarleyBoyer.Boyer,quickjs,26,3,"[""v8"",""jsc"",""quickjs""]",13,1239
Crypto.Encrypt,quickjs,26,1,"[""quickjs"",""v8"",""jsc""]",14,1240
Crypto.Encrypt,v8,26,2,"[""quickjs"",""v8"",""jsc""]",14,1241
Crypto.Encrypt,jsc,26,3,"[""quickjs"",""v8"",""jsc""]",14,1242
RayTrace.RayTrace,quickjs,26,1,"[""quickjs"",""jsc"",""v8""]",15,1243
RayTrace.RayTrace,jsc,26,2,"[""quickjs"",""jsc"",""v8""]",15,1244
RayTrace.RayTrace,v8,26,3,"[""quickjs"",""jsc"",""v8""]",15,1245
CodeLoad.CodeLoadJQuery,jsc,26,1,"[""jsc"",""quickjs"",""v8""]",16,1246
CodeLoad.CodeLoadJQuery,quickjs,26,2,"[""jsc"",""quickjs"",""v8""]",16,1247
CodeLoad.CodeLoadJQuery,v8,26,3,"[""jsc"",""quickjs"",""v8""]",16,1248
Splay.Splay,v8,27,1,"[""v8"",""quickjs"",""jsc""]",1,1249
Splay.Splay,quickjs,27,2,"[""v8"",""quickjs"",""jsc""]",1,1250
Splay.Splay,jsc,27,3,"[""v8"",""quickjs"",""jsc""]",1,1251
Crypto.Decrypt,jsc,27,1,"[""jsc"",""v8"",""quickjs""]",2,1252
Crypto.Decrypt,v8,27,2,"[""jsc"",""v8"",""quickjs""]",2,1253
Crypto.Decrypt,quickjs,27,3,"[""jsc"",""v8"",""quickjs""]",2,1254
Richards.Richards,jsc,27,1,"[""jsc"",""quickjs"",""v8""]",3,1255
Richards.Richards,quickjs,27,2,"[""jsc"",""quickjs"",""v8""]",3,1256
Richards.Richards,v8,27,3,"[""jsc"",""quickjs"",""v8""]",3,1257
Typescript.Typescript,jsc,27,1,"[""jsc"",""v8"",""quickjs""]",4,1258
Typescript.Typescript,v8,27,2,"[""jsc"",""v8"",""quickjs""]",4,1259
Typescript.Typescript,quickjs,27,3,"[""jsc"",""v8"",""quickjs""]",4,1260
CodeLoad.CodeLoadJQuery,v8,27,1,"[""v8"",""jsc"",""quickjs""]",5,1261
CodeLoad.CodeLoadJQuery,jsc,27,2,"[""v8"",""jsc"",""quickjs""]",5,1262
CodeLoad.CodeLoadJQuery,quickjs,27,3,"[""v8"",""jsc"",""quickjs""]",5,1263
EarleyBoyer.Boyer,jsc,27,1,"[""jsc"",""quickjs"",""v8""]",6,1264
EarleyBoyer.Boyer,quickjs,27,2,"[""jsc"",""quickjs"",""v8""]",6,1265
EarleyBoyer.Boyer,v8,27,3,"[""jsc"",""quickjs"",""v8""]",6,1266
PdfJS.PdfJS,jsc,27,1,"[""jsc"",""quickjs"",""v8""]",7,1267
PdfJS.PdfJS,quickjs,27,2,"[""jsc"",""quickjs"",""v8""]",7,1268
PdfJS.PdfJS,v8,27,3,"[""jsc"",""quickjs"",""v8""]",7,1269
EarleyBoyer.Earley,v8,27,1,"[""v8"",""quickjs"",""jsc""]",8,1270
EarleyBoyer.Earley,quickjs,27,2,"[""v8"",""quickjs"",""jsc""]",8,1271
EarleyBoyer.Earley,jsc,27,3,"[""v8"",""quickjs"",""jsc""]",8,1272
Mandreel.Mandreel,quickjs,27,1,"[""quickjs"",""v8"",""jsc""]",9,1273
Mandreel.Mandreel,v8,27,2,"[""quickjs"",""v8"",""jsc""]",9,1274
Mandreel.Mandreel,jsc,27,3,"[""quickjs"",""v8"",""jsc""]",9,1275
RayTrace.RayTrace,v8,27,1,"[""v8"",""quickjs"",""jsc""]",10,1276
RayTrace.RayTrace,quickjs,27,2,"[""v8"",""quickjs"",""jsc""]",10,1277
RayTrace.RayTrace,jsc,27,3,"[""v8"",""quickjs"",""jsc""]",10,1278
Crypto.Encrypt,jsc,27,1,"[""jsc"",""v8"",""quickjs""]",11,1279
Crypto.Encrypt,v8,27,2,"[""jsc"",""v8"",""quickjs""]",11,1280
Crypto.Encrypt,quickjs,27,3,"[""jsc"",""v8"",""quickjs""]",11,1281
NavierStokes.NavierStokes,quickjs,27,1,"[""quickjs"",""jsc"",""v8""]",12,1282
NavierStokes.NavierStokes,jsc,27,2,"[""quickjs"",""jsc"",""v8""]",12,1283
NavierStokes.NavierStokes,v8,27,3,"[""quickjs"",""jsc"",""v8""]",12,1284
DeltaBlue.DeltaBlue,jsc,27,1,"[""jsc"",""quickjs"",""v8""]",13,1285
DeltaBlue.DeltaBlue,quickjs,27,2,"[""jsc"",""quickjs"",""v8""]",13,1286
DeltaBlue.DeltaBlue,v8,27,3,"[""jsc"",""quickjs"",""v8""]",13,1287
CodeLoad.CodeLoadClosure,jsc,27,1,"[""jsc"",""v8"",""quickjs""]",14,1288
CodeLoad.CodeLoadClosure,v8,27,2,"[""jsc"",""v8"",""quickjs""]",14,1289
CodeLoad.CodeLoadClosure,quickjs,27,3,"[""jsc"",""v8"",""quickjs""]",14,1290
Gameboy.Gameboy,quickjs,27,1,"[""quickjs"",""jsc"",""v8""]",15,1291
Gameboy.Gameboy,jsc,27,2,"[""quickjs"",""jsc"",""v8""]",15,1292
Gameboy.Gameboy,v8,27,3,"[""quickjs"",""jsc"",""v8""]",15,1293
RegExp.RegExp,jsc,27,1,"[""jsc"",""v8"",""quickjs""]",16,1294
RegExp.RegExp,v8,27,2,"[""jsc"",""v8"",""quickjs""]",16,1295
RegExp.RegExp,quickjs,27,3,"[""jsc"",""v8"",""quickjs""]",16,1296
Mandreel.Mandreel,v8,28,1,"[""v8"",""quickjs"",""jsc""]",1,1297
Mandreel.Mandreel,quickjs,28,2,"[""v8"",""quickjs"",""jsc""]",1,1298
Mandreel.Mandreel,jsc,28,3,"[""v8"",""quickjs"",""jsc""]",1,1299
Richards.Richards,v8,28,1,"[""v8"",""quickjs"",""jsc""]",2,1300
Richards.Richards,quickjs,28,2,"[""v8"",""quickjs"",""jsc""]",2,1301
Richards.Richards,jsc,28,3,"[""v8"",""quickjs"",""jsc""]",2,1302
Splay.Splay,quickjs,28,1,"[""quickjs"",""jsc"",""v8""]",3,1303
Splay.Splay,jsc,28,2,"[""quickjs"",""jsc"",""v8""]",3,1304
Splay.Splay,v8,28,3,"[""quickjs"",""jsc"",""v8""]",3,1305
Gameboy.Gameboy,v8,28,1,"[""v8"",""quickjs"",""jsc""]",4,1306
Gameboy.Gameboy,quickjs,28,2,"[""v8"",""quickjs"",""jsc""]",4,1307
Gameboy.Gameboy,jsc,28,3,"[""v8"",""quickjs"",""jsc""]",4,1308
Crypto.Encrypt,jsc,28,1,"[""jsc"",""quickjs"",""v8""]",5,1309
Crypto.Encrypt,quickjs,28,2,"[""jsc"",""quickjs"",""v8""]",5,1310
Crypto.Encrypt,v8,28,3,"[""jsc"",""quickjs"",""v8""]",5,1311
PdfJS.PdfJS,jsc,28,1,"[""jsc"",""quickjs"",""v8""]",6,1312
PdfJS.PdfJS,quickjs,28,2,"[""jsc"",""quickjs"",""v8""]",6,1313
PdfJS.PdfJS,v8,28,3,"[""jsc"",""quickjs"",""v8""]",6,1314
EarleyBoyer.Boyer,v8,28,1,"[""v8"",""quickjs"",""jsc""]",7,1315
EarleyBoyer.Boyer,quickjs,28,2,"[""v8"",""quickjs"",""jsc""]",7,1316
EarleyBoyer.Boyer,jsc,28,3,"[""v8"",""quickjs"",""jsc""]",7,1317
Crypto.Decrypt,jsc,28,1,"[""jsc"",""quickjs"",""v8""]",8,1318
Crypto.Decrypt,quickjs,28,2,"[""jsc"",""quickjs"",""v8""]",8,1319
Crypto.Decrypt,v8,28,3,"[""jsc"",""quickjs"",""v8""]",8,1320
EarleyBoyer.Earley,jsc,28,1,"[""jsc"",""quickjs"",""v8""]",9,1321
EarleyBoyer.Earley,quickjs,28,2,"[""jsc"",""quickjs"",""v8""]",9,1322
EarleyBoyer.Earley,v8,28,3,"[""jsc"",""quickjs"",""v8""]",9,1323
RayTrace.RayTrace,quickjs,28,1,"[""quickjs"",""v8"",""jsc""]",10,1324
RayTrace.RayTrace,v8,28,2,"[""quickjs"",""v8"",""jsc""]",10,1325
RayTrace.RayTrace,jsc,28,3,"[""quickjs"",""v8"",""jsc""]",10,1326
Typescript.Typescript,quickjs,28,1,"[""quickjs"",""v8"",""jsc""]",11,1327
Typescript.Typescript,v8,28,2,"[""quickjs"",""v8"",""jsc""]",11,1328
Typescript.Typescript,jsc,28,3,"[""quickjs"",""v8"",""jsc""]",11,1329
DeltaBlue.DeltaBlue,v8,28,1,"[""v8"",""jsc"",""quickjs""]",12,1330
DeltaBlue.DeltaBlue,jsc,28,2,"[""v8"",""jsc"",""quickjs""]",12,1331
DeltaBlue.DeltaBlue,quickjs,28,3,"[""v8"",""jsc"",""quickjs""]",12,1332
CodeLoad.CodeLoadClosure,v8,28,1,"[""v8"",""quickjs"",""jsc""]",13,1333
CodeLoad.CodeLoadClosure,quickjs,28,2,"[""v8"",""quickjs"",""jsc""]",13,1334
CodeLoad.CodeLoadClosure,jsc,28,3,"[""v8"",""quickjs"",""jsc""]",13,1335
RegExp.RegExp,quickjs,28,1,"[""quickjs"",""v8"",""jsc""]",14,1336
RegExp.RegExp,v8,28,2,"[""quickjs"",""v8"",""jsc""]",14,1337
RegExp.RegExp,jsc,28,3,"[""quickjs"",""v8"",""jsc""]",14,1338
CodeLoad.CodeLoadJQuery,jsc,28,1,"[""jsc"",""v8"",""quickjs""]",15,1339
CodeLoad.CodeLoadJQuery,v8,28,2,"[""jsc"",""v8"",""quickjs""]",15,1340
CodeLoad.CodeLoadJQuery,quickjs,28,3,"[""jsc"",""v8"",""quickjs""]",15,1341
NavierStokes.NavierStokes,quickjs,28,1,"[""quickjs"",""jsc"",""v8""]",16,1342
NavierStokes.NavierStokes,jsc,28,2,"[""quickjs"",""jsc"",""v8""]",16,1343
NavierStokes.NavierStokes,v8,28,3,"[""quickjs"",""jsc"",""v8""]",16,1344
NavierStokes.NavierStokes,quickjs,29,1,"[""quickjs"",""v8"",""jsc""]",1,1345
NavierStokes.NavierStokes,v8,29,2,"[""quickjs"",""v8"",""jsc""]",1,1346
NavierStokes.NavierStokes,jsc,29,3,"[""quickjs"",""v8"",""jsc""]",1,1347
Typescript.Typescript,quickjs,29,1,"[""quickjs"",""v8"",""jsc""]",2,1348
Typescript.Typescript,v8,29,2,"[""quickjs"",""v8"",""jsc""]",2,1349
Typescript.Typescript,jsc,29,3,"[""quickjs"",""v8"",""jsc""]",2,1350
Crypto.Encrypt,jsc,29,1,"[""jsc"",""v8"",""quickjs""]",3,1351
Crypto.Encrypt,v8,29,2,"[""jsc"",""v8"",""quickjs""]",3,1352
Crypto.Encrypt,quickjs,29,3,"[""jsc"",""v8"",""quickjs""]",3,1353
Mandreel.Mandreel,quickjs,29,1,"[""quickjs"",""v8"",""jsc""]",4,1354
Mandreel.Mandreel,v8,29,2,"[""quickjs"",""v8"",""jsc""]",4,1355
Mandreel.Mandreel,jsc,29,3,"[""quickjs"",""v8"",""jsc""]",4,1356
PdfJS.PdfJS,jsc,29,1,"[""jsc"",""quickjs"",""v8""]",5,1357
PdfJS.PdfJS,quickjs,29,2,"[""jsc"",""quickjs"",""v8""]",5,1358
PdfJS.PdfJS,v8,29,3,"[""jsc"",""quickjs"",""v8""]",5,1359
DeltaBlue.DeltaBlue,quickjs,29,1,"[""quickjs"",""v8"",""jsc""]",6,1360
DeltaBlue.DeltaBlue,v8,29,2,"[""quickjs"",""v8"",""jsc""]",6,1361
DeltaBlue.DeltaBlue,jsc,29,3,"[""quickjs"",""v8"",""jsc""]",6,1362
Gameboy.Gameboy,quickjs,29,1,"[""quickjs"",""v8"",""jsc""]",7,1363
Gameboy.Gameboy,v8,29,2,"[""quickjs"",""v8"",""jsc""]",7,1364
Gameboy.Gameboy,jsc,29,3,"[""quickjs"",""v8"",""jsc""]",7,1365
Richards.Richards,jsc,29,1,"[""jsc"",""v8"",""quickjs""]",8,1366
Richards.Richards,v8,29,2,"[""jsc"",""v8"",""quickjs""]",8,1367
Richards.Richards,quickjs,29,3,"[""jsc"",""v8"",""quickjs""]",8,1368
RayTrace.RayTrace,quickjs,29,1,"[""quickjs"",""jsc"",""v8""]",9,1369
RayTrace.RayTrace,jsc,29,2,"[""quickjs"",""jsc"",""v8""]",9,1370
RayTrace.RayTrace,v8,29,3,"[""quickjs"",""jsc"",""v8""]",9,1371
EarleyBoyer.Boyer,jsc,29,1,"[""jsc"",""v8"",""quickjs""]",10,1372
EarleyBoyer.Boyer,v8,29,2,"[""jsc"",""v8"",""quickjs""]",10,1373
EarleyBoyer.Boyer,quickjs,29,3,"[""jsc"",""v8"",""quickjs""]",10,1374
EarleyBoyer.Earley,quickjs,29,1,"[""quickjs"",""v8"",""jsc""]",11,1375
EarleyBoyer.Earley,v8,29,2,"[""quickjs"",""v8"",""jsc""]",11,1376
EarleyBoyer.Earley,jsc,29,3,"[""quickjs"",""v8"",""jsc""]",11,1377
CodeLoad.CodeLoadJQuery,quickjs,29,1,"[""quickjs"",""jsc"",""v8""]",12,1378
CodeLoad.CodeLoadJQuery,jsc,29,2,"[""quickjs"",""jsc"",""v8""]",12,1379
CodeLoad.CodeLoadJQuery,v8,29,3,"[""quickjs"",""jsc"",""v8""]",12,1380
CodeLoad.CodeLoadClosure,quickjs,29,1,"[""quickjs"",""v8"",""jsc""]",13,1381
CodeLoad.CodeLoadClosure,v8,29,2,"[""quickjs"",""v8"",""jsc""]",13,1382
CodeLoad.CodeLoadClosure,jsc,29,3,"[""quickjs"",""v8"",""jsc""]",13,1383
Splay.Splay,jsc,29,1,"[""jsc"",""v8"",""quickjs""]",14,1384
Splay.Splay,v8,29,2,"[""jsc"",""v8"",""quickjs""]",14,1385
Splay.Splay,quickjs,29,3,"[""jsc"",""v8"",""quickjs""]",14,1386
Crypto.Decrypt,quickjs,29,1,"[""quickjs"",""v8"",""jsc""]",15,1387
Crypto.Decrypt,v8,29,2,"[""quickjs"",""v8"",""jsc""]",15,1388
Crypto.Decrypt,jsc,29,3,"[""quickjs"",""v8"",""jsc""]",15,1389
RegExp.RegExp,v8,29,1,"[""v8"",""jsc"",""quickjs""]",16,1390
RegExp.RegExp,jsc,29,2,"[""v8"",""jsc"",""quickjs""]",16,1391
RegExp.RegExp,quickjs,29,3,"[""v8"",""jsc"",""quickjs""]",16,1392
EarleyBoyer.Earley,quickjs,30,1,"[""quickjs"",""jsc"",""v8""]",1,1393
EarleyBoyer.Earley,jsc,30,2,"[""quickjs"",""jsc"",""v8""]",1,1394
EarleyBoyer.Earley,v8,30,3,"[""quickjs"",""jsc"",""v8""]",1,1395
DeltaBlue.DeltaBlue,v8,30,1,"[""v8"",""quickjs"",""jsc""]",2,1396
DeltaBlue.DeltaBlue,quickjs,30,2,"[""v8"",""quickjs"",""jsc""]",2,1397
DeltaBlue.DeltaBlue,jsc,30,3,"[""v8"",""quickjs"",""jsc""]",2,1398
Crypto.Decrypt,v8,30,1,"[""v8"",""quickjs"",""jsc""]",3,1399
Crypto.Decrypt,quickjs,30,2,"[""v8"",""quickjs"",""jsc""]",3,1400
Crypto.Decrypt,jsc,30,3,"[""v8"",""quickjs"",""jsc""]",3,1401
Mandreel.Mandreel,jsc,30,1,"[""jsc"",""quickjs"",""v8""]",4,1402
Mandreel.Mandreel,quickjs,30,2,"[""jsc"",""quickjs"",""v8""]",4,1403
Mandreel.Mandreel,v8,30,3,"[""jsc"",""quickjs"",""v8""]",4,1404
Gameboy.Gameboy,v8,30,1,"[""v8"",""quickjs"",""jsc""]",5,1405
Gameboy.Gameboy,quickjs,30,2,"[""v8"",""quickjs"",""jsc""]",5,1406
Gameboy.Gameboy,jsc,30,3,"[""v8"",""quickjs"",""jsc""]",5,1407
CodeLoad.CodeLoadClosure,jsc,30,1,"[""jsc"",""v8"",""quickjs""]",6,1408
CodeLoad.CodeLoadClosure,v8,30,2,"[""jsc"",""v8"",""quickjs""]",6,1409
CodeLoad.CodeLoadClosure,quickjs,30,3,"[""jsc"",""v8"",""quickjs""]",6,1410
EarleyBoyer.Boyer,quickjs,30,1,"[""quickjs"",""v8"",""jsc""]",7,1411
EarleyBoyer.Boyer,v8,30,2,"[""quickjs"",""v8"",""jsc""]",7,1412
EarleyBoyer.Boyer,jsc,30,3,"[""quickjs"",""v8"",""jsc""]",7,1413
Typescript.Typescript,jsc,30,1,"[""jsc"",""v8"",""quickjs""]",8,1414
Typescript.Typescript,v8,30,2,"[""jsc"",""v8"",""quickjs""]",8,1415
Typescript.Typescript,quickjs,30,3,"[""jsc"",""v8"",""quickjs""]",8,1416
RegExp.RegExp,quickjs,30,1,"[""quickjs"",""v8"",""jsc""]",9,1417
RegExp.RegExp,v8,30,2,"[""quickjs"",""v8"",""jsc""]",9,1418
RegExp.RegExp,jsc,30,3,"[""quickjs"",""v8"",""jsc""]",9,1419
Crypto.Encrypt,jsc,30,1,"[""jsc"",""quickjs"",""v8""]",10,1420
Crypto.Encrypt,quickjs,30,2,"[""jsc"",""quickjs"",""v8""]",10,1421
Crypto.Encrypt,v8,30,3,"[""jsc"",""quickjs"",""v8""]",10,1422
Richards.Richards,v8,30,1,"[""v8"",""jsc"",""quickjs""]",11,1423
Richards.Richards,jsc,30,2,"[""v8"",""jsc"",""quickjs""]",11,1424
Richards.Richards,quickjs,30,3,"[""v8"",""jsc"",""quickjs""]",11,1425
RayTrace.RayTrace,v8,30,1,"[""v8"",""quickjs"",""jsc""]",12,1426
RayTrace.RayTrace,quickjs,30,2,"[""v8"",""quickjs"",""jsc""]",12,1427
RayTrace.RayTrace,jsc,30,3,"[""v8"",""quickjs"",""jsc""]",12,1428
Splay.Splay,jsc,30,1,"[""jsc"",""quickjs"",""v8""]",13,1429
Splay.Splay,quickjs,30,2,"[""jsc"",""quickjs"",""v8""]",13,1430
Splay.Splay,v8,30,3,"[""jsc"",""quickjs"",""v8""]",13,1431
PdfJS.PdfJS,v8,30,1,"[""v8"",""jsc"",""quickjs""]",14,1432
PdfJS.PdfJS,jsc,30,2,"[""v8"",""jsc"",""quickjs""]",14,1433
PdfJS.PdfJS,quickjs,30,3,"[""v8"",""jsc"",""quickjs""]",14,1434
NavierStokes.NavierStokes,jsc,30,1,"[""jsc"",""v8"",""quickjs""]",15,1435
NavierStokes.NavierStokes,v8,30,2,"[""jsc"",""v8"",""quickjs""]",15,1436
NavierStokes.NavierStokes,quickjs,30,3,"[""jsc"",""v8"",""quickjs""]",15,1437
CodeLoad.CodeLoadJQuery,quickjs,30,1,"[""quickjs"",""v8"",""jsc""]",16,1438
CodeLoad.CodeLoadJQuery,v8,30,2,"[""quickjs"",""v8"",""jsc""]",16,1439
CodeLoad.CodeLoadJQuery,jsc,30,3,"[""quickjs"",""v8"",""jsc""]",16,1440
